{
  "type": "FeatureCollection",
  "features": [
    {
      "type": "Feature",
      "id": "jazz-0001",
      "geometry": {
        "type": "Point",
        "coordinates": [
          73.07526,
          31.41332,
          0
        ]
      },
      "properties": {
        "site_uid": "jazz-0001",
        "provider": "Jazz",
        "source_index": 1,
        "site_name_source": "FSD7646",
        "display_name": "FSD7646",
        "city_source": "",
        "geometry_type": "Point",
        "record_kind": "provider_published_5g_site",
        "is_named": true,
        "duplicate_coordinate_group": "",
        "source_dataset": "Jazz official 5G KML point placemarks",
        "source_url": "https://jazz.com.pk/KML_Coverage_map/5G_Active_Sites_with_Overlay.kml",
        "retrieved_at": "2026-08-07",
        "accuracy_note": "Exact coordinate value published in the provider KML; not independently surveyed.",
        "altitude_m": 0
      }
    },
    {
      "type": "Feature",
      "id": "jazz-0002",
      "geometry": {
        "type": "Point",
        "coordinates": [
          73.06567,
          31.42409,
          0
        ]
      },
      "properties": {
        "site_uid": "jazz-0002",
        "provider": "Jazz",
        "source_index": 2,
        "site_name_source": "FSD3222",
        "display_name": "FSD3222",
        "city_source": "",
        "geometry_type": "Point",
        "record_kind": "provider_published_5g_site",
        "is_named": true,
        "duplicate_coordinate_group": "",
        "source_dataset": "Jazz official 5G KML point placemarks",
        "source_url": "https://jazz.com.pk/KML_Coverage_map/5G_Active_Sites_with_Overlay.kml",
        "retrieved_at": "2026-08-07",
        "accuracy_note": "Exact coordinate value published in the provider KML; not independently surveyed.",
        "altitude_m": 0
      }
    },
    {
      "type": "Feature",
      "id": "jazz-0003",
      "geometry": {
        "type": "Point",
        "coordinates": [
          73.05952,
          31.42646,
          0
        ]
      },
      "properties": {
        "site_uid": "jazz-0003",
        "provider": "Jazz",
        "source_index": 3,
        "site_name_source": "FSD0314",
        "display_name": "FSD0314",
        "city_source": "",
        "geometry_type": "Point",
        "record_kind": "provider_published_5g_site",
        "is_named": true,
        "duplicate_coordinate_group": "",
        "source_dataset": "Jazz official 5G KML point placemarks",
        "source_url": "https://jazz.com.pk/KML_Coverage_map/5G_Active_Sites_with_Overlay.kml",
        "retrieved_at": "2026-08-07",
        "accuracy_note": "Exact coordinate value published in the provider KML; not independently surveyed.",
        "altitude_m": 0
      }
    },
    {
      "type": "Feature",
      "id": "jazz-0004",
      "geometry": {
        "type": "Point",
        "coordinates": [
          73.06332,
          31.41854,
          0
        ]
      },
      "properties": {
        "site_uid": "jazz-0004",
        "provider": "Jazz",
        "source_index": 4,
        "site_name_source": "FSD2799",
        "display_name": "FSD2799",
        "city_source": "",
        "geometry_type": "Point",
        "record_kind": "provider_published_5g_site",
        "is_named": true,
        "duplicate_coordinate_group": "",
        "source_dataset": "Jazz official 5G KML point placemarks",
        "source_url": "https://jazz.com.pk/KML_Coverage_map/5G_Active_Sites_with_Overlay.kml",
        "retrieved_at": "2026-08-07",
        "accuracy_note": "Exact coordinate value published in the provider KML; not independently surveyed.",
        "altitude_m": 0
      }
    },
    {
      "type": "Feature",
      "id": "jazz-0005",
      "geometry": {
        "type": "Point",
        "coordinates": [
          73.06886,
          31.41114,
          0
        ]
      },
      "properties": {
        "site_uid": "jazz-0005",
        "provider": "Jazz",
        "source_index": 5,
        "site_name_source": "FSD7185",
        "display_name": "FSD7185",
        "city_source": "",
        "geometry_type": "Point",
        "record_kind": "provider_published_5g_site",
        "is_named": true,
        "duplicate_coordinate_group": "",
        "source_dataset": "Jazz official 5G KML point placemarks",
        "source_url": "https://jazz.com.pk/KML_Coverage_map/5G_Active_Sites_with_Overlay.kml",
        "retrieved_at": "2026-08-07",
        "accuracy_note": "Exact coordinate value published in the provider KML; not independently surveyed.",
        "altitude_m": 0
      }
    },
    {
      "type": "Feature",
      "id": "jazz-0006",
      "geometry": {
        "type": "Point",
        "coordinates": [
          73.06282,
          31.42559,
          0
        ]
      },
      "properties": {
        "site_uid": "jazz-0006",
        "provider": "Jazz",
        "source_index": 6,
        "site_name_source": "FSD8492",
        "display_name": "FSD8492",
        "city_source": "",
        "geometry_type": "Point",
        "record_kind": "provider_published_5g_site",
        "is_named": true,
        "duplicate_coordinate_group": "",
        "source_dataset": "Jazz official 5G KML point placemarks",
        "source_url": "https://jazz.com.pk/KML_Coverage_map/5G_Active_Sites_with_Overlay.kml",
        "retrieved_at": "2026-08-07",
        "accuracy_note": "Exact coordinate value published in the provider KML; not independently surveyed.",
        "altitude_m": 0
      }
    },
    {
      "type": "Feature",
      "id": "jazz-0007",
      "geometry": {
        "type": "Point",
        "coordinates": [
          73.10933,
          31.41765,
          0
        ]
      },
      "properties": {
        "site_uid": "jazz-0007",
        "provider": "Jazz",
        "source_index": 7,
        "site_name_source": "FSD7957",
        "display_name": "FSD7957",
        "city_source": "",
        "geometry_type": "Point",
        "record_kind": "provider_published_5g_site",
        "is_named": true,
        "duplicate_coordinate_group": "",
        "source_dataset": "Jazz official 5G KML point placemarks",
        "source_url": "https://jazz.com.pk/KML_Coverage_map/5G_Active_Sites_with_Overlay.kml",
        "retrieved_at": "2026-08-07",
        "accuracy_note": "Exact coordinate value published in the provider KML; not independently surveyed.",
        "altitude_m": 0
      }
    },
    {
      "type": "Feature",
      "id": "jazz-0008",
      "geometry": {
        "type": "Point",
        "coordinates": [
          73.1197,
          31.4243,
          0
        ]
      },
      "properties": {
        "site_uid": "jazz-0008",
        "provider": "Jazz",
        "source_index": 8,
        "site_name_source": "FSD0047",
        "display_name": "FSD0047",
        "city_source": "",
        "geometry_type": "Point",
        "record_kind": "provider_published_5g_site",
        "is_named": true,
        "duplicate_coordinate_group": "",
        "source_dataset": "Jazz official 5G KML point placemarks",
        "source_url": "https://jazz.com.pk/KML_Coverage_map/5G_Active_Sites_with_Overlay.kml",
        "retrieved_at": "2026-08-07",
        "accuracy_note": "Exact coordinate value published in the provider KML; not independently surveyed.",
        "altitude_m": 0
      }
    },
    {
      "type": "Feature",
      "id": "jazz-0009",
      "geometry": {
        "type": "Point",
        "coordinates": [
          73.12284,
          31.41605,
          0
        ]
      },
      "properties": {
        "site_uid": "jazz-0009",
        "provider": "Jazz",
        "source_index": 9,
        "site_name_source": "FSD1962",
        "display_name": "FSD1962",
        "city_source": "",
        "geometry_type": "Point",
        "record_kind": "provider_published_5g_site",
        "is_named": true,
        "duplicate_coordinate_group": "",
        "source_dataset": "Jazz official 5G KML point placemarks",
        "source_url": "https://jazz.com.pk/KML_Coverage_map/5G_Active_Sites_with_Overlay.kml",
        "retrieved_at": "2026-08-07",
        "accuracy_note": "Exact coordinate value published in the provider KML; not independently surveyed.",
        "altitude_m": 0
      }
    },
    {
      "type": "Feature",
      "id": "jazz-0010",
      "geometry": {
        "type": "Point",
        "coordinates": [
          73.11764,
          31.41992,
          0
        ]
      },
      "properties": {
        "site_uid": "jazz-0010",
        "provider": "Jazz",
        "source_index": 10,
        "site_name_source": "FSD3203",
        "display_name": "FSD3203",
        "city_source": "",
        "geometry_type": "Point",
        "record_kind": "provider_published_5g_site",
        "is_named": true,
        "duplicate_coordinate_group": "",
        "source_dataset": "Jazz official 5G KML point placemarks",
        "source_url": "https://jazz.com.pk/KML_Coverage_map/5G_Active_Sites_with_Overlay.kml",
        "retrieved_at": "2026-08-07",
        "accuracy_note": "Exact coordinate value published in the provider KML; not independently surveyed.",
        "altitude_m": 0
      }
    },
    {
      "type": "Feature",
      "id": "jazz-0011",
      "geometry": {
        "type": "Point",
        "coordinates": [
          73.11115,
          31.40976,
          0
        ]
      },
      "properties": {
        "site_uid": "jazz-0011",
        "provider": "Jazz",
        "source_index": 11,
        "site_name_source": "FSD2133",
        "display_name": "FSD2133",
        "city_source": "",
        "geometry_type": "Point",
        "record_kind": "provider_published_5g_site",
        "is_named": true,
        "duplicate_coordinate_group": "",
        "source_dataset": "Jazz official 5G KML point placemarks",
        "source_url": "https://jazz.com.pk/KML_Coverage_map/5G_Active_Sites_with_Overlay.kml",
        "retrieved_at": "2026-08-07",
        "accuracy_note": "Exact coordinate value published in the provider KML; not independently surveyed.",
        "altitude_m": 0
      }
    },
    {
      "type": "Feature",
      "id": "jazz-0012",
      "geometry": {
        "type": "Point",
        "coordinates": [
          73.115321,
          31.401203,
          0
        ]
      },
      "properties": {
        "site_uid": "jazz-0012",
        "provider": "Jazz",
        "source_index": 12,
        "site_name_source": "FSD2328",
        "display_name": "FSD2328",
        "city_source": "",
        "geometry_type": "Point",
        "record_kind": "provider_published_5g_site",
        "is_named": true,
        "duplicate_coordinate_group": "",
        "source_dataset": "Jazz official 5G KML point placemarks",
        "source_url": "https://jazz.com.pk/KML_Coverage_map/5G_Active_Sites_with_Overlay.kml",
        "retrieved_at": "2026-08-07",
        "accuracy_note": "Exact coordinate value published in the provider KML; not independently surveyed.",
        "altitude_m": 0
      }
    },
    {
      "type": "Feature",
      "id": "jazz-0013",
      "geometry": {
        "type": "Point",
        "coordinates": [
          73.106134,
          31.388048,
          0
        ]
      },
      "properties": {
        "site_uid": "jazz-0013",
        "provider": "Jazz",
        "source_index": 13,
        "site_name_source": "FSD1904",
        "display_name": "FSD1904",
        "city_source": "",
        "geometry_type": "Point",
        "record_kind": "provider_published_5g_site",
        "is_named": true,
        "duplicate_coordinate_group": "",
        "source_dataset": "Jazz official 5G KML point placemarks",
        "source_url": "https://jazz.com.pk/KML_Coverage_map/5G_Active_Sites_with_Overlay.kml",
        "retrieved_at": "2026-08-07",
        "accuracy_note": "Exact coordinate value published in the provider KML; not independently surveyed.",
        "altitude_m": 0
      }
    },
    {
      "type": "Feature",
      "id": "jazz-0014",
      "geometry": {
        "type": "Point",
        "coordinates": [
          73.10393,
          31.4163,
          0
        ]
      },
      "properties": {
        "site_uid": "jazz-0014",
        "provider": "Jazz",
        "source_index": 14,
        "site_name_source": "FSD2497",
        "display_name": "FSD2497",
        "city_source": "",
        "geometry_type": "Point",
        "record_kind": "provider_published_5g_site",
        "is_named": true,
        "duplicate_coordinate_group": "",
        "source_dataset": "Jazz official 5G KML point placemarks",
        "source_url": "https://jazz.com.pk/KML_Coverage_map/5G_Active_Sites_with_Overlay.kml",
        "retrieved_at": "2026-08-07",
        "accuracy_note": "Exact coordinate value published in the provider KML; not independently surveyed.",
        "altitude_m": 0
      }
    },
    {
      "type": "Feature",
      "id": "jazz-0015",
      "geometry": {
        "type": "Point",
        "coordinates": [
          73.10021,
          31.41415,
          0
        ]
      },
      "properties": {
        "site_uid": "jazz-0015",
        "provider": "Jazz",
        "source_index": 15,
        "site_name_source": "FSD3288",
        "display_name": "FSD3288",
        "city_source": "",
        "geometry_type": "Point",
        "record_kind": "provider_published_5g_site",
        "is_named": true,
        "duplicate_coordinate_group": "",
        "source_dataset": "Jazz official 5G KML point placemarks",
        "source_url": "https://jazz.com.pk/KML_Coverage_map/5G_Active_Sites_with_Overlay.kml",
        "retrieved_at": "2026-08-07",
        "accuracy_note": "Exact coordinate value published in the provider KML; not independently surveyed.",
        "altitude_m": 0
      }
    },
    {
      "type": "Feature",
      "id": "jazz-0016",
      "geometry": {
        "type": "Point",
        "coordinates": [
          73.0834,
          31.40888,
          0
        ]
      },
      "properties": {
        "site_uid": "jazz-0016",
        "provider": "Jazz",
        "source_index": 16,
        "site_name_source": "FSD2413",
        "display_name": "FSD2413",
        "city_source": "",
        "geometry_type": "Point",
        "record_kind": "provider_published_5g_site",
        "is_named": true,
        "duplicate_coordinate_group": "",
        "source_dataset": "Jazz official 5G KML point placemarks",
        "source_url": "https://jazz.com.pk/KML_Coverage_map/5G_Active_Sites_with_Overlay.kml",
        "retrieved_at": "2026-08-07",
        "accuracy_note": "Exact coordinate value published in the provider KML; not independently surveyed.",
        "altitude_m": 0
      }
    },
    {
      "type": "Feature",
      "id": "jazz-0017",
      "geometry": {
        "type": "Point",
        "coordinates": [
          73.07838,
          31.40472,
          0
        ]
      },
      "properties": {
        "site_uid": "jazz-0017",
        "provider": "Jazz",
        "source_index": 17,
        "site_name_source": "FSD2421",
        "display_name": "FSD2421",
        "city_source": "",
        "geometry_type": "Point",
        "record_kind": "provider_published_5g_site",
        "is_named": true,
        "duplicate_coordinate_group": "",
        "source_dataset": "Jazz official 5G KML point placemarks",
        "source_url": "https://jazz.com.pk/KML_Coverage_map/5G_Active_Sites_with_Overlay.kml",
        "retrieved_at": "2026-08-07",
        "accuracy_note": "Exact coordinate value published in the provider KML; not independently surveyed.",
        "altitude_m": 0
      }
    },
    {
      "type": "Feature",
      "id": "jazz-0018",
      "geometry": {
        "type": "Point",
        "coordinates": [
          73.08384,
          31.42912,
          0
        ]
      },
      "properties": {
        "site_uid": "jazz-0018",
        "provider": "Jazz",
        "source_index": 18,
        "site_name_source": "FSD7369",
        "display_name": "FSD7369",
        "city_source": "",
        "geometry_type": "Point",
        "record_kind": "provider_published_5g_site",
        "is_named": true,
        "duplicate_coordinate_group": "",
        "source_dataset": "Jazz official 5G KML point placemarks",
        "source_url": "https://jazz.com.pk/KML_Coverage_map/5G_Active_Sites_with_Overlay.kml",
        "retrieved_at": "2026-08-07",
        "accuracy_note": "Exact coordinate value published in the provider KML; not independently surveyed.",
        "altitude_m": 0
      }
    },
    {
      "type": "Feature",
      "id": "jazz-0019",
      "geometry": {
        "type": "Point",
        "coordinates": [
          73.08748,
          31.40957,
          0
        ]
      },
      "properties": {
        "site_uid": "jazz-0019",
        "provider": "Jazz",
        "source_index": 19,
        "site_name_source": "FSD3082",
        "display_name": "FSD3082",
        "city_source": "",
        "geometry_type": "Point",
        "record_kind": "provider_published_5g_site",
        "is_named": true,
        "duplicate_coordinate_group": "",
        "source_dataset": "Jazz official 5G KML point placemarks",
        "source_url": "https://jazz.com.pk/KML_Coverage_map/5G_Active_Sites_with_Overlay.kml",
        "retrieved_at": "2026-08-07",
        "accuracy_note": "Exact coordinate value published in the provider KML; not independently surveyed.",
        "altitude_m": 0
      }
    },
    {
      "type": "Feature",
      "id": "jazz-0020",
      "geometry": {
        "type": "Point",
        "coordinates": [
          73.09802,
          31.42648,
          0
        ]
      },
      "properties": {
        "site_uid": "jazz-0020",
        "provider": "Jazz",
        "source_index": 20,
        "site_name_source": "FSD8034",
        "display_name": "FSD8034",
        "city_source": "",
        "geometry_type": "Point",
        "record_kind": "provider_published_5g_site",
        "is_named": true,
        "duplicate_coordinate_group": "",
        "source_dataset": "Jazz official 5G KML point placemarks",
        "source_url": "https://jazz.com.pk/KML_Coverage_map/5G_Active_Sites_with_Overlay.kml",
        "retrieved_at": "2026-08-07",
        "accuracy_note": "Exact coordinate value published in the provider KML; not independently surveyed.",
        "altitude_m": 0
      }
    },
    {
      "type": "Feature",
      "id": "jazz-0021",
      "geometry": {
        "type": "Point",
        "coordinates": [
          73.078108,
          31.40819,
          0
        ]
      },
      "properties": {
        "site_uid": "jazz-0021",
        "provider": "Jazz",
        "source_index": 21,
        "site_name_source": "FSD2416",
        "display_name": "FSD2416",
        "city_source": "",
        "geometry_type": "Point",
        "record_kind": "provider_published_5g_site",
        "is_named": true,
        "duplicate_coordinate_group": "",
        "source_dataset": "Jazz official 5G KML point placemarks",
        "source_url": "https://jazz.com.pk/KML_Coverage_map/5G_Active_Sites_with_Overlay.kml",
        "retrieved_at": "2026-08-07",
        "accuracy_note": "Exact coordinate value published in the provider KML; not independently surveyed.",
        "altitude_m": 0
      }
    },
    {
      "type": "Feature",
      "id": "jazz-0022",
      "geometry": {
        "type": "Point",
        "coordinates": [
          73.1016,
          31.40294,
          0
        ]
      },
      "properties": {
        "site_uid": "jazz-0022",
        "provider": "Jazz",
        "source_index": 22,
        "site_name_source": "FSD8939",
        "display_name": "FSD8939",
        "city_source": "",
        "geometry_type": "Point",
        "record_kind": "provider_published_5g_site",
        "is_named": true,
        "duplicate_coordinate_group": "",
        "source_dataset": "Jazz official 5G KML point placemarks",
        "source_url": "https://jazz.com.pk/KML_Coverage_map/5G_Active_Sites_with_Overlay.kml",
        "retrieved_at": "2026-08-07",
        "accuracy_note": "Exact coordinate value published in the provider KML; not independently surveyed.",
        "altitude_m": 0
      }
    },
    {
      "type": "Feature",
      "id": "jazz-0023",
      "geometry": {
        "type": "Point",
        "coordinates": [
          73.1045,
          31.398,
          0
        ]
      },
      "properties": {
        "site_uid": "jazz-0023",
        "provider": "Jazz",
        "source_index": 23,
        "site_name_source": "FSD0763",
        "display_name": "FSD0763",
        "city_source": "",
        "geometry_type": "Point",
        "record_kind": "provider_published_5g_site",
        "is_named": true,
        "duplicate_coordinate_group": "",
        "source_dataset": "Jazz official 5G KML point placemarks",
        "source_url": "https://jazz.com.pk/KML_Coverage_map/5G_Active_Sites_with_Overlay.kml",
        "retrieved_at": "2026-08-07",
        "accuracy_note": "Exact coordinate value published in the provider KML; not independently surveyed.",
        "altitude_m": 0
      }
    },
    {
      "type": "Feature",
      "id": "jazz-0024",
      "geometry": {
        "type": "Point",
        "coordinates": [
          73.08661,
          31.39708,
          0
        ]
      },
      "properties": {
        "site_uid": "jazz-0024",
        "provider": "Jazz",
        "source_index": 24,
        "site_name_source": "FSD2280",
        "display_name": "FSD2280",
        "city_source": "",
        "geometry_type": "Point",
        "record_kind": "provider_published_5g_site",
        "is_named": true,
        "duplicate_coordinate_group": "",
        "source_dataset": "Jazz official 5G KML point placemarks",
        "source_url": "https://jazz.com.pk/KML_Coverage_map/5G_Active_Sites_with_Overlay.kml",
        "retrieved_at": "2026-08-07",
        "accuracy_note": "Exact coordinate value published in the provider KML; not independently surveyed.",
        "altitude_m": 0
      }
    },
    {
      "type": "Feature",
      "id": "jazz-0025",
      "geometry": {
        "type": "Point",
        "coordinates": [
          73.10478,
          31.41117,
          0
        ]
      },
      "properties": {
        "site_uid": "jazz-0025",
        "provider": "Jazz",
        "source_index": 25,
        "site_name_source": "FSD7958",
        "display_name": "FSD7958",
        "city_source": "",
        "geometry_type": "Point",
        "record_kind": "provider_published_5g_site",
        "is_named": true,
        "duplicate_coordinate_group": "",
        "source_dataset": "Jazz official 5G KML point placemarks",
        "source_url": "https://jazz.com.pk/KML_Coverage_map/5G_Active_Sites_with_Overlay.kml",
        "retrieved_at": "2026-08-07",
        "accuracy_note": "Exact coordinate value published in the provider KML; not independently surveyed.",
        "altitude_m": 0
      }
    },
    {
      "type": "Feature",
      "id": "jazz-0026",
      "geometry": {
        "type": "Point",
        "coordinates": [
          73.09036,
          31.40145,
          0
        ]
      },
      "properties": {
        "site_uid": "jazz-0026",
        "provider": "Jazz",
        "source_index": 26,
        "site_name_source": "FSD0720",
        "display_name": "FSD0720",
        "city_source": "",
        "geometry_type": "Point",
        "record_kind": "provider_published_5g_site",
        "is_named": true,
        "duplicate_coordinate_group": "",
        "source_dataset": "Jazz official 5G KML point placemarks",
        "source_url": "https://jazz.com.pk/KML_Coverage_map/5G_Active_Sites_with_Overlay.kml",
        "retrieved_at": "2026-08-07",
        "accuracy_note": "Exact coordinate value published in the provider KML; not independently surveyed.",
        "altitude_m": 0
      }
    },
    {
      "type": "Feature",
      "id": "jazz-0027",
      "geometry": {
        "type": "Point",
        "coordinates": [
          73.10843,
          31.40272,
          0
        ]
      },
      "properties": {
        "site_uid": "jazz-0027",
        "provider": "Jazz",
        "source_index": 27,
        "site_name_source": "FSD7946",
        "display_name": "FSD7946",
        "city_source": "",
        "geometry_type": "Point",
        "record_kind": "provider_published_5g_site",
        "is_named": true,
        "duplicate_coordinate_group": "",
        "source_dataset": "Jazz official 5G KML point placemarks",
        "source_url": "https://jazz.com.pk/KML_Coverage_map/5G_Active_Sites_with_Overlay.kml",
        "retrieved_at": "2026-08-07",
        "accuracy_note": "Exact coordinate value published in the provider KML; not independently surveyed.",
        "altitude_m": 0
      }
    },
    {
      "type": "Feature",
      "id": "jazz-0028",
      "geometry": {
        "type": "Point",
        "coordinates": [
          73.098365,
          31.401147,
          0
        ]
      },
      "properties": {
        "site_uid": "jazz-0028",
        "provider": "Jazz",
        "source_index": 28,
        "site_name_source": "FSD3275",
        "display_name": "FSD3275",
        "city_source": "",
        "geometry_type": "Point",
        "record_kind": "provider_published_5g_site",
        "is_named": true,
        "duplicate_coordinate_group": "",
        "source_dataset": "Jazz official 5G KML point placemarks",
        "source_url": "https://jazz.com.pk/KML_Coverage_map/5G_Active_Sites_with_Overlay.kml",
        "retrieved_at": "2026-08-07",
        "accuracy_note": "Exact coordinate value published in the provider KML; not independently surveyed.",
        "altitude_m": 0
      }
    },
    {
      "type": "Feature",
      "id": "jazz-0029",
      "geometry": {
        "type": "Point",
        "coordinates": [
          73.10949,
          31.39308,
          0
        ]
      },
      "properties": {
        "site_uid": "jazz-0029",
        "provider": "Jazz",
        "source_index": 29,
        "site_name_source": "FSD2229",
        "display_name": "FSD2229",
        "city_source": "",
        "geometry_type": "Point",
        "record_kind": "provider_published_5g_site",
        "is_named": true,
        "duplicate_coordinate_group": "",
        "source_dataset": "Jazz official 5G KML point placemarks",
        "source_url": "https://jazz.com.pk/KML_Coverage_map/5G_Active_Sites_with_Overlay.kml",
        "retrieved_at": "2026-08-07",
        "accuracy_note": "Exact coordinate value published in the provider KML; not independently surveyed.",
        "altitude_m": 0
      }
    },
    {
      "type": "Feature",
      "id": "jazz-0030",
      "geometry": {
        "type": "Point",
        "coordinates": [
          73.1013,
          31.39588,
          0
        ]
      },
      "properties": {
        "site_uid": "jazz-0030",
        "provider": "Jazz",
        "source_index": 30,
        "site_name_source": "FSD1877",
        "display_name": "FSD1877",
        "city_source": "",
        "geometry_type": "Point",
        "record_kind": "provider_published_5g_site",
        "is_named": true,
        "duplicate_coordinate_group": "",
        "source_dataset": "Jazz official 5G KML point placemarks",
        "source_url": "https://jazz.com.pk/KML_Coverage_map/5G_Active_Sites_with_Overlay.kml",
        "retrieved_at": "2026-08-07",
        "accuracy_note": "Exact coordinate value published in the provider KML; not independently surveyed.",
        "altitude_m": 0
      }
    },
    {
      "type": "Feature",
      "id": "jazz-0031",
      "geometry": {
        "type": "Point",
        "coordinates": [
          73.082334,
          31.39999,
          0
        ]
      },
      "properties": {
        "site_uid": "jazz-0031",
        "provider": "Jazz",
        "source_index": 31,
        "site_name_source": "FSD2607",
        "display_name": "FSD2607",
        "city_source": "",
        "geometry_type": "Point",
        "record_kind": "provider_published_5g_site",
        "is_named": true,
        "duplicate_coordinate_group": "",
        "source_dataset": "Jazz official 5G KML point placemarks",
        "source_url": "https://jazz.com.pk/KML_Coverage_map/5G_Active_Sites_with_Overlay.kml",
        "retrieved_at": "2026-08-07",
        "accuracy_note": "Exact coordinate value published in the provider KML; not independently surveyed.",
        "altitude_m": 0
      }
    },
    {
      "type": "Feature",
      "id": "jazz-0032",
      "geometry": {
        "type": "Point",
        "coordinates": [
          73.08844,
          31.39207,
          0
        ]
      },
      "properties": {
        "site_uid": "jazz-0032",
        "provider": "Jazz",
        "source_index": 32,
        "site_name_source": "FSD0301",
        "display_name": "FSD0301",
        "city_source": "",
        "geometry_type": "Point",
        "record_kind": "provider_published_5g_site",
        "is_named": true,
        "duplicate_coordinate_group": "",
        "source_dataset": "Jazz official 5G KML point placemarks",
        "source_url": "https://jazz.com.pk/KML_Coverage_map/5G_Active_Sites_with_Overlay.kml",
        "retrieved_at": "2026-08-07",
        "accuracy_note": "Exact coordinate value published in the provider KML; not independently surveyed.",
        "altitude_m": 0
      }
    },
    {
      "type": "Feature",
      "id": "jazz-0033",
      "geometry": {
        "type": "Point",
        "coordinates": [
          73.10363,
          31.40858,
          0
        ]
      },
      "properties": {
        "site_uid": "jazz-0033",
        "provider": "Jazz",
        "source_index": 33,
        "site_name_source": "FSD2572",
        "display_name": "FSD2572",
        "city_source": "",
        "geometry_type": "Point",
        "record_kind": "provider_published_5g_site",
        "is_named": true,
        "duplicate_coordinate_group": "",
        "source_dataset": "Jazz official 5G KML point placemarks",
        "source_url": "https://jazz.com.pk/KML_Coverage_map/5G_Active_Sites_with_Overlay.kml",
        "retrieved_at": "2026-08-07",
        "accuracy_note": "Exact coordinate value published in the provider KML; not independently surveyed.",
        "altitude_m": 0
      }
    },
    {
      "type": "Feature",
      "id": "jazz-0034",
      "geometry": {
        "type": "Point",
        "coordinates": [
          73.09723,
          31.39181,
          0
        ]
      },
      "properties": {
        "site_uid": "jazz-0034",
        "provider": "Jazz",
        "source_index": 34,
        "site_name_source": "FSD4135",
        "display_name": "FSD4135",
        "city_source": "",
        "geometry_type": "Point",
        "record_kind": "provider_published_5g_site",
        "is_named": true,
        "duplicate_coordinate_group": "",
        "source_dataset": "Jazz official 5G KML point placemarks",
        "source_url": "https://jazz.com.pk/KML_Coverage_map/5G_Active_Sites_with_Overlay.kml",
        "retrieved_at": "2026-08-07",
        "accuracy_note": "Exact coordinate value published in the provider KML; not independently surveyed.",
        "altitude_m": 0
      }
    },
    {
      "type": "Feature",
      "id": "jazz-0035",
      "geometry": {
        "type": "Point",
        "coordinates": [
          73.10178,
          31.38898,
          0
        ]
      },
      "properties": {
        "site_uid": "jazz-0035",
        "provider": "Jazz",
        "source_index": 35,
        "site_name_source": "FSD1905",
        "display_name": "FSD1905",
        "city_source": "",
        "geometry_type": "Point",
        "record_kind": "provider_published_5g_site",
        "is_named": true,
        "duplicate_coordinate_group": "",
        "source_dataset": "Jazz official 5G KML point placemarks",
        "source_url": "https://jazz.com.pk/KML_Coverage_map/5G_Active_Sites_with_Overlay.kml",
        "retrieved_at": "2026-08-07",
        "accuracy_note": "Exact coordinate value published in the provider KML; not independently surveyed.",
        "altitude_m": 0
      }
    },
    {
      "type": "Feature",
      "id": "jazz-0036",
      "geometry": {
        "type": "Point",
        "coordinates": [
          73.1058,
          31.39172,
          0
        ]
      },
      "properties": {
        "site_uid": "jazz-0036",
        "provider": "Jazz",
        "source_index": 36,
        "site_name_source": "FSD2228",
        "display_name": "FSD2228",
        "city_source": "",
        "geometry_type": "Point",
        "record_kind": "provider_published_5g_site",
        "is_named": true,
        "duplicate_coordinate_group": "",
        "source_dataset": "Jazz official 5G KML point placemarks",
        "source_url": "https://jazz.com.pk/KML_Coverage_map/5G_Active_Sites_with_Overlay.kml",
        "retrieved_at": "2026-08-07",
        "accuracy_note": "Exact coordinate value published in the provider KML; not independently surveyed.",
        "altitude_m": 0
      }
    },
    {
      "type": "Feature",
      "id": "jazz-0037",
      "geometry": {
        "type": "Point",
        "coordinates": [
          73.08665,
          31.3896,
          0
        ]
      },
      "properties": {
        "site_uid": "jazz-0037",
        "provider": "Jazz",
        "source_index": 37,
        "site_name_source": "FSD3304",
        "display_name": "FSD3304",
        "city_source": "",
        "geometry_type": "Point",
        "record_kind": "provider_published_5g_site",
        "is_named": true,
        "duplicate_coordinate_group": "",
        "source_dataset": "Jazz official 5G KML point placemarks",
        "source_url": "https://jazz.com.pk/KML_Coverage_map/5G_Active_Sites_with_Overlay.kml",
        "retrieved_at": "2026-08-07",
        "accuracy_note": "Exact coordinate value published in the provider KML; not independently surveyed.",
        "altitude_m": 0
      }
    },
    {
      "type": "Feature",
      "id": "jazz-0038",
      "geometry": {
        "type": "Point",
        "coordinates": [
          73.081482,
          31.416422,
          0
        ]
      },
      "properties": {
        "site_uid": "jazz-0038",
        "provider": "Jazz",
        "source_index": 38,
        "site_name_source": "FSD2697",
        "display_name": "FSD2697",
        "city_source": "",
        "geometry_type": "Point",
        "record_kind": "provider_published_5g_site",
        "is_named": true,
        "duplicate_coordinate_group": "",
        "source_dataset": "Jazz official 5G KML point placemarks",
        "source_url": "https://jazz.com.pk/KML_Coverage_map/5G_Active_Sites_with_Overlay.kml",
        "retrieved_at": "2026-08-07",
        "accuracy_note": "Exact coordinate value published in the provider KML; not independently surveyed.",
        "altitude_m": 0
      }
    },
    {
      "type": "Feature",
      "id": "jazz-0039",
      "geometry": {
        "type": "Point",
        "coordinates": [
          73.07565,
          31.41947,
          0
        ]
      },
      "properties": {
        "site_uid": "jazz-0039",
        "provider": "Jazz",
        "source_index": 39,
        "site_name_source": "FSD3204",
        "display_name": "FSD3204",
        "city_source": "",
        "geometry_type": "Point",
        "record_kind": "provider_published_5g_site",
        "is_named": true,
        "duplicate_coordinate_group": "",
        "source_dataset": "Jazz official 5G KML point placemarks",
        "source_url": "https://jazz.com.pk/KML_Coverage_map/5G_Active_Sites_with_Overlay.kml",
        "retrieved_at": "2026-08-07",
        "accuracy_note": "Exact coordinate value published in the provider KML; not independently surveyed.",
        "altitude_m": 0
      }
    },
    {
      "type": "Feature",
      "id": "jazz-0040",
      "geometry": {
        "type": "Point",
        "coordinates": [
          73.0781,
          31.4167,
          0
        ]
      },
      "properties": {
        "site_uid": "jazz-0040",
        "provider": "Jazz",
        "source_index": 40,
        "site_name_source": "FSD0413",
        "display_name": "FSD0413",
        "city_source": "",
        "geometry_type": "Point",
        "record_kind": "provider_published_5g_site",
        "is_named": true,
        "duplicate_coordinate_group": "",
        "source_dataset": "Jazz official 5G KML point placemarks",
        "source_url": "https://jazz.com.pk/KML_Coverage_map/5G_Active_Sites_with_Overlay.kml",
        "retrieved_at": "2026-08-07",
        "accuracy_note": "Exact coordinate value published in the provider KML; not independently surveyed.",
        "altitude_m": 0
      }
    },
    {
      "type": "Feature",
      "id": "jazz-0041",
      "geometry": {
        "type": "Point",
        "coordinates": [
          73.07886,
          31.42151,
          0
        ]
      },
      "properties": {
        "site_uid": "jazz-0041",
        "provider": "Jazz",
        "source_index": 41,
        "site_name_source": "FSD0285",
        "display_name": "FSD0285",
        "city_source": "",
        "geometry_type": "Point",
        "record_kind": "provider_published_5g_site",
        "is_named": true,
        "duplicate_coordinate_group": "",
        "source_dataset": "Jazz official 5G KML point placemarks",
        "source_url": "https://jazz.com.pk/KML_Coverage_map/5G_Active_Sites_with_Overlay.kml",
        "retrieved_at": "2026-08-07",
        "accuracy_note": "Exact coordinate value published in the provider KML; not independently surveyed.",
        "altitude_m": 0
      }
    },
    {
      "type": "Feature",
      "id": "jazz-0042",
      "geometry": {
        "type": "Point",
        "coordinates": [
          74.147188,
          32.228662,
          0
        ]
      },
      "properties": {
        "site_uid": "jazz-0042",
        "provider": "Jazz",
        "source_index": 42,
        "site_name_source": "GUJ5467",
        "display_name": "GUJ5467",
        "city_source": "",
        "geometry_type": "Point",
        "record_kind": "provider_published_5g_site",
        "is_named": true,
        "duplicate_coordinate_group": "",
        "source_dataset": "Jazz official 5G KML point placemarks",
        "source_url": "https://jazz.com.pk/KML_Coverage_map/5G_Active_Sites_with_Overlay.kml",
        "retrieved_at": "2026-08-07",
        "accuracy_note": "Exact coordinate value published in the provider KML; not independently surveyed.",
        "altitude_m": 0
      }
    },
    {
      "type": "Feature",
      "id": "jazz-0043",
      "geometry": {
        "type": "Point",
        "coordinates": [
          74.16888,
          32.22618,
          0
        ]
      },
      "properties": {
        "site_uid": "jazz-0043",
        "provider": "Jazz",
        "source_index": 43,
        "site_name_source": "GUJ9509",
        "display_name": "GUJ9509",
        "city_source": "",
        "geometry_type": "Point",
        "record_kind": "provider_published_5g_site",
        "is_named": true,
        "duplicate_coordinate_group": "",
        "source_dataset": "Jazz official 5G KML point placemarks",
        "source_url": "https://jazz.com.pk/KML_Coverage_map/5G_Active_Sites_with_Overlay.kml",
        "retrieved_at": "2026-08-07",
        "accuracy_note": "Exact coordinate value published in the provider KML; not independently surveyed.",
        "altitude_m": 0
      }
    },
    {
      "type": "Feature",
      "id": "jazz-0044",
      "geometry": {
        "type": "Point",
        "coordinates": [
          74.18849,
          32.15759,
          0
        ]
      },
      "properties": {
        "site_uid": "jazz-0044",
        "provider": "Jazz",
        "source_index": 44,
        "site_name_source": "GUJ5105",
        "display_name": "GUJ5105",
        "city_source": "",
        "geometry_type": "Point",
        "record_kind": "provider_published_5g_site",
        "is_named": true,
        "duplicate_coordinate_group": "",
        "source_dataset": "Jazz official 5G KML point placemarks",
        "source_url": "https://jazz.com.pk/KML_Coverage_map/5G_Active_Sites_with_Overlay.kml",
        "retrieved_at": "2026-08-07",
        "accuracy_note": "Exact coordinate value published in the provider KML; not independently surveyed.",
        "altitude_m": 0
      }
    },
    {
      "type": "Feature",
      "id": "jazz-0045",
      "geometry": {
        "type": "Point",
        "coordinates": [
          74.195,
          32.1727,
          0
        ]
      },
      "properties": {
        "site_uid": "jazz-0045",
        "provider": "Jazz",
        "source_index": 45,
        "site_name_source": "GUJ3339",
        "display_name": "GUJ3339",
        "city_source": "",
        "geometry_type": "Point",
        "record_kind": "provider_published_5g_site",
        "is_named": true,
        "duplicate_coordinate_group": "",
        "source_dataset": "Jazz official 5G KML point placemarks",
        "source_url": "https://jazz.com.pk/KML_Coverage_map/5G_Active_Sites_with_Overlay.kml",
        "retrieved_at": "2026-08-07",
        "accuracy_note": "Exact coordinate value published in the provider KML; not independently surveyed.",
        "altitude_m": 0
      }
    },
    {
      "type": "Feature",
      "id": "jazz-0046",
      "geometry": {
        "type": "Point",
        "coordinates": [
          74.19,
          32.155,
          0
        ]
      },
      "properties": {
        "site_uid": "jazz-0046",
        "provider": "Jazz",
        "source_index": 46,
        "site_name_source": "GUJ0410",
        "display_name": "GUJ0410",
        "city_source": "",
        "geometry_type": "Point",
        "record_kind": "provider_published_5g_site",
        "is_named": true,
        "duplicate_coordinate_group": "",
        "source_dataset": "Jazz official 5G KML point placemarks",
        "source_url": "https://jazz.com.pk/KML_Coverage_map/5G_Active_Sites_with_Overlay.kml",
        "retrieved_at": "2026-08-07",
        "accuracy_note": "Exact coordinate value published in the provider KML; not independently surveyed.",
        "altitude_m": 0
      }
    },
    {
      "type": "Feature",
      "id": "jazz-0047",
      "geometry": {
        "type": "Point",
        "coordinates": [
          74.18547,
          32.15597,
          0
        ]
      },
      "properties": {
        "site_uid": "jazz-0047",
        "provider": "Jazz",
        "source_index": 47,
        "site_name_source": "GUJ9427",
        "display_name": "GUJ9427",
        "city_source": "",
        "geometry_type": "Point",
        "record_kind": "provider_published_5g_site",
        "is_named": true,
        "duplicate_coordinate_group": "",
        "source_dataset": "Jazz official 5G KML point placemarks",
        "source_url": "https://jazz.com.pk/KML_Coverage_map/5G_Active_Sites_with_Overlay.kml",
        "retrieved_at": "2026-08-07",
        "accuracy_note": "Exact coordinate value published in the provider KML; not independently surveyed.",
        "altitude_m": 0
      }
    },
    {
      "type": "Feature",
      "id": "jazz-0048",
      "geometry": {
        "type": "Point",
        "coordinates": [
          74.196,
          32.1501,
          0
        ]
      },
      "properties": {
        "site_uid": "jazz-0048",
        "provider": "Jazz",
        "source_index": 48,
        "site_name_source": "GUJ3348",
        "display_name": "GUJ3348",
        "city_source": "",
        "geometry_type": "Point",
        "record_kind": "provider_published_5g_site",
        "is_named": true,
        "duplicate_coordinate_group": "",
        "source_dataset": "Jazz official 5G KML point placemarks",
        "source_url": "https://jazz.com.pk/KML_Coverage_map/5G_Active_Sites_with_Overlay.kml",
        "retrieved_at": "2026-08-07",
        "accuracy_note": "Exact coordinate value published in the provider KML; not independently surveyed.",
        "altitude_m": 0
      }
    },
    {
      "type": "Feature",
      "id": "jazz-0049",
      "geometry": {
        "type": "Point",
        "coordinates": [
          74.1884,
          32.1772,
          0
        ]
      },
      "properties": {
        "site_uid": "jazz-0049",
        "provider": "Jazz",
        "source_index": 49,
        "site_name_source": "GUJ3306",
        "display_name": "GUJ3306",
        "city_source": "",
        "geometry_type": "Point",
        "record_kind": "provider_published_5g_site",
        "is_named": true,
        "duplicate_coordinate_group": "",
        "source_dataset": "Jazz official 5G KML point placemarks",
        "source_url": "https://jazz.com.pk/KML_Coverage_map/5G_Active_Sites_with_Overlay.kml",
        "retrieved_at": "2026-08-07",
        "accuracy_note": "Exact coordinate value published in the provider KML; not independently surveyed.",
        "altitude_m": 0
      }
    },
    {
      "type": "Feature",
      "id": "jazz-0050",
      "geometry": {
        "type": "Point",
        "coordinates": [
          74.185982,
          32.15799,
          0
        ]
      },
      "properties": {
        "site_uid": "jazz-0050",
        "provider": "Jazz",
        "source_index": 50,
        "site_name_source": "GUJ6120",
        "display_name": "GUJ6120",
        "city_source": "",
        "geometry_type": "Point",
        "record_kind": "provider_published_5g_site",
        "is_named": true,
        "duplicate_coordinate_group": "",
        "source_dataset": "Jazz official 5G KML point placemarks",
        "source_url": "https://jazz.com.pk/KML_Coverage_map/5G_Active_Sites_with_Overlay.kml",
        "retrieved_at": "2026-08-07",
        "accuracy_note": "Exact coordinate value published in the provider KML; not independently surveyed.",
        "altitude_m": 0
      }
    },
    {
      "type": "Feature",
      "id": "jazz-0051",
      "geometry": {
        "type": "Point",
        "coordinates": [
          74.18781,
          32.16192,
          0
        ]
      },
      "properties": {
        "site_uid": "jazz-0051",
        "provider": "Jazz",
        "source_index": 51,
        "site_name_source": "GUJ9425",
        "display_name": "GUJ9425",
        "city_source": "",
        "geometry_type": "Point",
        "record_kind": "provider_published_5g_site",
        "is_named": true,
        "duplicate_coordinate_group": "",
        "source_dataset": "Jazz official 5G KML point placemarks",
        "source_url": "https://jazz.com.pk/KML_Coverage_map/5G_Active_Sites_with_Overlay.kml",
        "retrieved_at": "2026-08-07",
        "accuracy_note": "Exact coordinate value published in the provider KML; not independently surveyed.",
        "altitude_m": 0
      }
    },
    {
      "type": "Feature",
      "id": "jazz-0052",
      "geometry": {
        "type": "Point",
        "coordinates": [
          74.18848,
          32.14551,
          0
        ]
      },
      "properties": {
        "site_uid": "jazz-0052",
        "provider": "Jazz",
        "source_index": 52,
        "site_name_source": "GUJ9409",
        "display_name": "GUJ9409",
        "city_source": "",
        "geometry_type": "Point",
        "record_kind": "provider_published_5g_site",
        "is_named": true,
        "duplicate_coordinate_group": "",
        "source_dataset": "Jazz official 5G KML point placemarks",
        "source_url": "https://jazz.com.pk/KML_Coverage_map/5G_Active_Sites_with_Overlay.kml",
        "retrieved_at": "2026-08-07",
        "accuracy_note": "Exact coordinate value published in the provider KML; not independently surveyed.",
        "altitude_m": 0
      }
    },
    {
      "type": "Feature",
      "id": "jazz-0053",
      "geometry": {
        "type": "Point",
        "coordinates": [
          74.1853,
          32.1612,
          0
        ]
      },
      "properties": {
        "site_uid": "jazz-0053",
        "provider": "Jazz",
        "source_index": 53,
        "site_name_source": "GUJ3340",
        "display_name": "GUJ3340",
        "city_source": "",
        "geometry_type": "Point",
        "record_kind": "provider_published_5g_site",
        "is_named": true,
        "duplicate_coordinate_group": "",
        "source_dataset": "Jazz official 5G KML point placemarks",
        "source_url": "https://jazz.com.pk/KML_Coverage_map/5G_Active_Sites_with_Overlay.kml",
        "retrieved_at": "2026-08-07",
        "accuracy_note": "Exact coordinate value published in the provider KML; not independently surveyed.",
        "altitude_m": 0
      }
    },
    {
      "type": "Feature",
      "id": "jazz-0054",
      "geometry": {
        "type": "Point",
        "coordinates": [
          73.06021,
          31.42422,
          0
        ]
      },
      "properties": {
        "site_uid": "jazz-0054",
        "provider": "Jazz",
        "source_index": 54,
        "site_name_source": "FSD2708",
        "display_name": "FSD2708",
        "city_source": "",
        "geometry_type": "Point",
        "record_kind": "provider_published_5g_site",
        "is_named": true,
        "duplicate_coordinate_group": "",
        "source_dataset": "Jazz official 5G KML point placemarks",
        "source_url": "https://jazz.com.pk/KML_Coverage_map/5G_Active_Sites_with_Overlay.kml",
        "retrieved_at": "2026-08-07",
        "accuracy_note": "Exact coordinate value published in the provider KML; not independently surveyed.",
        "altitude_m": 0
      }
    },
    {
      "type": "Feature",
      "id": "jazz-0055",
      "geometry": {
        "type": "Point",
        "coordinates": [
          74.18212,
          32.15062,
          0
        ]
      },
      "properties": {
        "site_uid": "jazz-0055",
        "provider": "Jazz",
        "source_index": 55,
        "site_name_source": "GUJ9451",
        "display_name": "GUJ9451",
        "city_source": "",
        "geometry_type": "Point",
        "record_kind": "provider_published_5g_site",
        "is_named": true,
        "duplicate_coordinate_group": "",
        "source_dataset": "Jazz official 5G KML point placemarks",
        "source_url": "https://jazz.com.pk/KML_Coverage_map/5G_Active_Sites_with_Overlay.kml",
        "retrieved_at": "2026-08-07",
        "accuracy_note": "Exact coordinate value published in the provider KML; not independently surveyed.",
        "altitude_m": 0
      }
    },
    {
      "type": "Feature",
      "id": "jazz-0056",
      "geometry": {
        "type": "Point",
        "coordinates": [
          74.18258,
          32.15753,
          0
        ]
      },
      "properties": {
        "site_uid": "jazz-0056",
        "provider": "Jazz",
        "source_index": 56,
        "site_name_source": "GUJ9949",
        "display_name": "GUJ9949",
        "city_source": "",
        "geometry_type": "Point",
        "record_kind": "provider_published_5g_site",
        "is_named": true,
        "duplicate_coordinate_group": "",
        "source_dataset": "Jazz official 5G KML point placemarks",
        "source_url": "https://jazz.com.pk/KML_Coverage_map/5G_Active_Sites_with_Overlay.kml",
        "retrieved_at": "2026-08-07",
        "accuracy_note": "Exact coordinate value published in the provider KML; not independently surveyed.",
        "altitude_m": 0
      }
    },
    {
      "type": "Feature",
      "id": "jazz-0057",
      "geometry": {
        "type": "Point",
        "coordinates": [
          73.0069,
          33.6986,
          0
        ]
      },
      "properties": {
        "site_uid": "jazz-0057",
        "provider": "Jazz",
        "source_index": 57,
        "site_name_source": "ISB0338",
        "display_name": "ISB0338",
        "city_source": "",
        "geometry_type": "Point",
        "record_kind": "provider_published_5g_site",
        "is_named": true,
        "duplicate_coordinate_group": "",
        "source_dataset": "Jazz official 5G KML point placemarks",
        "source_url": "https://jazz.com.pk/KML_Coverage_map/5G_Active_Sites_with_Overlay.kml",
        "retrieved_at": "2026-08-07",
        "accuracy_note": "Exact coordinate value published in the provider KML; not independently surveyed.",
        "altitude_m": 0
      }
    },
    {
      "type": "Feature",
      "id": "jazz-0058",
      "geometry": {
        "type": "Point",
        "coordinates": [
          73.0057,
          33.6867,
          0
        ]
      },
      "properties": {
        "site_uid": "jazz-0058",
        "provider": "Jazz",
        "source_index": 58,
        "site_name_source": "ISB0329",
        "display_name": "ISB0329",
        "city_source": "",
        "geometry_type": "Point",
        "record_kind": "provider_published_5g_site",
        "is_named": true,
        "duplicate_coordinate_group": "",
        "source_dataset": "Jazz official 5G KML point placemarks",
        "source_url": "https://jazz.com.pk/KML_Coverage_map/5G_Active_Sites_with_Overlay.kml",
        "retrieved_at": "2026-08-07",
        "accuracy_note": "Exact coordinate value published in the provider KML; not independently surveyed.",
        "altitude_m": 0
      }
    },
    {
      "type": "Feature",
      "id": "jazz-0059",
      "geometry": {
        "type": "Point",
        "coordinates": [
          72.9872,
          33.6887,
          0
        ]
      },
      "properties": {
        "site_uid": "jazz-0059",
        "provider": "Jazz",
        "source_index": 59,
        "site_name_source": "ISB1141",
        "display_name": "ISB1141",
        "city_source": "",
        "geometry_type": "Point",
        "record_kind": "provider_published_5g_site",
        "is_named": true,
        "duplicate_coordinate_group": "",
        "source_dataset": "Jazz official 5G KML point placemarks",
        "source_url": "https://jazz.com.pk/KML_Coverage_map/5G_Active_Sites_with_Overlay.kml",
        "retrieved_at": "2026-08-07",
        "accuracy_note": "Exact coordinate value published in the provider KML; not independently surveyed.",
        "altitude_m": 0
      }
    },
    {
      "type": "Feature",
      "id": "jazz-0060",
      "geometry": {
        "type": "Point",
        "coordinates": [
          73.0103,
          33.6995,
          0
        ]
      },
      "properties": {
        "site_uid": "jazz-0060",
        "provider": "Jazz",
        "source_index": 60,
        "site_name_source": "ISB0013",
        "display_name": "ISB0013",
        "city_source": "",
        "geometry_type": "Point",
        "record_kind": "provider_published_5g_site",
        "is_named": true,
        "duplicate_coordinate_group": "",
        "source_dataset": "Jazz official 5G KML point placemarks",
        "source_url": "https://jazz.com.pk/KML_Coverage_map/5G_Active_Sites_with_Overlay.kml",
        "retrieved_at": "2026-08-07",
        "accuracy_note": "Exact coordinate value published in the provider KML; not independently surveyed.",
        "altitude_m": 0
      }
    },
    {
      "type": "Feature",
      "id": "jazz-0061",
      "geometry": {
        "type": "Point",
        "coordinates": [
          72.9994,
          33.6948,
          0
        ]
      },
      "properties": {
        "site_uid": "jazz-0061",
        "provider": "Jazz",
        "source_index": 61,
        "site_name_source": "ISB0617",
        "display_name": "ISB0617",
        "city_source": "",
        "geometry_type": "Point",
        "record_kind": "provider_published_5g_site",
        "is_named": true,
        "duplicate_coordinate_group": "",
        "source_dataset": "Jazz official 5G KML point placemarks",
        "source_url": "https://jazz.com.pk/KML_Coverage_map/5G_Active_Sites_with_Overlay.kml",
        "retrieved_at": "2026-08-07",
        "accuracy_note": "Exact coordinate value published in the provider KML; not independently surveyed.",
        "altitude_m": 0
      }
    },
    {
      "type": "Feature",
      "id": "jazz-0062",
      "geometry": {
        "type": "Point",
        "coordinates": [
          73.0441,
          33.7166,
          0
        ]
      },
      "properties": {
        "site_uid": "jazz-0062",
        "provider": "Jazz",
        "source_index": 62,
        "site_name_source": "ISB1183",
        "display_name": "ISB1183",
        "city_source": "",
        "geometry_type": "Point",
        "record_kind": "provider_published_5g_site",
        "is_named": true,
        "duplicate_coordinate_group": "",
        "source_dataset": "Jazz official 5G KML point placemarks",
        "source_url": "https://jazz.com.pk/KML_Coverage_map/5G_Active_Sites_with_Overlay.kml",
        "retrieved_at": "2026-08-07",
        "accuracy_note": "Exact coordinate value published in the provider KML; not independently surveyed.",
        "altitude_m": 0
      }
    },
    {
      "type": "Feature",
      "id": "jazz-0063",
      "geometry": {
        "type": "Point",
        "coordinates": [
          73.0296,
          33.7101,
          0
        ]
      },
      "properties": {
        "site_uid": "jazz-0063",
        "provider": "Jazz",
        "source_index": 63,
        "site_name_source": "ISB1222",
        "display_name": "ISB1222",
        "city_source": "",
        "geometry_type": "Point",
        "record_kind": "provider_published_5g_site",
        "is_named": true,
        "duplicate_coordinate_group": "",
        "source_dataset": "Jazz official 5G KML point placemarks",
        "source_url": "https://jazz.com.pk/KML_Coverage_map/5G_Active_Sites_with_Overlay.kml",
        "retrieved_at": "2026-08-07",
        "accuracy_note": "Exact coordinate value published in the provider KML; not independently surveyed.",
        "altitude_m": 0
      }
    },
    {
      "type": "Feature",
      "id": "jazz-0064",
      "geometry": {
        "type": "Point",
        "coordinates": [
          73.0586,
          33.6928,
          0
        ]
      },
      "properties": {
        "site_uid": "jazz-0064",
        "provider": "Jazz",
        "source_index": 64,
        "site_name_source": "ISB3656",
        "display_name": "ISB3656",
        "city_source": "",
        "geometry_type": "Point",
        "record_kind": "provider_published_5g_site",
        "is_named": true,
        "duplicate_coordinate_group": "",
        "source_dataset": "Jazz official 5G KML point placemarks",
        "source_url": "https://jazz.com.pk/KML_Coverage_map/5G_Active_Sites_with_Overlay.kml",
        "retrieved_at": "2026-08-07",
        "accuracy_note": "Exact coordinate value published in the provider KML; not independently surveyed.",
        "altitude_m": 0
      }
    },
    {
      "type": "Feature",
      "id": "jazz-0065",
      "geometry": {
        "type": "Point",
        "coordinates": [
          73.0414,
          33.6968,
          0
        ]
      },
      "properties": {
        "site_uid": "jazz-0065",
        "provider": "Jazz",
        "source_index": 65,
        "site_name_source": "ISB1466",
        "display_name": "ISB1466",
        "city_source": "",
        "geometry_type": "Point",
        "record_kind": "provider_published_5g_site",
        "is_named": true,
        "duplicate_coordinate_group": "",
        "source_dataset": "Jazz official 5G KML point placemarks",
        "source_url": "https://jazz.com.pk/KML_Coverage_map/5G_Active_Sites_with_Overlay.kml",
        "retrieved_at": "2026-08-07",
        "accuracy_note": "Exact coordinate value published in the provider KML; not independently surveyed.",
        "altitude_m": 0
      }
    },
    {
      "type": "Feature",
      "id": "jazz-0066",
      "geometry": {
        "type": "Point",
        "coordinates": [
          73.0525,
          33.703,
          0
        ]
      },
      "properties": {
        "site_uid": "jazz-0066",
        "provider": "Jazz",
        "source_index": 66,
        "site_name_source": "ISB0477",
        "display_name": "ISB0477",
        "city_source": "",
        "geometry_type": "Point",
        "record_kind": "provider_published_5g_site",
        "is_named": true,
        "duplicate_coordinate_group": "",
        "source_dataset": "Jazz official 5G KML point placemarks",
        "source_url": "https://jazz.com.pk/KML_Coverage_map/5G_Active_Sites_with_Overlay.kml",
        "retrieved_at": "2026-08-07",
        "accuracy_note": "Exact coordinate value published in the provider KML; not independently surveyed.",
        "altitude_m": 0
      }
    },
    {
      "type": "Feature",
      "id": "jazz-0067",
      "geometry": {
        "type": "Point",
        "coordinates": [
          73.037,
          33.7035,
          0
        ]
      },
      "properties": {
        "site_uid": "jazz-0067",
        "provider": "Jazz",
        "source_index": 67,
        "site_name_source": "ISB3658",
        "display_name": "ISB3658",
        "city_source": "",
        "geometry_type": "Point",
        "record_kind": "provider_published_5g_site",
        "is_named": true,
        "duplicate_coordinate_group": "",
        "source_dataset": "Jazz official 5G KML point placemarks",
        "source_url": "https://jazz.com.pk/KML_Coverage_map/5G_Active_Sites_with_Overlay.kml",
        "retrieved_at": "2026-08-07",
        "accuracy_note": "Exact coordinate value published in the provider KML; not independently surveyed.",
        "altitude_m": 0
      }
    },
    {
      "type": "Feature",
      "id": "jazz-0068",
      "geometry": {
        "type": "Point",
        "coordinates": [
          73.0504,
          33.6877,
          0
        ]
      },
      "properties": {
        "site_uid": "jazz-0068",
        "provider": "Jazz",
        "source_index": 68,
        "site_name_source": "ISB0104",
        "display_name": "ISB0104",
        "city_source": "",
        "geometry_type": "Point",
        "record_kind": "provider_published_5g_site",
        "is_named": true,
        "duplicate_coordinate_group": "",
        "source_dataset": "Jazz official 5G KML point placemarks",
        "source_url": "https://jazz.com.pk/KML_Coverage_map/5G_Active_Sites_with_Overlay.kml",
        "retrieved_at": "2026-08-07",
        "accuracy_note": "Exact coordinate value published in the provider KML; not independently surveyed.",
        "altitude_m": 0
      }
    },
    {
      "type": "Feature",
      "id": "jazz-0069",
      "geometry": {
        "type": "Point",
        "coordinates": [
          73.0384,
          33.6921,
          0
        ]
      },
      "properties": {
        "site_uid": "jazz-0069",
        "provider": "Jazz",
        "source_index": 69,
        "site_name_source": "ISB8487",
        "display_name": "ISB8487",
        "city_source": "",
        "geometry_type": "Point",
        "record_kind": "provider_published_5g_site",
        "is_named": true,
        "duplicate_coordinate_group": "",
        "source_dataset": "Jazz official 5G KML point placemarks",
        "source_url": "https://jazz.com.pk/KML_Coverage_map/5G_Active_Sites_with_Overlay.kml",
        "retrieved_at": "2026-08-07",
        "accuracy_note": "Exact coordinate value published in the provider KML; not independently surveyed.",
        "altitude_m": 0
      }
    },
    {
      "type": "Feature",
      "id": "jazz-0070",
      "geometry": {
        "type": "Point",
        "coordinates": [
          73.0445,
          33.7104,
          0
        ]
      },
      "properties": {
        "site_uid": "jazz-0070",
        "provider": "Jazz",
        "source_index": 70,
        "site_name_source": "ISB1016",
        "display_name": "ISB1016",
        "city_source": "",
        "geometry_type": "Point",
        "record_kind": "provider_published_5g_site",
        "is_named": true,
        "duplicate_coordinate_group": "",
        "source_dataset": "Jazz official 5G KML point placemarks",
        "source_url": "https://jazz.com.pk/KML_Coverage_map/5G_Active_Sites_with_Overlay.kml",
        "retrieved_at": "2026-08-07",
        "accuracy_note": "Exact coordinate value published in the provider KML; not independently surveyed.",
        "altitude_m": 0
      }
    },
    {
      "type": "Feature",
      "id": "jazz-0071",
      "geometry": {
        "type": "Point",
        "coordinates": [
          73.0571,
          33.6948,
          0
        ]
      },
      "properties": {
        "site_uid": "jazz-0071",
        "provider": "Jazz",
        "source_index": 71,
        "site_name_source": "ISB1166",
        "display_name": "ISB1166",
        "city_source": "",
        "geometry_type": "Point",
        "record_kind": "provider_published_5g_site",
        "is_named": true,
        "duplicate_coordinate_group": "",
        "source_dataset": "Jazz official 5G KML point placemarks",
        "source_url": "https://jazz.com.pk/KML_Coverage_map/5G_Active_Sites_with_Overlay.kml",
        "retrieved_at": "2026-08-07",
        "accuracy_note": "Exact coordinate value published in the provider KML; not independently surveyed.",
        "altitude_m": 0
      }
    },
    {
      "type": "Feature",
      "id": "jazz-0072",
      "geometry": {
        "type": "Point",
        "coordinates": [
          73.0452,
          33.6933,
          0
        ]
      },
      "properties": {
        "site_uid": "jazz-0072",
        "provider": "Jazz",
        "source_index": 72,
        "site_name_source": "ISB1181",
        "display_name": "ISB1181",
        "city_source": "",
        "geometry_type": "Point",
        "record_kind": "provider_published_5g_site",
        "is_named": true,
        "duplicate_coordinate_group": "",
        "source_dataset": "Jazz official 5G KML point placemarks",
        "source_url": "https://jazz.com.pk/KML_Coverage_map/5G_Active_Sites_with_Overlay.kml",
        "retrieved_at": "2026-08-07",
        "accuracy_note": "Exact coordinate value published in the provider KML; not independently surveyed.",
        "altitude_m": 0
      }
    },
    {
      "type": "Feature",
      "id": "jazz-0073",
      "geometry": {
        "type": "Point",
        "coordinates": [
          73.0371,
          33.7064,
          0
        ]
      },
      "properties": {
        "site_uid": "jazz-0073",
        "provider": "Jazz",
        "source_index": 73,
        "site_name_source": "ISB0597",
        "display_name": "ISB0597",
        "city_source": "",
        "geometry_type": "Point",
        "record_kind": "provider_published_5g_site",
        "is_named": true,
        "duplicate_coordinate_group": "",
        "source_dataset": "Jazz official 5G KML point placemarks",
        "source_url": "https://jazz.com.pk/KML_Coverage_map/5G_Active_Sites_with_Overlay.kml",
        "retrieved_at": "2026-08-07",
        "accuracy_note": "Exact coordinate value published in the provider KML; not independently surveyed.",
        "altitude_m": 0
      }
    },
    {
      "type": "Feature",
      "id": "jazz-0074",
      "geometry": {
        "type": "Point",
        "coordinates": [
          73.0229,
          33.6879,
          0
        ]
      },
      "properties": {
        "site_uid": "jazz-0074",
        "provider": "Jazz",
        "source_index": 74,
        "site_name_source": "ISB1168",
        "display_name": "ISB1168",
        "city_source": "",
        "geometry_type": "Point",
        "record_kind": "provider_published_5g_site",
        "is_named": true,
        "duplicate_coordinate_group": "",
        "source_dataset": "Jazz official 5G KML point placemarks",
        "source_url": "https://jazz.com.pk/KML_Coverage_map/5G_Active_Sites_with_Overlay.kml",
        "retrieved_at": "2026-08-07",
        "accuracy_note": "Exact coordinate value published in the provider KML; not independently surveyed.",
        "altitude_m": 0
      }
    },
    {
      "type": "Feature",
      "id": "jazz-0075",
      "geometry": {
        "type": "Point",
        "coordinates": [
          73.0556,
          33.7091,
          0
        ]
      },
      "properties": {
        "site_uid": "jazz-0075",
        "provider": "Jazz",
        "source_index": 75,
        "site_name_source": "ISB0648",
        "display_name": "ISB0648",
        "city_source": "",
        "geometry_type": "Point",
        "record_kind": "provider_published_5g_site",
        "is_named": true,
        "duplicate_coordinate_group": "",
        "source_dataset": "Jazz official 5G KML point placemarks",
        "source_url": "https://jazz.com.pk/KML_Coverage_map/5G_Active_Sites_with_Overlay.kml",
        "retrieved_at": "2026-08-07",
        "accuracy_note": "Exact coordinate value published in the provider KML; not independently surveyed.",
        "altitude_m": 0
      }
    },
    {
      "type": "Feature",
      "id": "jazz-0076",
      "geometry": {
        "type": "Point",
        "coordinates": [
          73.0703,
          33.7241,
          0
        ]
      },
      "properties": {
        "site_uid": "jazz-0076",
        "provider": "Jazz",
        "source_index": 76,
        "site_name_source": "ISB3627",
        "display_name": "ISB3627",
        "city_source": "",
        "geometry_type": "Point",
        "record_kind": "provider_published_5g_site",
        "is_named": true,
        "duplicate_coordinate_group": "",
        "source_dataset": "Jazz official 5G KML point placemarks",
        "source_url": "https://jazz.com.pk/KML_Coverage_map/5G_Active_Sites_with_Overlay.kml",
        "retrieved_at": "2026-08-07",
        "accuracy_note": "Exact coordinate value published in the provider KML; not independently surveyed.",
        "altitude_m": 0
      }
    },
    {
      "type": "Feature",
      "id": "jazz-0077",
      "geometry": {
        "type": "Point",
        "coordinates": [
          73.062,
          33.712,
          0
        ]
      },
      "properties": {
        "site_uid": "jazz-0077",
        "provider": "Jazz",
        "source_index": 77,
        "site_name_source": "ISB0149",
        "display_name": "ISB0149",
        "city_source": "",
        "geometry_type": "Point",
        "record_kind": "provider_published_5g_site",
        "is_named": true,
        "duplicate_coordinate_group": "",
        "source_dataset": "Jazz official 5G KML point placemarks",
        "source_url": "https://jazz.com.pk/KML_Coverage_map/5G_Active_Sites_with_Overlay.kml",
        "retrieved_at": "2026-08-07",
        "accuracy_note": "Exact coordinate value published in the provider KML; not independently surveyed.",
        "altitude_m": 0
      }
    },
    {
      "type": "Feature",
      "id": "jazz-0078",
      "geometry": {
        "type": "Point",
        "coordinates": [
          73.0635,
          33.7175,
          0
        ]
      },
      "properties": {
        "site_uid": "jazz-0078",
        "provider": "Jazz",
        "source_index": 78,
        "site_name_source": "ISB1167",
        "display_name": "ISB1167",
        "city_source": "",
        "geometry_type": "Point",
        "record_kind": "provider_published_5g_site",
        "is_named": true,
        "duplicate_coordinate_group": "",
        "source_dataset": "Jazz official 5G KML point placemarks",
        "source_url": "https://jazz.com.pk/KML_Coverage_map/5G_Active_Sites_with_Overlay.kml",
        "retrieved_at": "2026-08-07",
        "accuracy_note": "Exact coordinate value published in the provider KML; not independently surveyed.",
        "altitude_m": 0
      }
    },
    {
      "type": "Feature",
      "id": "jazz-0079",
      "geometry": {
        "type": "Point",
        "coordinates": [
          73.0599,
          33.72235,
          0
        ]
      },
      "properties": {
        "site_uid": "jazz-0079",
        "provider": "Jazz",
        "source_index": 79,
        "site_name_source": "ISB4995",
        "display_name": "ISB4995",
        "city_source": "",
        "geometry_type": "Point",
        "record_kind": "provider_published_5g_site",
        "is_named": true,
        "duplicate_coordinate_group": "",
        "source_dataset": "Jazz official 5G KML point placemarks",
        "source_url": "https://jazz.com.pk/KML_Coverage_map/5G_Active_Sites_with_Overlay.kml",
        "retrieved_at": "2026-08-07",
        "accuracy_note": "Exact coordinate value published in the provider KML; not independently surveyed.",
        "altitude_m": 0
      }
    },
    {
      "type": "Feature",
      "id": "jazz-0080",
      "geometry": {
        "type": "Point",
        "coordinates": [
          73.0588,
          33.7059,
          0
        ]
      },
      "properties": {
        "site_uid": "jazz-0080",
        "provider": "Jazz",
        "source_index": 80,
        "site_name_source": "ISB1170",
        "display_name": "ISB1170",
        "city_source": "",
        "geometry_type": "Point",
        "record_kind": "provider_published_5g_site",
        "is_named": true,
        "duplicate_coordinate_group": "",
        "source_dataset": "Jazz official 5G KML point placemarks",
        "source_url": "https://jazz.com.pk/KML_Coverage_map/5G_Active_Sites_with_Overlay.kml",
        "retrieved_at": "2026-08-07",
        "accuracy_note": "Exact coordinate value published in the provider KML; not independently surveyed.",
        "altitude_m": 0
      }
    },
    {
      "type": "Feature",
      "id": "jazz-0081",
      "geometry": {
        "type": "Point",
        "coordinates": [
          73.0595,
          33.7289,
          0
        ]
      },
      "properties": {
        "site_uid": "jazz-0081",
        "provider": "Jazz",
        "source_index": 81,
        "site_name_source": "ISB1177",
        "display_name": "ISB1177",
        "city_source": "",
        "geometry_type": "Point",
        "record_kind": "provider_published_5g_site",
        "is_named": true,
        "duplicate_coordinate_group": "",
        "source_dataset": "Jazz official 5G KML point placemarks",
        "source_url": "https://jazz.com.pk/KML_Coverage_map/5G_Active_Sites_with_Overlay.kml",
        "retrieved_at": "2026-08-07",
        "accuracy_note": "Exact coordinate value published in the provider KML; not independently surveyed.",
        "altitude_m": 0
      }
    },
    {
      "type": "Feature",
      "id": "jazz-0082",
      "geometry": {
        "type": "Point",
        "coordinates": [
          73.0576,
          33.71,
          0
        ]
      },
      "properties": {
        "site_uid": "jazz-0082",
        "provider": "Jazz",
        "source_index": 82,
        "site_name_source": "ISB3667",
        "display_name": "ISB3667",
        "city_source": "",
        "geometry_type": "Point",
        "record_kind": "provider_published_5g_site",
        "is_named": true,
        "duplicate_coordinate_group": "",
        "source_dataset": "Jazz official 5G KML point placemarks",
        "source_url": "https://jazz.com.pk/KML_Coverage_map/5G_Active_Sites_with_Overlay.kml",
        "retrieved_at": "2026-08-07",
        "accuracy_note": "Exact coordinate value published in the provider KML; not independently surveyed.",
        "altitude_m": 0
      }
    },
    {
      "type": "Feature",
      "id": "jazz-0083",
      "geometry": {
        "type": "Point",
        "coordinates": [
          73.0972,
          33.7126,
          0
        ]
      },
      "properties": {
        "site_uid": "jazz-0083",
        "provider": "Jazz",
        "source_index": 83,
        "site_name_source": "ISB3640",
        "display_name": "ISB3640",
        "city_source": "",
        "geometry_type": "Point",
        "record_kind": "provider_published_5g_site",
        "is_named": true,
        "duplicate_coordinate_group": "",
        "source_dataset": "Jazz official 5G KML point placemarks",
        "source_url": "https://jazz.com.pk/KML_Coverage_map/5G_Active_Sites_with_Overlay.kml",
        "retrieved_at": "2026-08-07",
        "accuracy_note": "Exact coordinate value published in the provider KML; not independently surveyed.",
        "altitude_m": 0
      }
    },
    {
      "type": "Feature",
      "id": "jazz-0084",
      "geometry": {
        "type": "Point",
        "coordinates": [
          73.0822,
          33.7226,
          0
        ]
      },
      "properties": {
        "site_uid": "jazz-0084",
        "provider": "Jazz",
        "source_index": 84,
        "site_name_source": "ISB0588",
        "display_name": "ISB0588",
        "city_source": "",
        "geometry_type": "Point",
        "record_kind": "provider_published_5g_site",
        "is_named": true,
        "duplicate_coordinate_group": "",
        "source_dataset": "Jazz official 5G KML point placemarks",
        "source_url": "https://jazz.com.pk/KML_Coverage_map/5G_Active_Sites_with_Overlay.kml",
        "retrieved_at": "2026-08-07",
        "accuracy_note": "Exact coordinate value published in the provider KML; not independently surveyed.",
        "altitude_m": 0
      }
    },
    {
      "type": "Feature",
      "id": "jazz-0085",
      "geometry": {
        "type": "Point",
        "coordinates": [
          73.0763,
          33.7141,
          0
        ]
      },
      "properties": {
        "site_uid": "jazz-0085",
        "provider": "Jazz",
        "source_index": 85,
        "site_name_source": "ISB1145",
        "display_name": "ISB1145",
        "city_source": "",
        "geometry_type": "Point",
        "record_kind": "provider_published_5g_site",
        "is_named": true,
        "duplicate_coordinate_group": "",
        "source_dataset": "Jazz official 5G KML point placemarks",
        "source_url": "https://jazz.com.pk/KML_Coverage_map/5G_Active_Sites_with_Overlay.kml",
        "retrieved_at": "2026-08-07",
        "accuracy_note": "Exact coordinate value published in the provider KML; not independently surveyed.",
        "altitude_m": 0
      }
    },
    {
      "type": "Feature",
      "id": "jazz-0086",
      "geometry": {
        "type": "Point",
        "coordinates": [
          73.0848,
          33.7295,
          0
        ]
      },
      "properties": {
        "site_uid": "jazz-0086",
        "provider": "Jazz",
        "source_index": 86,
        "site_name_source": "ISB1195",
        "display_name": "ISB1195",
        "city_source": "",
        "geometry_type": "Point",
        "record_kind": "provider_published_5g_site",
        "is_named": true,
        "duplicate_coordinate_group": "",
        "source_dataset": "Jazz official 5G KML point placemarks",
        "source_url": "https://jazz.com.pk/KML_Coverage_map/5G_Active_Sites_with_Overlay.kml",
        "retrieved_at": "2026-08-07",
        "accuracy_note": "Exact coordinate value published in the provider KML; not independently surveyed.",
        "altitude_m": 0
      }
    },
    {
      "type": "Feature",
      "id": "jazz-0087",
      "geometry": {
        "type": "Point",
        "coordinates": [
          67.315511,
          25.05535,
          0
        ]
      },
      "properties": {
        "site_uid": "jazz-0087",
        "provider": "Jazz",
        "source_index": 87,
        "site_name_source": "KHI3764",
        "display_name": "KHI3764",
        "city_source": "",
        "geometry_type": "Point",
        "record_kind": "provider_published_5g_site",
        "is_named": true,
        "duplicate_coordinate_group": "",
        "source_dataset": "Jazz official 5G KML point placemarks",
        "source_url": "https://jazz.com.pk/KML_Coverage_map/5G_Active_Sites_with_Overlay.kml",
        "retrieved_at": "2026-08-07",
        "accuracy_note": "Exact coordinate value published in the provider KML; not independently surveyed.",
        "altitude_m": 0
      }
    },
    {
      "type": "Feature",
      "id": "jazz-0088",
      "geometry": {
        "type": "Point",
        "coordinates": [
          67.3084,
          25.0452,
          0
        ]
      },
      "properties": {
        "site_uid": "jazz-0088",
        "provider": "Jazz",
        "source_index": 88,
        "site_name_source": "KHI0355",
        "display_name": "KHI0355",
        "city_source": "",
        "geometry_type": "Point",
        "record_kind": "provider_published_5g_site",
        "is_named": true,
        "duplicate_coordinate_group": "",
        "source_dataset": "Jazz official 5G KML point placemarks",
        "source_url": "https://jazz.com.pk/KML_Coverage_map/5G_Active_Sites_with_Overlay.kml",
        "retrieved_at": "2026-08-07",
        "accuracy_note": "Exact coordinate value published in the provider KML; not independently surveyed.",
        "altitude_m": 0
      }
    },
    {
      "type": "Feature",
      "id": "jazz-0089",
      "geometry": {
        "type": "Point",
        "coordinates": [
          67.02423,
          24.82744,
          0
        ]
      },
      "properties": {
        "site_uid": "jazz-0089",
        "provider": "Jazz",
        "source_index": 89,
        "site_name_source": "KHI6930",
        "display_name": "KHI6930",
        "city_source": "",
        "geometry_type": "Point",
        "record_kind": "provider_published_5g_site",
        "is_named": true,
        "duplicate_coordinate_group": "",
        "source_dataset": "Jazz official 5G KML point placemarks",
        "source_url": "https://jazz.com.pk/KML_Coverage_map/5G_Active_Sites_with_Overlay.kml",
        "retrieved_at": "2026-08-07",
        "accuracy_note": "Exact coordinate value published in the provider KML; not independently surveyed.",
        "altitude_m": 0
      }
    },
    {
      "type": "Feature",
      "id": "jazz-0090",
      "geometry": {
        "type": "Point",
        "coordinates": [
          67.027361,
          24.822528,
          0
        ]
      },
      "properties": {
        "site_uid": "jazz-0090",
        "provider": "Jazz",
        "source_index": 90,
        "site_name_source": "KHI6317",
        "display_name": "KHI6317",
        "city_source": "",
        "geometry_type": "Point",
        "record_kind": "provider_published_5g_site",
        "is_named": true,
        "duplicate_coordinate_group": "",
        "source_dataset": "Jazz official 5G KML point placemarks",
        "source_url": "https://jazz.com.pk/KML_Coverage_map/5G_Active_Sites_with_Overlay.kml",
        "retrieved_at": "2026-08-07",
        "accuracy_note": "Exact coordinate value published in the provider KML; not independently surveyed.",
        "altitude_m": 0
      }
    },
    {
      "type": "Feature",
      "id": "jazz-0091",
      "geometry": {
        "type": "Point",
        "coordinates": [
          67.0239,
          24.8178,
          0
        ]
      },
      "properties": {
        "site_uid": "jazz-0091",
        "provider": "Jazz",
        "source_index": 91,
        "site_name_source": "KHI9351",
        "display_name": "KHI9351",
        "city_source": "",
        "geometry_type": "Point",
        "record_kind": "provider_published_5g_site",
        "is_named": true,
        "duplicate_coordinate_group": "",
        "source_dataset": "Jazz official 5G KML point placemarks",
        "source_url": "https://jazz.com.pk/KML_Coverage_map/5G_Active_Sites_with_Overlay.kml",
        "retrieved_at": "2026-08-07",
        "accuracy_note": "Exact coordinate value published in the provider KML; not independently surveyed.",
        "altitude_m": 0
      }
    },
    {
      "type": "Feature",
      "id": "jazz-0092",
      "geometry": {
        "type": "Point",
        "coordinates": [
          67.031444,
          24.814278,
          0
        ]
      },
      "properties": {
        "site_uid": "jazz-0092",
        "provider": "Jazz",
        "source_index": 92,
        "site_name_source": "KHI5424",
        "display_name": "KHI5424",
        "city_source": "",
        "geometry_type": "Point",
        "record_kind": "provider_published_5g_site",
        "is_named": true,
        "duplicate_coordinate_group": "",
        "source_dataset": "Jazz official 5G KML point placemarks",
        "source_url": "https://jazz.com.pk/KML_Coverage_map/5G_Active_Sites_with_Overlay.kml",
        "retrieved_at": "2026-08-07",
        "accuracy_note": "Exact coordinate value published in the provider KML; not independently surveyed.",
        "altitude_m": 0
      }
    },
    {
      "type": "Feature",
      "id": "jazz-0093",
      "geometry": {
        "type": "Point",
        "coordinates": [
          67.061833,
          24.873694,
          0
        ]
      },
      "properties": {
        "site_uid": "jazz-0093",
        "provider": "Jazz",
        "source_index": 93,
        "site_name_source": "KHI0184",
        "display_name": "KHI0184",
        "city_source": "",
        "geometry_type": "Point",
        "record_kind": "provider_published_5g_site",
        "is_named": true,
        "duplicate_coordinate_group": "",
        "source_dataset": "Jazz official 5G KML point placemarks",
        "source_url": "https://jazz.com.pk/KML_Coverage_map/5G_Active_Sites_with_Overlay.kml",
        "retrieved_at": "2026-08-07",
        "accuracy_note": "Exact coordinate value published in the provider KML; not independently surveyed.",
        "altitude_m": 0
      }
    },
    {
      "type": "Feature",
      "id": "jazz-0094",
      "geometry": {
        "type": "Point",
        "coordinates": [
          67.05954,
          24.87013,
          0
        ]
      },
      "properties": {
        "site_uid": "jazz-0094",
        "provider": "Jazz",
        "source_index": 94,
        "site_name_source": "KHI9539",
        "display_name": "KHI9539",
        "city_source": "",
        "geometry_type": "Point",
        "record_kind": "provider_published_5g_site",
        "is_named": true,
        "duplicate_coordinate_group": "",
        "source_dataset": "Jazz official 5G KML point placemarks",
        "source_url": "https://jazz.com.pk/KML_Coverage_map/5G_Active_Sites_with_Overlay.kml",
        "retrieved_at": "2026-08-07",
        "accuracy_note": "Exact coordinate value published in the provider KML; not independently surveyed.",
        "altitude_m": 0
      }
    },
    {
      "type": "Feature",
      "id": "jazz-0095",
      "geometry": {
        "type": "Point",
        "coordinates": [
          67.08831,
          24.85673,
          0
        ]
      },
      "properties": {
        "site_uid": "jazz-0095",
        "provider": "Jazz",
        "source_index": 95,
        "site_name_source": "KHI1073",
        "display_name": "KHI1073",
        "city_source": "",
        "geometry_type": "Point",
        "record_kind": "provider_published_5g_site",
        "is_named": true,
        "duplicate_coordinate_group": "",
        "source_dataset": "Jazz official 5G KML point placemarks",
        "source_url": "https://jazz.com.pk/KML_Coverage_map/5G_Active_Sites_with_Overlay.kml",
        "retrieved_at": "2026-08-07",
        "accuracy_note": "Exact coordinate value published in the provider KML; not independently surveyed.",
        "altitude_m": 0
      }
    },
    {
      "type": "Feature",
      "id": "jazz-0096",
      "geometry": {
        "type": "Point",
        "coordinates": [
          67.0752,
          24.8673,
          0
        ]
      },
      "properties": {
        "site_uid": "jazz-0096",
        "provider": "Jazz",
        "source_index": 96,
        "site_name_source": "KHI9273",
        "display_name": "KHI9273",
        "city_source": "",
        "geometry_type": "Point",
        "record_kind": "provider_published_5g_site",
        "is_named": true,
        "duplicate_coordinate_group": "",
        "source_dataset": "Jazz official 5G KML point placemarks",
        "source_url": "https://jazz.com.pk/KML_Coverage_map/5G_Active_Sites_with_Overlay.kml",
        "retrieved_at": "2026-08-07",
        "accuracy_note": "Exact coordinate value published in the provider KML; not independently surveyed.",
        "altitude_m": 0
      }
    },
    {
      "type": "Feature",
      "id": "jazz-0097",
      "geometry": {
        "type": "Point",
        "coordinates": [
          67.08843,
          24.86918,
          0
        ]
      },
      "properties": {
        "site_uid": "jazz-0097",
        "provider": "Jazz",
        "source_index": 97,
        "site_name_source": "KHI6246",
        "display_name": "KHI6246",
        "city_source": "",
        "geometry_type": "Point",
        "record_kind": "provider_published_5g_site",
        "is_named": true,
        "duplicate_coordinate_group": "",
        "source_dataset": "Jazz official 5G KML point placemarks",
        "source_url": "https://jazz.com.pk/KML_Coverage_map/5G_Active_Sites_with_Overlay.kml",
        "retrieved_at": "2026-08-07",
        "accuracy_note": "Exact coordinate value published in the provider KML; not independently surveyed.",
        "altitude_m": 0
      }
    },
    {
      "type": "Feature",
      "id": "jazz-0098",
      "geometry": {
        "type": "Point",
        "coordinates": [
          67.076556,
          24.855,
          0
        ]
      },
      "properties": {
        "site_uid": "jazz-0098",
        "provider": "Jazz",
        "source_index": 98,
        "site_name_source": "KHI0533",
        "display_name": "KHI0533",
        "city_source": "",
        "geometry_type": "Point",
        "record_kind": "provider_published_5g_site",
        "is_named": true,
        "duplicate_coordinate_group": "",
        "source_dataset": "Jazz official 5G KML point placemarks",
        "source_url": "https://jazz.com.pk/KML_Coverage_map/5G_Active_Sites_with_Overlay.kml",
        "retrieved_at": "2026-08-07",
        "accuracy_note": "Exact coordinate value published in the provider KML; not independently surveyed.",
        "altitude_m": 0
      }
    },
    {
      "type": "Feature",
      "id": "jazz-0099",
      "geometry": {
        "type": "Point",
        "coordinates": [
          67.04671,
          24.82057,
          0
        ]
      },
      "properties": {
        "site_uid": "jazz-0099",
        "provider": "Jazz",
        "source_index": 99,
        "site_name_source": "KHI0446",
        "display_name": "KHI0446",
        "city_source": "",
        "geometry_type": "Point",
        "record_kind": "provider_published_5g_site",
        "is_named": true,
        "duplicate_coordinate_group": "",
        "source_dataset": "Jazz official 5G KML point placemarks",
        "source_url": "https://jazz.com.pk/KML_Coverage_map/5G_Active_Sites_with_Overlay.kml",
        "retrieved_at": "2026-08-07",
        "accuracy_note": "Exact coordinate value published in the provider KML; not independently surveyed.",
        "altitude_m": 0
      }
    },
    {
      "type": "Feature",
      "id": "jazz-0100",
      "geometry": {
        "type": "Point",
        "coordinates": [
          67.032778,
          24.8355,
          0
        ]
      },
      "properties": {
        "site_uid": "jazz-0100",
        "provider": "Jazz",
        "source_index": 100,
        "site_name_source": "KHI0093",
        "display_name": "KHI0093",
        "city_source": "",
        "geometry_type": "Point",
        "record_kind": "provider_published_5g_site",
        "is_named": true,
        "duplicate_coordinate_group": "",
        "source_dataset": "Jazz official 5G KML point placemarks",
        "source_url": "https://jazz.com.pk/KML_Coverage_map/5G_Active_Sites_with_Overlay.kml",
        "retrieved_at": "2026-08-07",
        "accuracy_note": "Exact coordinate value published in the provider KML; not independently surveyed.",
        "altitude_m": 0
      }
    },
    {
      "type": "Feature",
      "id": "jazz-0101",
      "geometry": {
        "type": "Point",
        "coordinates": [
          67.036472,
          24.826361,
          0
        ]
      },
      "properties": {
        "site_uid": "jazz-0101",
        "provider": "Jazz",
        "source_index": 101,
        "site_name_source": "KHI5028",
        "display_name": "KHI5028",
        "city_source": "",
        "geometry_type": "Point",
        "record_kind": "provider_published_5g_site",
        "is_named": true,
        "duplicate_coordinate_group": "",
        "source_dataset": "Jazz official 5G KML point placemarks",
        "source_url": "https://jazz.com.pk/KML_Coverage_map/5G_Active_Sites_with_Overlay.kml",
        "retrieved_at": "2026-08-07",
        "accuracy_note": "Exact coordinate value published in the provider KML; not independently surveyed.",
        "altitude_m": 0
      }
    },
    {
      "type": "Feature",
      "id": "jazz-0102",
      "geometry": {
        "type": "Point",
        "coordinates": [
          67.04196,
          24.83148,
          0
        ]
      },
      "properties": {
        "site_uid": "jazz-0102",
        "provider": "Jazz",
        "source_index": 102,
        "site_name_source": "KHI6795",
        "display_name": "KHI6795",
        "city_source": "",
        "geometry_type": "Point",
        "record_kind": "provider_published_5g_site",
        "is_named": true,
        "duplicate_coordinate_group": "",
        "source_dataset": "Jazz official 5G KML point placemarks",
        "source_url": "https://jazz.com.pk/KML_Coverage_map/5G_Active_Sites_with_Overlay.kml",
        "retrieved_at": "2026-08-07",
        "accuracy_note": "Exact coordinate value published in the provider KML; not independently surveyed.",
        "altitude_m": 0
      }
    },
    {
      "type": "Feature",
      "id": "jazz-0103",
      "geometry": {
        "type": "Point",
        "coordinates": [
          67.0507,
          24.8297,
          0
        ]
      },
      "properties": {
        "site_uid": "jazz-0103",
        "provider": "Jazz",
        "source_index": 103,
        "site_name_source": "KHI5555",
        "display_name": "KHI5555",
        "city_source": "",
        "geometry_type": "Point",
        "record_kind": "provider_published_5g_site",
        "is_named": true,
        "duplicate_coordinate_group": "",
        "source_dataset": "Jazz official 5G KML point placemarks",
        "source_url": "https://jazz.com.pk/KML_Coverage_map/5G_Active_Sites_with_Overlay.kml",
        "retrieved_at": "2026-08-07",
        "accuracy_note": "Exact coordinate value published in the provider KML; not independently surveyed.",
        "altitude_m": 0
      }
    },
    {
      "type": "Feature",
      "id": "jazz-0104",
      "geometry": {
        "type": "Point",
        "coordinates": [
          67.035889,
          24.815833,
          0
        ]
      },
      "properties": {
        "site_uid": "jazz-0104",
        "provider": "Jazz",
        "source_index": 104,
        "site_name_source": "KHI0758",
        "display_name": "KHI0758",
        "city_source": "",
        "geometry_type": "Point",
        "record_kind": "provider_published_5g_site",
        "is_named": true,
        "duplicate_coordinate_group": "",
        "source_dataset": "Jazz official 5G KML point placemarks",
        "source_url": "https://jazz.com.pk/KML_Coverage_map/5G_Active_Sites_with_Overlay.kml",
        "retrieved_at": "2026-08-07",
        "accuracy_note": "Exact coordinate value published in the provider KML; not independently surveyed.",
        "altitude_m": 0
      }
    },
    {
      "type": "Feature",
      "id": "jazz-0105",
      "geometry": {
        "type": "Point",
        "coordinates": [
          67.055167,
          24.844444,
          0
        ]
      },
      "properties": {
        "site_uid": "jazz-0105",
        "provider": "Jazz",
        "source_index": 105,
        "site_name_source": "KHI0078",
        "display_name": "KHI0078",
        "city_source": "",
        "geometry_type": "Point",
        "record_kind": "provider_published_5g_site",
        "is_named": true,
        "duplicate_coordinate_group": "",
        "source_dataset": "Jazz official 5G KML point placemarks",
        "source_url": "https://jazz.com.pk/KML_Coverage_map/5G_Active_Sites_with_Overlay.kml",
        "retrieved_at": "2026-08-07",
        "accuracy_note": "Exact coordinate value published in the provider KML; not independently surveyed.",
        "altitude_m": 0
      }
    },
    {
      "type": "Feature",
      "id": "jazz-0106",
      "geometry": {
        "type": "Point",
        "coordinates": [
          67.0503,
          24.8435,
          0
        ]
      },
      "properties": {
        "site_uid": "jazz-0106",
        "provider": "Jazz",
        "source_index": 106,
        "site_name_source": "KHI5482",
        "display_name": "KHI5482",
        "city_source": "",
        "geometry_type": "Point",
        "record_kind": "provider_published_5g_site",
        "is_named": true,
        "duplicate_coordinate_group": "",
        "source_dataset": "Jazz official 5G KML point placemarks",
        "source_url": "https://jazz.com.pk/KML_Coverage_map/5G_Active_Sites_with_Overlay.kml",
        "retrieved_at": "2026-08-07",
        "accuracy_note": "Exact coordinate value published in the provider KML; not independently surveyed.",
        "altitude_m": 0
      }
    },
    {
      "type": "Feature",
      "id": "jazz-0107",
      "geometry": {
        "type": "Point",
        "coordinates": [
          67.03549,
          24.81329,
          0
        ]
      },
      "properties": {
        "site_uid": "jazz-0107",
        "provider": "Jazz",
        "source_index": 107,
        "site_name_source": "KHI7895",
        "display_name": "KHI7895",
        "city_source": "",
        "geometry_type": "Point",
        "record_kind": "provider_published_5g_site",
        "is_named": true,
        "duplicate_coordinate_group": "",
        "source_dataset": "Jazz official 5G KML point placemarks",
        "source_url": "https://jazz.com.pk/KML_Coverage_map/5G_Active_Sites_with_Overlay.kml",
        "retrieved_at": "2026-08-07",
        "accuracy_note": "Exact coordinate value published in the provider KML; not independently surveyed.",
        "altitude_m": 0
      }
    },
    {
      "type": "Feature",
      "id": "jazz-0108",
      "geometry": {
        "type": "Point",
        "coordinates": [
          67.0625,
          24.833,
          0
        ]
      },
      "properties": {
        "site_uid": "jazz-0108",
        "provider": "Jazz",
        "source_index": 108,
        "site_name_source": "KHI1227",
        "display_name": "KHI1227",
        "city_source": "",
        "geometry_type": "Point",
        "record_kind": "provider_published_5g_site",
        "is_named": true,
        "duplicate_coordinate_group": "",
        "source_dataset": "Jazz official 5G KML point placemarks",
        "source_url": "https://jazz.com.pk/KML_Coverage_map/5G_Active_Sites_with_Overlay.kml",
        "retrieved_at": "2026-08-07",
        "accuracy_note": "Exact coordinate value published in the provider KML; not independently surveyed.",
        "altitude_m": 0
      }
    },
    {
      "type": "Feature",
      "id": "jazz-0109",
      "geometry": {
        "type": "Point",
        "coordinates": [
          67.06323,
          24.87653,
          0
        ]
      },
      "properties": {
        "site_uid": "jazz-0109",
        "provider": "Jazz",
        "source_index": 109,
        "site_name_source": "KHI6125",
        "display_name": "KHI6125",
        "city_source": "",
        "geometry_type": "Point",
        "record_kind": "provider_published_5g_site",
        "is_named": true,
        "duplicate_coordinate_group": "",
        "source_dataset": "Jazz official 5G KML point placemarks",
        "source_url": "https://jazz.com.pk/KML_Coverage_map/5G_Active_Sites_with_Overlay.kml",
        "retrieved_at": "2026-08-07",
        "accuracy_note": "Exact coordinate value published in the provider KML; not independently surveyed.",
        "altitude_m": 0
      }
    },
    {
      "type": "Feature",
      "id": "jazz-0110",
      "geometry": {
        "type": "Point",
        "coordinates": [
          67.05942,
          24.87936,
          0
        ]
      },
      "properties": {
        "site_uid": "jazz-0110",
        "provider": "Jazz",
        "source_index": 110,
        "site_name_source": "KHI6732",
        "display_name": "KHI6732",
        "city_source": "",
        "geometry_type": "Point",
        "record_kind": "provider_published_5g_site",
        "is_named": true,
        "duplicate_coordinate_group": "",
        "source_dataset": "Jazz official 5G KML point placemarks",
        "source_url": "https://jazz.com.pk/KML_Coverage_map/5G_Active_Sites_with_Overlay.kml",
        "retrieved_at": "2026-08-07",
        "accuracy_note": "Exact coordinate value published in the provider KML; not independently surveyed.",
        "altitude_m": 0
      }
    },
    {
      "type": "Feature",
      "id": "jazz-0111",
      "geometry": {
        "type": "Point",
        "coordinates": [
          67.055583,
          24.864583,
          0
        ]
      },
      "properties": {
        "site_uid": "jazz-0111",
        "provider": "Jazz",
        "source_index": 111,
        "site_name_source": "KHI0048",
        "display_name": "KHI0048",
        "city_source": "",
        "geometry_type": "Point",
        "record_kind": "provider_published_5g_site",
        "is_named": true,
        "duplicate_coordinate_group": "",
        "source_dataset": "Jazz official 5G KML point placemarks",
        "source_url": "https://jazz.com.pk/KML_Coverage_map/5G_Active_Sites_with_Overlay.kml",
        "retrieved_at": "2026-08-07",
        "accuracy_note": "Exact coordinate value published in the provider KML; not independently surveyed.",
        "altitude_m": 0
      }
    },
    {
      "type": "Feature",
      "id": "jazz-0112",
      "geometry": {
        "type": "Point",
        "coordinates": [
          67.056694,
          24.868583,
          0
        ]
      },
      "properties": {
        "site_uid": "jazz-0112",
        "provider": "Jazz",
        "source_index": 112,
        "site_name_source": "KHI5036",
        "display_name": "KHI5036",
        "city_source": "",
        "geometry_type": "Point",
        "record_kind": "provider_published_5g_site",
        "is_named": true,
        "duplicate_coordinate_group": "",
        "source_dataset": "Jazz official 5G KML point placemarks",
        "source_url": "https://jazz.com.pk/KML_Coverage_map/5G_Active_Sites_with_Overlay.kml",
        "retrieved_at": "2026-08-07",
        "accuracy_note": "Exact coordinate value published in the provider KML; not independently surveyed.",
        "altitude_m": 0
      }
    },
    {
      "type": "Feature",
      "id": "jazz-0113",
      "geometry": {
        "type": "Point",
        "coordinates": [
          67.045222,
          24.841222,
          0
        ]
      },
      "properties": {
        "site_uid": "jazz-0113",
        "provider": "Jazz",
        "source_index": 113,
        "site_name_source": "KHI5082",
        "display_name": "KHI5082",
        "city_source": "",
        "geometry_type": "Point",
        "record_kind": "provider_published_5g_site",
        "is_named": true,
        "duplicate_coordinate_group": "",
        "source_dataset": "Jazz official 5G KML point placemarks",
        "source_url": "https://jazz.com.pk/KML_Coverage_map/5G_Active_Sites_with_Overlay.kml",
        "retrieved_at": "2026-08-07",
        "accuracy_note": "Exact coordinate value published in the provider KML; not independently surveyed.",
        "altitude_m": 0
      }
    },
    {
      "type": "Feature",
      "id": "jazz-0114",
      "geometry": {
        "type": "Point",
        "coordinates": [
          67.043361,
          24.878472,
          0
        ]
      },
      "properties": {
        "site_uid": "jazz-0114",
        "provider": "Jazz",
        "source_index": 114,
        "site_name_source": "KHI0338",
        "display_name": "KHI0338",
        "city_source": "",
        "geometry_type": "Point",
        "record_kind": "provider_published_5g_site",
        "is_named": true,
        "duplicate_coordinate_group": "",
        "source_dataset": "Jazz official 5G KML point placemarks",
        "source_url": "https://jazz.com.pk/KML_Coverage_map/5G_Active_Sites_with_Overlay.kml",
        "retrieved_at": "2026-08-07",
        "accuracy_note": "Exact coordinate value published in the provider KML; not independently surveyed.",
        "altitude_m": 0
      }
    },
    {
      "type": "Feature",
      "id": "jazz-0115",
      "geometry": {
        "type": "Point",
        "coordinates": [
          67.065444,
          24.885889,
          0
        ]
      },
      "properties": {
        "site_uid": "jazz-0115",
        "provider": "Jazz",
        "source_index": 115,
        "site_name_source": "KHI0759",
        "display_name": "KHI0759",
        "city_source": "",
        "geometry_type": "Point",
        "record_kind": "provider_published_5g_site",
        "is_named": true,
        "duplicate_coordinate_group": "",
        "source_dataset": "Jazz official 5G KML point placemarks",
        "source_url": "https://jazz.com.pk/KML_Coverage_map/5G_Active_Sites_with_Overlay.kml",
        "retrieved_at": "2026-08-07",
        "accuracy_note": "Exact coordinate value published in the provider KML; not independently surveyed.",
        "altitude_m": 0
      }
    },
    {
      "type": "Feature",
      "id": "jazz-0116",
      "geometry": {
        "type": "Point",
        "coordinates": [
          67.068917,
          24.878028,
          0
        ]
      },
      "properties": {
        "site_uid": "jazz-0116",
        "provider": "Jazz",
        "source_index": 116,
        "site_name_source": "KHI0057",
        "display_name": "KHI0057",
        "city_source": "",
        "geometry_type": "Point",
        "record_kind": "provider_published_5g_site",
        "is_named": true,
        "duplicate_coordinate_group": "",
        "source_dataset": "Jazz official 5G KML point placemarks",
        "source_url": "https://jazz.com.pk/KML_Coverage_map/5G_Active_Sites_with_Overlay.kml",
        "retrieved_at": "2026-08-07",
        "accuracy_note": "Exact coordinate value published in the provider KML; not independently surveyed.",
        "altitude_m": 0
      }
    },
    {
      "type": "Feature",
      "id": "jazz-0117",
      "geometry": {
        "type": "Point",
        "coordinates": [
          67.0679,
          24.8825,
          0
        ]
      },
      "properties": {
        "site_uid": "jazz-0117",
        "provider": "Jazz",
        "source_index": 117,
        "site_name_source": "KHI9085",
        "display_name": "KHI9085",
        "city_source": "",
        "geometry_type": "Point",
        "record_kind": "provider_published_5g_site",
        "is_named": true,
        "duplicate_coordinate_group": "",
        "source_dataset": "Jazz official 5G KML point placemarks",
        "source_url": "https://jazz.com.pk/KML_Coverage_map/5G_Active_Sites_with_Overlay.kml",
        "retrieved_at": "2026-08-07",
        "accuracy_note": "Exact coordinate value published in the provider KML; not independently surveyed.",
        "altitude_m": 0
      }
    },
    {
      "type": "Feature",
      "id": "jazz-0118",
      "geometry": {
        "type": "Point",
        "coordinates": [
          67.081556,
          24.891389,
          0
        ]
      },
      "properties": {
        "site_uid": "jazz-0118",
        "provider": "Jazz",
        "source_index": 118,
        "site_name_source": "KHI0186",
        "display_name": "KHI0186",
        "city_source": "",
        "geometry_type": "Point",
        "record_kind": "provider_published_5g_site",
        "is_named": true,
        "duplicate_coordinate_group": "",
        "source_dataset": "Jazz official 5G KML point placemarks",
        "source_url": "https://jazz.com.pk/KML_Coverage_map/5G_Active_Sites_with_Overlay.kml",
        "retrieved_at": "2026-08-07",
        "accuracy_note": "Exact coordinate value published in the provider KML; not independently surveyed.",
        "altitude_m": 0
      }
    },
    {
      "type": "Feature",
      "id": "jazz-0119",
      "geometry": {
        "type": "Point",
        "coordinates": [
          67.087639,
          24.878944,
          0
        ]
      },
      "properties": {
        "site_uid": "jazz-0119",
        "provider": "Jazz",
        "source_index": 119,
        "site_name_source": "KHI5452",
        "display_name": "KHI5452",
        "city_source": "",
        "geometry_type": "Point",
        "record_kind": "provider_published_5g_site",
        "is_named": true,
        "duplicate_coordinate_group": "",
        "source_dataset": "Jazz official 5G KML point placemarks",
        "source_url": "https://jazz.com.pk/KML_Coverage_map/5G_Active_Sites_with_Overlay.kml",
        "retrieved_at": "2026-08-07",
        "accuracy_note": "Exact coordinate value published in the provider KML; not independently surveyed.",
        "altitude_m": 0
      }
    },
    {
      "type": "Feature",
      "id": "jazz-0120",
      "geometry": {
        "type": "Point",
        "coordinates": [
          67.0811,
          24.8385,
          0
        ]
      },
      "properties": {
        "site_uid": "jazz-0120",
        "provider": "Jazz",
        "source_index": 120,
        "site_name_source": "KHI9229",
        "display_name": "KHI9229",
        "city_source": "",
        "geometry_type": "Point",
        "record_kind": "provider_published_5g_site",
        "is_named": true,
        "duplicate_coordinate_group": "",
        "source_dataset": "Jazz official 5G KML point placemarks",
        "source_url": "https://jazz.com.pk/KML_Coverage_map/5G_Active_Sites_with_Overlay.kml",
        "retrieved_at": "2026-08-07",
        "accuracy_note": "Exact coordinate value published in the provider KML; not independently surveyed.",
        "altitude_m": 0
      }
    },
    {
      "type": "Feature",
      "id": "jazz-0121",
      "geometry": {
        "type": "Point",
        "coordinates": [
          67.084111,
          24.827556,
          0
        ]
      },
      "properties": {
        "site_uid": "jazz-0121",
        "provider": "Jazz",
        "source_index": 121,
        "site_name_source": "KHI0462",
        "display_name": "KHI0462",
        "city_source": "",
        "geometry_type": "Point",
        "record_kind": "provider_published_5g_site",
        "is_named": true,
        "duplicate_coordinate_group": "",
        "source_dataset": "Jazz official 5G KML point placemarks",
        "source_url": "https://jazz.com.pk/KML_Coverage_map/5G_Active_Sites_with_Overlay.kml",
        "retrieved_at": "2026-08-07",
        "accuracy_note": "Exact coordinate value published in the provider KML; not independently surveyed.",
        "altitude_m": 0
      }
    },
    {
      "type": "Feature",
      "id": "jazz-0122",
      "geometry": {
        "type": "Point",
        "coordinates": [
          67.0837,
          24.7734,
          0
        ]
      },
      "properties": {
        "site_uid": "jazz-0122",
        "provider": "Jazz",
        "source_index": 122,
        "site_name_source": "KHI6440",
        "display_name": "KHI6440",
        "city_source": "",
        "geometry_type": "Point",
        "record_kind": "provider_published_5g_site",
        "is_named": true,
        "duplicate_coordinate_group": "",
        "source_dataset": "Jazz official 5G KML point placemarks",
        "source_url": "https://jazz.com.pk/KML_Coverage_map/5G_Active_Sites_with_Overlay.kml",
        "retrieved_at": "2026-08-07",
        "accuracy_note": "Exact coordinate value published in the provider KML; not independently surveyed.",
        "altitude_m": 0
      }
    },
    {
      "type": "Feature",
      "id": "jazz-0123",
      "geometry": {
        "type": "Point",
        "coordinates": [
          67.0809,
          24.8224,
          0
        ]
      },
      "properties": {
        "site_uid": "jazz-0123",
        "provider": "Jazz",
        "source_index": 123,
        "site_name_source": "KHI2212",
        "display_name": "KHI2212",
        "city_source": "",
        "geometry_type": "Point",
        "record_kind": "provider_published_5g_site",
        "is_named": true,
        "duplicate_coordinate_group": "",
        "source_dataset": "Jazz official 5G KML point placemarks",
        "source_url": "https://jazz.com.pk/KML_Coverage_map/5G_Active_Sites_with_Overlay.kml",
        "retrieved_at": "2026-08-07",
        "accuracy_note": "Exact coordinate value published in the provider KML; not independently surveyed.",
        "altitude_m": 0
      }
    },
    {
      "type": "Feature",
      "id": "jazz-0124",
      "geometry": {
        "type": "Point",
        "coordinates": [
          67.0525,
          24.8188,
          0
        ]
      },
      "properties": {
        "site_uid": "jazz-0124",
        "provider": "Jazz",
        "source_index": 124,
        "site_name_source": "KHI9441",
        "display_name": "KHI9441",
        "city_source": "",
        "geometry_type": "Point",
        "record_kind": "provider_published_5g_site",
        "is_named": true,
        "duplicate_coordinate_group": "",
        "source_dataset": "Jazz official 5G KML point placemarks",
        "source_url": "https://jazz.com.pk/KML_Coverage_map/5G_Active_Sites_with_Overlay.kml",
        "retrieved_at": "2026-08-07",
        "accuracy_note": "Exact coordinate value published in the provider KML; not independently surveyed.",
        "altitude_m": 0
      }
    },
    {
      "type": "Feature",
      "id": "jazz-0125",
      "geometry": {
        "type": "Point",
        "coordinates": [
          67.074415,
          24.823478,
          0
        ]
      },
      "properties": {
        "site_uid": "jazz-0125",
        "provider": "Jazz",
        "source_index": 125,
        "site_name_source": "KHI1285",
        "display_name": "KHI1285",
        "city_source": "",
        "geometry_type": "Point",
        "record_kind": "provider_published_5g_site",
        "is_named": true,
        "duplicate_coordinate_group": "",
        "source_dataset": "Jazz official 5G KML point placemarks",
        "source_url": "https://jazz.com.pk/KML_Coverage_map/5G_Active_Sites_with_Overlay.kml",
        "retrieved_at": "2026-08-07",
        "accuracy_note": "Exact coordinate value published in the provider KML; not independently surveyed.",
        "altitude_m": 0
      }
    },
    {
      "type": "Feature",
      "id": "jazz-0126",
      "geometry": {
        "type": "Point",
        "coordinates": [
          67.0687,
          24.8085,
          0
        ]
      },
      "properties": {
        "site_uid": "jazz-0126",
        "provider": "Jazz",
        "source_index": 126,
        "site_name_source": "KHI5264",
        "display_name": "KHI5264",
        "city_source": "",
        "geometry_type": "Point",
        "record_kind": "provider_published_5g_site",
        "is_named": true,
        "duplicate_coordinate_group": "",
        "source_dataset": "Jazz official 5G KML point placemarks",
        "source_url": "https://jazz.com.pk/KML_Coverage_map/5G_Active_Sites_with_Overlay.kml",
        "retrieved_at": "2026-08-07",
        "accuracy_note": "Exact coordinate value published in the provider KML; not independently surveyed.",
        "altitude_m": 0
      }
    },
    {
      "type": "Feature",
      "id": "jazz-0127",
      "geometry": {
        "type": "Point",
        "coordinates": [
          67.0666,
          24.7664,
          0
        ]
      },
      "properties": {
        "site_uid": "jazz-0127",
        "provider": "Jazz",
        "source_index": 127,
        "site_name_source": "KHI6441",
        "display_name": "KHI6441",
        "city_source": "",
        "geometry_type": "Point",
        "record_kind": "provider_published_5g_site",
        "is_named": true,
        "duplicate_coordinate_group": "",
        "source_dataset": "Jazz official 5G KML point placemarks",
        "source_url": "https://jazz.com.pk/KML_Coverage_map/5G_Active_Sites_with_Overlay.kml",
        "retrieved_at": "2026-08-07",
        "accuracy_note": "Exact coordinate value published in the provider KML; not independently surveyed.",
        "altitude_m": 0
      }
    },
    {
      "type": "Feature",
      "id": "jazz-0128",
      "geometry": {
        "type": "Point",
        "coordinates": [
          67.0686,
          24.8176,
          0
        ]
      },
      "properties": {
        "site_uid": "jazz-0128",
        "provider": "Jazz",
        "source_index": 128,
        "site_name_source": "KHI0309",
        "display_name": "KHI0309",
        "city_source": "",
        "geometry_type": "Point",
        "record_kind": "provider_published_5g_site",
        "is_named": true,
        "duplicate_coordinate_group": "",
        "source_dataset": "Jazz official 5G KML point placemarks",
        "source_url": "https://jazz.com.pk/KML_Coverage_map/5G_Active_Sites_with_Overlay.kml",
        "retrieved_at": "2026-08-07",
        "accuracy_note": "Exact coordinate value published in the provider KML; not independently surveyed.",
        "altitude_m": 0
      }
    },
    {
      "type": "Feature",
      "id": "jazz-0129",
      "geometry": {
        "type": "Point",
        "coordinates": [
          67.0703,
          24.8004,
          0
        ]
      },
      "properties": {
        "site_uid": "jazz-0129",
        "provider": "Jazz",
        "source_index": 129,
        "site_name_source": "KHI0248",
        "display_name": "KHI0248",
        "city_source": "",
        "geometry_type": "Point",
        "record_kind": "provider_published_5g_site",
        "is_named": true,
        "duplicate_coordinate_group": "",
        "source_dataset": "Jazz official 5G KML point placemarks",
        "source_url": "https://jazz.com.pk/KML_Coverage_map/5G_Active_Sites_with_Overlay.kml",
        "retrieved_at": "2026-08-07",
        "accuracy_note": "Exact coordinate value published in the provider KML; not independently surveyed.",
        "altitude_m": 0
      }
    },
    {
      "type": "Feature",
      "id": "jazz-0130",
      "geometry": {
        "type": "Point",
        "coordinates": [
          67.0859,
          24.7497,
          0
        ]
      },
      "properties": {
        "site_uid": "jazz-0130",
        "provider": "Jazz",
        "source_index": 130,
        "site_name_source": "KHI6442",
        "display_name": "KHI6442",
        "city_source": "",
        "geometry_type": "Point",
        "record_kind": "provider_published_5g_site",
        "is_named": true,
        "duplicate_coordinate_group": "",
        "source_dataset": "Jazz official 5G KML point placemarks",
        "source_url": "https://jazz.com.pk/KML_Coverage_map/5G_Active_Sites_with_Overlay.kml",
        "retrieved_at": "2026-08-07",
        "accuracy_note": "Exact coordinate value published in the provider KML; not independently surveyed.",
        "altitude_m": 0
      }
    },
    {
      "type": "Feature",
      "id": "jazz-0131",
      "geometry": {
        "type": "Point",
        "coordinates": [
          67.07186,
          24.80616,
          0
        ]
      },
      "properties": {
        "site_uid": "jazz-0131",
        "provider": "Jazz",
        "source_index": 131,
        "site_name_source": "KHI3863",
        "display_name": "KHI3863",
        "city_source": "",
        "geometry_type": "Point",
        "record_kind": "provider_published_5g_site",
        "is_named": true,
        "duplicate_coordinate_group": "",
        "source_dataset": "Jazz official 5G KML point placemarks",
        "source_url": "https://jazz.com.pk/KML_Coverage_map/5G_Active_Sites_with_Overlay.kml",
        "retrieved_at": "2026-08-07",
        "accuracy_note": "Exact coordinate value published in the provider KML; not independently surveyed.",
        "altitude_m": 0
      }
    },
    {
      "type": "Feature",
      "id": "jazz-0132",
      "geometry": {
        "type": "Point",
        "coordinates": [
          67.07273,
          24.76035,
          0
        ]
      },
      "properties": {
        "site_uid": "jazz-0132",
        "provider": "Jazz",
        "source_index": 132,
        "site_name_source": "KHI1452",
        "display_name": "KHI1452",
        "city_source": "",
        "geometry_type": "Point",
        "record_kind": "provider_published_5g_site",
        "is_named": true,
        "duplicate_coordinate_group": "",
        "source_dataset": "Jazz official 5G KML point placemarks",
        "source_url": "https://jazz.com.pk/KML_Coverage_map/5G_Active_Sites_with_Overlay.kml",
        "retrieved_at": "2026-08-07",
        "accuracy_note": "Exact coordinate value published in the provider KML; not independently surveyed.",
        "altitude_m": 0
      }
    },
    {
      "type": "Feature",
      "id": "jazz-0133",
      "geometry": {
        "type": "Point",
        "coordinates": [
          67.08025,
          24.834028,
          0
        ]
      },
      "properties": {
        "site_uid": "jazz-0133",
        "provider": "Jazz",
        "source_index": 133,
        "site_name_source": "KHI5618",
        "display_name": "KHI5618",
        "city_source": "",
        "geometry_type": "Point",
        "record_kind": "provider_published_5g_site",
        "is_named": true,
        "duplicate_coordinate_group": "",
        "source_dataset": "Jazz official 5G KML point placemarks",
        "source_url": "https://jazz.com.pk/KML_Coverage_map/5G_Active_Sites_with_Overlay.kml",
        "retrieved_at": "2026-08-07",
        "accuracy_note": "Exact coordinate value published in the provider KML; not independently surveyed.",
        "altitude_m": 0
      }
    },
    {
      "type": "Feature",
      "id": "jazz-0134",
      "geometry": {
        "type": "Point",
        "coordinates": [
          67.06937,
          24.7887,
          0
        ]
      },
      "properties": {
        "site_uid": "jazz-0134",
        "provider": "Jazz",
        "source_index": 134,
        "site_name_source": "KHI4118",
        "display_name": "KHI4118",
        "city_source": "",
        "geometry_type": "Point",
        "record_kind": "provider_published_5g_site",
        "is_named": true,
        "duplicate_coordinate_group": "",
        "source_dataset": "Jazz official 5G KML point placemarks",
        "source_url": "https://jazz.com.pk/KML_Coverage_map/5G_Active_Sites_with_Overlay.kml",
        "retrieved_at": "2026-08-07",
        "accuracy_note": "Exact coordinate value published in the provider KML; not independently surveyed.",
        "altitude_m": 0
      }
    },
    {
      "type": "Feature",
      "id": "jazz-0135",
      "geometry": {
        "type": "Point",
        "coordinates": [
          67.07599,
          24.796464,
          0
        ]
      },
      "properties": {
        "site_uid": "jazz-0135",
        "provider": "Jazz",
        "source_index": 135,
        "site_name_source": "KHI0389",
        "display_name": "KHI0389",
        "city_source": "",
        "geometry_type": "Point",
        "record_kind": "provider_published_5g_site",
        "is_named": true,
        "duplicate_coordinate_group": "",
        "source_dataset": "Jazz official 5G KML point placemarks",
        "source_url": "https://jazz.com.pk/KML_Coverage_map/5G_Active_Sites_with_Overlay.kml",
        "retrieved_at": "2026-08-07",
        "accuracy_note": "Exact coordinate value published in the provider KML; not independently surveyed.",
        "altitude_m": 0
      }
    },
    {
      "type": "Feature",
      "id": "jazz-0136",
      "geometry": {
        "type": "Point",
        "coordinates": [
          67.087758,
          24.781077,
          0
        ]
      },
      "properties": {
        "site_uid": "jazz-0136",
        "provider": "Jazz",
        "source_index": 136,
        "site_name_source": "KHI1137",
        "display_name": "KHI1137",
        "city_source": "",
        "geometry_type": "Point",
        "record_kind": "provider_published_5g_site",
        "is_named": true,
        "duplicate_coordinate_group": "",
        "source_dataset": "Jazz official 5G KML point placemarks",
        "source_url": "https://jazz.com.pk/KML_Coverage_map/5G_Active_Sites_with_Overlay.kml",
        "retrieved_at": "2026-08-07",
        "accuracy_note": "Exact coordinate value published in the provider KML; not independently surveyed.",
        "altitude_m": 0
      }
    },
    {
      "type": "Feature",
      "id": "jazz-0137",
      "geometry": {
        "type": "Point",
        "coordinates": [
          67.05759,
          24.82123,
          0
        ]
      },
      "properties": {
        "site_uid": "jazz-0137",
        "provider": "Jazz",
        "source_index": 137,
        "site_name_source": "KHI7679",
        "display_name": "KHI7679",
        "city_source": "",
        "geometry_type": "Point",
        "record_kind": "provider_published_5g_site",
        "is_named": true,
        "duplicate_coordinate_group": "",
        "source_dataset": "Jazz official 5G KML point placemarks",
        "source_url": "https://jazz.com.pk/KML_Coverage_map/5G_Active_Sites_with_Overlay.kml",
        "retrieved_at": "2026-08-07",
        "accuracy_note": "Exact coordinate value published in the provider KML; not independently surveyed.",
        "altitude_m": 0
      }
    },
    {
      "type": "Feature",
      "id": "jazz-0138",
      "geometry": {
        "type": "Point",
        "coordinates": [
          67.026639,
          24.805694,
          0
        ]
      },
      "properties": {
        "site_uid": "jazz-0138",
        "provider": "Jazz",
        "source_index": 138,
        "site_name_source": "KHI0158",
        "display_name": "KHI0158",
        "city_source": "",
        "geometry_type": "Point",
        "record_kind": "provider_published_5g_site",
        "is_named": true,
        "duplicate_coordinate_group": "",
        "source_dataset": "Jazz official 5G KML point placemarks",
        "source_url": "https://jazz.com.pk/KML_Coverage_map/5G_Active_Sites_with_Overlay.kml",
        "retrieved_at": "2026-08-07",
        "accuracy_note": "Exact coordinate value published in the provider KML; not independently surveyed.",
        "altitude_m": 0
      }
    },
    {
      "type": "Feature",
      "id": "jazz-0139",
      "geometry": {
        "type": "Point",
        "coordinates": [
          67.0298,
          24.8061,
          0
        ]
      },
      "properties": {
        "site_uid": "jazz-0139",
        "provider": "Jazz",
        "source_index": 139,
        "site_name_source": "KHI9226",
        "display_name": "KHI9226",
        "city_source": "",
        "geometry_type": "Point",
        "record_kind": "provider_published_5g_site",
        "is_named": true,
        "duplicate_coordinate_group": "",
        "source_dataset": "Jazz official 5G KML point placemarks",
        "source_url": "https://jazz.com.pk/KML_Coverage_map/5G_Active_Sites_with_Overlay.kml",
        "retrieved_at": "2026-08-07",
        "accuracy_note": "Exact coordinate value published in the provider KML; not independently surveyed.",
        "altitude_m": 0
      }
    },
    {
      "type": "Feature",
      "id": "jazz-0140",
      "geometry": {
        "type": "Point",
        "coordinates": [
          67.0459,
          24.8004,
          0
        ]
      },
      "properties": {
        "site_uid": "jazz-0140",
        "provider": "Jazz",
        "source_index": 140,
        "site_name_source": "KHI5694",
        "display_name": "KHI5694",
        "city_source": "",
        "geometry_type": "Point",
        "record_kind": "provider_published_5g_site",
        "is_named": true,
        "duplicate_coordinate_group": "",
        "source_dataset": "Jazz official 5G KML point placemarks",
        "source_url": "https://jazz.com.pk/KML_Coverage_map/5G_Active_Sites_with_Overlay.kml",
        "retrieved_at": "2026-08-07",
        "accuracy_note": "Exact coordinate value published in the provider KML; not independently surveyed.",
        "altitude_m": 0
      }
    },
    {
      "type": "Feature",
      "id": "jazz-0141",
      "geometry": {
        "type": "Point",
        "coordinates": [
          67.0511,
          24.8134,
          0
        ]
      },
      "properties": {
        "site_uid": "jazz-0141",
        "provider": "Jazz",
        "source_index": 141,
        "site_name_source": "KHI8068",
        "display_name": "KHI8068",
        "city_source": "",
        "geometry_type": "Point",
        "record_kind": "provider_published_5g_site",
        "is_named": true,
        "duplicate_coordinate_group": "",
        "source_dataset": "Jazz official 5G KML point placemarks",
        "source_url": "https://jazz.com.pk/KML_Coverage_map/5G_Active_Sites_with_Overlay.kml",
        "retrieved_at": "2026-08-07",
        "accuracy_note": "Exact coordinate value published in the provider KML; not independently surveyed.",
        "altitude_m": 0
      }
    },
    {
      "type": "Feature",
      "id": "jazz-0142",
      "geometry": {
        "type": "Point",
        "coordinates": [
          67.03875,
          24.80769,
          0
        ]
      },
      "properties": {
        "site_uid": "jazz-0142",
        "provider": "Jazz",
        "source_index": 142,
        "site_name_source": "KHI0098",
        "display_name": "KHI0098",
        "city_source": "",
        "geometry_type": "Point",
        "record_kind": "provider_published_5g_site",
        "is_named": true,
        "duplicate_coordinate_group": "",
        "source_dataset": "Jazz official 5G KML point placemarks",
        "source_url": "https://jazz.com.pk/KML_Coverage_map/5G_Active_Sites_with_Overlay.kml",
        "retrieved_at": "2026-08-07",
        "accuracy_note": "Exact coordinate value published in the provider KML; not independently surveyed.",
        "altitude_m": 0
      }
    },
    {
      "type": "Feature",
      "id": "jazz-0143",
      "geometry": {
        "type": "Point",
        "coordinates": [
          67.042639,
          24.815972,
          0
        ]
      },
      "properties": {
        "site_uid": "jazz-0143",
        "provider": "Jazz",
        "source_index": 143,
        "site_name_source": "KHI5617",
        "display_name": "KHI5617",
        "city_source": "",
        "geometry_type": "Point",
        "record_kind": "provider_published_5g_site",
        "is_named": true,
        "duplicate_coordinate_group": "",
        "source_dataset": "Jazz official 5G KML point placemarks",
        "source_url": "https://jazz.com.pk/KML_Coverage_map/5G_Active_Sites_with_Overlay.kml",
        "retrieved_at": "2026-08-07",
        "accuracy_note": "Exact coordinate value published in the provider KML; not independently surveyed.",
        "altitude_m": 0
      }
    },
    {
      "type": "Feature",
      "id": "jazz-0144",
      "geometry": {
        "type": "Point",
        "coordinates": [
          67.03535,
          24.80483,
          0
        ]
      },
      "properties": {
        "site_uid": "jazz-0144",
        "provider": "Jazz",
        "source_index": 144,
        "site_name_source": "KHI0293",
        "display_name": "KHI0293",
        "city_source": "",
        "geometry_type": "Point",
        "record_kind": "provider_published_5g_site",
        "is_named": true,
        "duplicate_coordinate_group": "",
        "source_dataset": "Jazz official 5G KML point placemarks",
        "source_url": "https://jazz.com.pk/KML_Coverage_map/5G_Active_Sites_with_Overlay.kml",
        "retrieved_at": "2026-08-07",
        "accuracy_note": "Exact coordinate value published in the provider KML; not independently surveyed.",
        "altitude_m": 0
      }
    },
    {
      "type": "Feature",
      "id": "jazz-0145",
      "geometry": {
        "type": "Point",
        "coordinates": [
          67.050267,
          24.784329,
          0
        ]
      },
      "properties": {
        "site_uid": "jazz-0145",
        "provider": "Jazz",
        "source_index": 145,
        "site_name_source": "KHI6978",
        "display_name": "KHI6978",
        "city_source": "",
        "geometry_type": "Point",
        "record_kind": "provider_published_5g_site",
        "is_named": true,
        "duplicate_coordinate_group": "",
        "source_dataset": "Jazz official 5G KML point placemarks",
        "source_url": "https://jazz.com.pk/KML_Coverage_map/5G_Active_Sites_with_Overlay.kml",
        "retrieved_at": "2026-08-07",
        "accuracy_note": "Exact coordinate value published in the provider KML; not independently surveyed.",
        "altitude_m": 0
      }
    },
    {
      "type": "Feature",
      "id": "jazz-0146",
      "geometry": {
        "type": "Point",
        "coordinates": [
          67.0583,
          24.7868,
          0
        ]
      },
      "properties": {
        "site_uid": "jazz-0146",
        "provider": "Jazz",
        "source_index": 146,
        "site_name_source": "KHI9332",
        "display_name": "KHI9332",
        "city_source": "",
        "geometry_type": "Point",
        "record_kind": "provider_published_5g_site",
        "is_named": true,
        "duplicate_coordinate_group": "",
        "source_dataset": "Jazz official 5G KML point placemarks",
        "source_url": "https://jazz.com.pk/KML_Coverage_map/5G_Active_Sites_with_Overlay.kml",
        "retrieved_at": "2026-08-07",
        "accuracy_note": "Exact coordinate value published in the provider KML; not independently surveyed.",
        "altitude_m": 0
      }
    },
    {
      "type": "Feature",
      "id": "jazz-0147",
      "geometry": {
        "type": "Point",
        "coordinates": [
          67.06386,
          24.80395,
          0
        ]
      },
      "properties": {
        "site_uid": "jazz-0147",
        "provider": "Jazz",
        "source_index": 147,
        "site_name_source": "KHI4504",
        "display_name": "KHI4504",
        "city_source": "",
        "geometry_type": "Point",
        "record_kind": "provider_published_5g_site",
        "is_named": true,
        "duplicate_coordinate_group": "",
        "source_dataset": "Jazz official 5G KML point placemarks",
        "source_url": "https://jazz.com.pk/KML_Coverage_map/5G_Active_Sites_with_Overlay.kml",
        "retrieved_at": "2026-08-07",
        "accuracy_note": "Exact coordinate value published in the provider KML; not independently surveyed.",
        "altitude_m": 0
      }
    },
    {
      "type": "Feature",
      "id": "jazz-0148",
      "geometry": {
        "type": "Point",
        "coordinates": [
          67.05637,
          24.7924,
          0
        ]
      },
      "properties": {
        "site_uid": "jazz-0148",
        "provider": "Jazz",
        "source_index": 148,
        "site_name_source": "KHI9230",
        "display_name": "KHI9230",
        "city_source": "",
        "geometry_type": "Point",
        "record_kind": "provider_published_5g_site",
        "is_named": true,
        "duplicate_coordinate_group": "",
        "source_dataset": "Jazz official 5G KML point placemarks",
        "source_url": "https://jazz.com.pk/KML_Coverage_map/5G_Active_Sites_with_Overlay.kml",
        "retrieved_at": "2026-08-07",
        "accuracy_note": "Exact coordinate value published in the provider KML; not independently surveyed.",
        "altitude_m": 0
      }
    },
    {
      "type": "Feature",
      "id": "jazz-0149",
      "geometry": {
        "type": "Point",
        "coordinates": [
          67.05746,
          24.80486,
          0
        ]
      },
      "properties": {
        "site_uid": "jazz-0149",
        "provider": "Jazz",
        "source_index": 149,
        "site_name_source": "KHI4116",
        "display_name": "KHI4116",
        "city_source": "",
        "geometry_type": "Point",
        "record_kind": "provider_published_5g_site",
        "is_named": true,
        "duplicate_coordinate_group": "",
        "source_dataset": "Jazz official 5G KML point placemarks",
        "source_url": "https://jazz.com.pk/KML_Coverage_map/5G_Active_Sites_with_Overlay.kml",
        "retrieved_at": "2026-08-07",
        "accuracy_note": "Exact coordinate value published in the provider KML; not independently surveyed.",
        "altitude_m": 0
      }
    },
    {
      "type": "Feature",
      "id": "jazz-0150",
      "geometry": {
        "type": "Point",
        "coordinates": [
          67.04593,
          24.79304,
          0
        ]
      },
      "properties": {
        "site_uid": "jazz-0150",
        "provider": "Jazz",
        "source_index": 150,
        "site_name_source": "KHI2515",
        "display_name": "KHI2515",
        "city_source": "",
        "geometry_type": "Point",
        "record_kind": "provider_published_5g_site",
        "is_named": true,
        "duplicate_coordinate_group": "",
        "source_dataset": "Jazz official 5G KML point placemarks",
        "source_url": "https://jazz.com.pk/KML_Coverage_map/5G_Active_Sites_with_Overlay.kml",
        "retrieved_at": "2026-08-07",
        "accuracy_note": "Exact coordinate value published in the provider KML; not independently surveyed.",
        "altitude_m": 0
      }
    },
    {
      "type": "Feature",
      "id": "jazz-0151",
      "geometry": {
        "type": "Point",
        "coordinates": [
          67.06692,
          24.80017,
          0
        ]
      },
      "properties": {
        "site_uid": "jazz-0151",
        "provider": "Jazz",
        "source_index": 151,
        "site_name_source": "KHI0717",
        "display_name": "KHI0717",
        "city_source": "",
        "geometry_type": "Point",
        "record_kind": "provider_published_5g_site",
        "is_named": true,
        "duplicate_coordinate_group": "",
        "source_dataset": "Jazz official 5G KML point placemarks",
        "source_url": "https://jazz.com.pk/KML_Coverage_map/5G_Active_Sites_with_Overlay.kml",
        "retrieved_at": "2026-08-07",
        "accuracy_note": "Exact coordinate value published in the provider KML; not independently surveyed.",
        "altitude_m": 0
      }
    },
    {
      "type": "Feature",
      "id": "jazz-0152",
      "geometry": {
        "type": "Point",
        "coordinates": [
          67.06678,
          24.79665,
          0
        ]
      },
      "properties": {
        "site_uid": "jazz-0152",
        "provider": "Jazz",
        "source_index": 152,
        "site_name_source": "KHI4117",
        "display_name": "KHI4117",
        "city_source": "",
        "geometry_type": "Point",
        "record_kind": "provider_published_5g_site",
        "is_named": true,
        "duplicate_coordinate_group": "",
        "source_dataset": "Jazz official 5G KML point placemarks",
        "source_url": "https://jazz.com.pk/KML_Coverage_map/5G_Active_Sites_with_Overlay.kml",
        "retrieved_at": "2026-08-07",
        "accuracy_note": "Exact coordinate value published in the provider KML; not independently surveyed.",
        "altitude_m": 0
      }
    },
    {
      "type": "Feature",
      "id": "jazz-0153",
      "geometry": {
        "type": "Point",
        "coordinates": [
          67.053722,
          24.802861,
          0
        ]
      },
      "properties": {
        "site_uid": "jazz-0153",
        "provider": "Jazz",
        "source_index": 153,
        "site_name_source": "KHI5065",
        "display_name": "KHI5065",
        "city_source": "",
        "geometry_type": "Point",
        "record_kind": "provider_published_5g_site",
        "is_named": true,
        "duplicate_coordinate_group": "",
        "source_dataset": "Jazz official 5G KML point placemarks",
        "source_url": "https://jazz.com.pk/KML_Coverage_map/5G_Active_Sites_with_Overlay.kml",
        "retrieved_at": "2026-08-07",
        "accuracy_note": "Exact coordinate value published in the provider KML; not independently surveyed.",
        "altitude_m": 0
      }
    },
    {
      "type": "Feature",
      "id": "jazz-0154",
      "geometry": {
        "type": "Point",
        "coordinates": [
          74.26825,
          31.46214,
          0
        ]
      },
      "properties": {
        "site_uid": "jazz-0154",
        "provider": "Jazz",
        "source_index": 154,
        "site_name_source": "LHR0371",
        "display_name": "LHR0371",
        "city_source": "",
        "geometry_type": "Point",
        "record_kind": "provider_published_5g_site",
        "is_named": true,
        "duplicate_coordinate_group": "",
        "source_dataset": "Jazz official 5G KML point placemarks",
        "source_url": "https://jazz.com.pk/KML_Coverage_map/5G_Active_Sites_with_Overlay.kml",
        "retrieved_at": "2026-08-07",
        "accuracy_note": "Exact coordinate value published in the provider KML; not independently surveyed.",
        "altitude_m": 0
      }
    },
    {
      "type": "Feature",
      "id": "jazz-0155",
      "geometry": {
        "type": "Point",
        "coordinates": [
          74.25494,
          31.47156,
          0
        ]
      },
      "properties": {
        "site_uid": "jazz-0155",
        "provider": "Jazz",
        "source_index": 155,
        "site_name_source": "LHR9787",
        "display_name": "LHR9787",
        "city_source": "",
        "geometry_type": "Point",
        "record_kind": "provider_published_5g_site",
        "is_named": true,
        "duplicate_coordinate_group": "",
        "source_dataset": "Jazz official 5G KML point placemarks",
        "source_url": "https://jazz.com.pk/KML_Coverage_map/5G_Active_Sites_with_Overlay.kml",
        "retrieved_at": "2026-08-07",
        "accuracy_note": "Exact coordinate value published in the provider KML; not independently surveyed.",
        "altitude_m": 0
      }
    },
    {
      "type": "Feature",
      "id": "jazz-0156",
      "geometry": {
        "type": "Point",
        "coordinates": [
          74.27,
          31.4557,
          0
        ]
      },
      "properties": {
        "site_uid": "jazz-0156",
        "provider": "Jazz",
        "source_index": 156,
        "site_name_source": "LHR6070",
        "display_name": "LHR6070",
        "city_source": "",
        "geometry_type": "Point",
        "record_kind": "provider_published_5g_site",
        "is_named": true,
        "duplicate_coordinate_group": "",
        "source_dataset": "Jazz official 5G KML point placemarks",
        "source_url": "https://jazz.com.pk/KML_Coverage_map/5G_Active_Sites_with_Overlay.kml",
        "retrieved_at": "2026-08-07",
        "accuracy_note": "Exact coordinate value published in the provider KML; not independently surveyed.",
        "altitude_m": 0
      }
    },
    {
      "type": "Feature",
      "id": "jazz-0157",
      "geometry": {
        "type": "Point",
        "coordinates": [
          74.34363,
          31.51051,
          0
        ]
      },
      "properties": {
        "site_uid": "jazz-0157",
        "provider": "Jazz",
        "source_index": 157,
        "site_name_source": "LHR4753",
        "display_name": "LHR4753",
        "city_source": "",
        "geometry_type": "Point",
        "record_kind": "provider_published_5g_site",
        "is_named": true,
        "duplicate_coordinate_group": "",
        "source_dataset": "Jazz official 5G KML point placemarks",
        "source_url": "https://jazz.com.pk/KML_Coverage_map/5G_Active_Sites_with_Overlay.kml",
        "retrieved_at": "2026-08-07",
        "accuracy_note": "Exact coordinate value published in the provider KML; not independently surveyed.",
        "altitude_m": 0
      }
    },
    {
      "type": "Feature",
      "id": "jazz-0158",
      "geometry": {
        "type": "Point",
        "coordinates": [
          74.33998,
          31.48635,
          0
        ]
      },
      "properties": {
        "site_uid": "jazz-0158",
        "provider": "Jazz",
        "source_index": 158,
        "site_name_source": "LHR6855",
        "display_name": "LHR6855",
        "city_source": "",
        "geometry_type": "Point",
        "record_kind": "provider_published_5g_site",
        "is_named": true,
        "duplicate_coordinate_group": "",
        "source_dataset": "Jazz official 5G KML point placemarks",
        "source_url": "https://jazz.com.pk/KML_Coverage_map/5G_Active_Sites_with_Overlay.kml",
        "retrieved_at": "2026-08-07",
        "accuracy_note": "Exact coordinate value published in the provider KML; not independently surveyed.",
        "altitude_m": 0
      }
    },
    {
      "type": "Feature",
      "id": "jazz-0159",
      "geometry": {
        "type": "Point",
        "coordinates": [
          74.3305,
          31.5162,
          0
        ]
      },
      "properties": {
        "site_uid": "jazz-0159",
        "provider": "Jazz",
        "source_index": 159,
        "site_name_source": "LHR3017",
        "display_name": "LHR3017",
        "city_source": "",
        "geometry_type": "Point",
        "record_kind": "provider_published_5g_site",
        "is_named": true,
        "duplicate_coordinate_group": "",
        "source_dataset": "Jazz official 5G KML point placemarks",
        "source_url": "https://jazz.com.pk/KML_Coverage_map/5G_Active_Sites_with_Overlay.kml",
        "retrieved_at": "2026-08-07",
        "accuracy_note": "Exact coordinate value published in the provider KML; not independently surveyed.",
        "altitude_m": 0
      }
    },
    {
      "type": "Feature",
      "id": "jazz-0160",
      "geometry": {
        "type": "Point",
        "coordinates": [
          74.34278,
          31.49172,
          0
        ]
      },
      "properties": {
        "site_uid": "jazz-0160",
        "provider": "Jazz",
        "source_index": 160,
        "site_name_source": "LHR3932",
        "display_name": "LHR3932",
        "city_source": "",
        "geometry_type": "Point",
        "record_kind": "provider_published_5g_site",
        "is_named": true,
        "duplicate_coordinate_group": "",
        "source_dataset": "Jazz official 5G KML point placemarks",
        "source_url": "https://jazz.com.pk/KML_Coverage_map/5G_Active_Sites_with_Overlay.kml",
        "retrieved_at": "2026-08-07",
        "accuracy_note": "Exact coordinate value published in the provider KML; not independently surveyed.",
        "altitude_m": 0
      }
    },
    {
      "type": "Feature",
      "id": "jazz-0161",
      "geometry": {
        "type": "Point",
        "coordinates": [
          74.33571,
          31.51577,
          0
        ]
      },
      "properties": {
        "site_uid": "jazz-0161",
        "provider": "Jazz",
        "source_index": 161,
        "site_name_source": "LHR5088",
        "display_name": "LHR5088",
        "city_source": "",
        "geometry_type": "Point",
        "record_kind": "provider_published_5g_site",
        "is_named": true,
        "duplicate_coordinate_group": "",
        "source_dataset": "Jazz official 5G KML point placemarks",
        "source_url": "https://jazz.com.pk/KML_Coverage_map/5G_Active_Sites_with_Overlay.kml",
        "retrieved_at": "2026-08-07",
        "accuracy_note": "Exact coordinate value published in the provider KML; not independently surveyed.",
        "altitude_m": 0
      }
    },
    {
      "type": "Feature",
      "id": "jazz-0162",
      "geometry": {
        "type": "Point",
        "coordinates": [
          74.29363,
          31.48188,
          0
        ]
      },
      "properties": {
        "site_uid": "jazz-0162",
        "provider": "Jazz",
        "source_index": 162,
        "site_name_source": "LHR6890",
        "display_name": "LHR6890",
        "city_source": "",
        "geometry_type": "Point",
        "record_kind": "provider_published_5g_site",
        "is_named": true,
        "duplicate_coordinate_group": "",
        "source_dataset": "Jazz official 5G KML point placemarks",
        "source_url": "https://jazz.com.pk/KML_Coverage_map/5G_Active_Sites_with_Overlay.kml",
        "retrieved_at": "2026-08-07",
        "accuracy_note": "Exact coordinate value published in the provider KML; not independently surveyed.",
        "altitude_m": 0
      }
    },
    {
      "type": "Feature",
      "id": "jazz-0163",
      "geometry": {
        "type": "Point",
        "coordinates": [
          74.29432,
          31.4773,
          0
        ]
      },
      "properties": {
        "site_uid": "jazz-0163",
        "provider": "Jazz",
        "source_index": 163,
        "site_name_source": "LHR6889",
        "display_name": "LHR6889",
        "city_source": "",
        "geometry_type": "Point",
        "record_kind": "provider_published_5g_site",
        "is_named": true,
        "duplicate_coordinate_group": "",
        "source_dataset": "Jazz official 5G KML point placemarks",
        "source_url": "https://jazz.com.pk/KML_Coverage_map/5G_Active_Sites_with_Overlay.kml",
        "retrieved_at": "2026-08-07",
        "accuracy_note": "Exact coordinate value published in the provider KML; not independently surveyed.",
        "altitude_m": 0
      }
    },
    {
      "type": "Feature",
      "id": "jazz-0164",
      "geometry": {
        "type": "Point",
        "coordinates": [
          74.29524,
          31.46231,
          0
        ]
      },
      "properties": {
        "site_uid": "jazz-0164",
        "provider": "Jazz",
        "source_index": 164,
        "site_name_source": "LHR0366",
        "display_name": "LHR0366",
        "city_source": "",
        "geometry_type": "Point",
        "record_kind": "provider_published_5g_site",
        "is_named": true,
        "duplicate_coordinate_group": "",
        "source_dataset": "Jazz official 5G KML point placemarks",
        "source_url": "https://jazz.com.pk/KML_Coverage_map/5G_Active_Sites_with_Overlay.kml",
        "retrieved_at": "2026-08-07",
        "accuracy_note": "Exact coordinate value published in the provider KML; not independently surveyed.",
        "altitude_m": 0
      }
    },
    {
      "type": "Feature",
      "id": "jazz-0165",
      "geometry": {
        "type": "Point",
        "coordinates": [
          74.29784,
          31.46932,
          0
        ]
      },
      "properties": {
        "site_uid": "jazz-0165",
        "provider": "Jazz",
        "source_index": 165,
        "site_name_source": "LHR9227",
        "display_name": "LHR9227",
        "city_source": "",
        "geometry_type": "Point",
        "record_kind": "provider_published_5g_site",
        "is_named": true,
        "duplicate_coordinate_group": "",
        "source_dataset": "Jazz official 5G KML point placemarks",
        "source_url": "https://jazz.com.pk/KML_Coverage_map/5G_Active_Sites_with_Overlay.kml",
        "retrieved_at": "2026-08-07",
        "accuracy_note": "Exact coordinate value published in the provider KML; not independently surveyed.",
        "altitude_m": 0
      }
    },
    {
      "type": "Feature",
      "id": "jazz-0166",
      "geometry": {
        "type": "Point",
        "coordinates": [
          74.29393,
          31.45715,
          0
        ]
      },
      "properties": {
        "site_uid": "jazz-0166",
        "provider": "Jazz",
        "source_index": 166,
        "site_name_source": "LHR6886",
        "display_name": "LHR6886",
        "city_source": "",
        "geometry_type": "Point",
        "record_kind": "provider_published_5g_site",
        "is_named": true,
        "duplicate_coordinate_group": "",
        "source_dataset": "Jazz official 5G KML point placemarks",
        "source_url": "https://jazz.com.pk/KML_Coverage_map/5G_Active_Sites_with_Overlay.kml",
        "retrieved_at": "2026-08-07",
        "accuracy_note": "Exact coordinate value published in the provider KML; not independently surveyed.",
        "altitude_m": 0
      }
    },
    {
      "type": "Feature",
      "id": "jazz-0167",
      "geometry": {
        "type": "Point",
        "coordinates": [
          74.29293,
          31.44955,
          0
        ]
      },
      "properties": {
        "site_uid": "jazz-0167",
        "provider": "Jazz",
        "source_index": 167,
        "site_name_source": "LHR6883",
        "display_name": "LHR6883",
        "city_source": "",
        "geometry_type": "Point",
        "record_kind": "provider_published_5g_site",
        "is_named": true,
        "duplicate_coordinate_group": "",
        "source_dataset": "Jazz official 5G KML point placemarks",
        "source_url": "https://jazz.com.pk/KML_Coverage_map/5G_Active_Sites_with_Overlay.kml",
        "retrieved_at": "2026-08-07",
        "accuracy_note": "Exact coordinate value published in the provider KML; not independently surveyed.",
        "altitude_m": 0
      }
    },
    {
      "type": "Feature",
      "id": "jazz-0168",
      "geometry": {
        "type": "Point",
        "coordinates": [
          74.2855,
          31.4497,
          0
        ]
      },
      "properties": {
        "site_uid": "jazz-0168",
        "provider": "Jazz",
        "source_index": 168,
        "site_name_source": "LHR3042",
        "display_name": "LHR3042",
        "city_source": "",
        "geometry_type": "Point",
        "record_kind": "provider_published_5g_site",
        "is_named": true,
        "duplicate_coordinate_group": "",
        "source_dataset": "Jazz official 5G KML point placemarks",
        "source_url": "https://jazz.com.pk/KML_Coverage_map/5G_Active_Sites_with_Overlay.kml",
        "retrieved_at": "2026-08-07",
        "accuracy_note": "Exact coordinate value published in the provider KML; not independently surveyed.",
        "altitude_m": 0
      }
    },
    {
      "type": "Feature",
      "id": "jazz-0169",
      "geometry": {
        "type": "Point",
        "coordinates": [
          74.28927,
          31.43836,
          0
        ]
      },
      "properties": {
        "site_uid": "jazz-0169",
        "provider": "Jazz",
        "source_index": 169,
        "site_name_source": "LHR0593",
        "display_name": "LHR0593",
        "city_source": "",
        "geometry_type": "Point",
        "record_kind": "provider_published_5g_site",
        "is_named": true,
        "duplicate_coordinate_group": "",
        "source_dataset": "Jazz official 5G KML point placemarks",
        "source_url": "https://jazz.com.pk/KML_Coverage_map/5G_Active_Sites_with_Overlay.kml",
        "retrieved_at": "2026-08-07",
        "accuracy_note": "Exact coordinate value published in the provider KML; not independently surveyed.",
        "altitude_m": 0
      }
    },
    {
      "type": "Feature",
      "id": "jazz-0170",
      "geometry": {
        "type": "Point",
        "coordinates": [
          74.29232,
          31.4442,
          0
        ]
      },
      "properties": {
        "site_uid": "jazz-0170",
        "provider": "Jazz",
        "source_index": 170,
        "site_name_source": "LHR8857",
        "display_name": "LHR8857",
        "city_source": "",
        "geometry_type": "Point",
        "record_kind": "provider_published_5g_site",
        "is_named": true,
        "duplicate_coordinate_group": "",
        "source_dataset": "Jazz official 5G KML point placemarks",
        "source_url": "https://jazz.com.pk/KML_Coverage_map/5G_Active_Sites_with_Overlay.kml",
        "retrieved_at": "2026-08-07",
        "accuracy_note": "Exact coordinate value published in the provider KML; not independently surveyed.",
        "altitude_m": 0
      }
    },
    {
      "type": "Feature",
      "id": "jazz-0171",
      "geometry": {
        "type": "Point",
        "coordinates": [
          74.272,
          31.471,
          0
        ]
      },
      "properties": {
        "site_uid": "jazz-0171",
        "provider": "Jazz",
        "source_index": 171,
        "site_name_source": "LHR6885",
        "display_name": "LHR6885",
        "city_source": "",
        "geometry_type": "Point",
        "record_kind": "provider_published_5g_site",
        "is_named": true,
        "duplicate_coordinate_group": "",
        "source_dataset": "Jazz official 5G KML point placemarks",
        "source_url": "https://jazz.com.pk/KML_Coverage_map/5G_Active_Sites_with_Overlay.kml",
        "retrieved_at": "2026-08-07",
        "accuracy_note": "Exact coordinate value published in the provider KML; not independently surveyed.",
        "altitude_m": 0
      }
    },
    {
      "type": "Feature",
      "id": "jazz-0172",
      "geometry": {
        "type": "Point",
        "coordinates": [
          74.275334,
          31.46025,
          0
        ]
      },
      "properties": {
        "site_uid": "jazz-0172",
        "provider": "Jazz",
        "source_index": 172,
        "site_name_source": "LHR6416",
        "display_name": "LHR6416",
        "city_source": "",
        "geometry_type": "Point",
        "record_kind": "provider_published_5g_site",
        "is_named": true,
        "duplicate_coordinate_group": "",
        "source_dataset": "Jazz official 5G KML point placemarks",
        "source_url": "https://jazz.com.pk/KML_Coverage_map/5G_Active_Sites_with_Overlay.kml",
        "retrieved_at": "2026-08-07",
        "accuracy_note": "Exact coordinate value published in the provider KML; not independently surveyed.",
        "altitude_m": 0
      }
    },
    {
      "type": "Feature",
      "id": "jazz-0173",
      "geometry": {
        "type": "Point",
        "coordinates": [
          74.27736,
          31.44795,
          0
        ]
      },
      "properties": {
        "site_uid": "jazz-0173",
        "provider": "Jazz",
        "source_index": 173,
        "site_name_source": "LHR6107",
        "display_name": "LHR6107",
        "city_source": "",
        "geometry_type": "Point",
        "record_kind": "provider_published_5g_site",
        "is_named": true,
        "duplicate_coordinate_group": "",
        "source_dataset": "Jazz official 5G KML point placemarks",
        "source_url": "https://jazz.com.pk/KML_Coverage_map/5G_Active_Sites_with_Overlay.kml",
        "retrieved_at": "2026-08-07",
        "accuracy_note": "Exact coordinate value published in the provider KML; not independently surveyed.",
        "altitude_m": 0
      }
    },
    {
      "type": "Feature",
      "id": "jazz-0174",
      "geometry": {
        "type": "Point",
        "coordinates": [
          74.27984,
          31.46683,
          0
        ]
      },
      "properties": {
        "site_uid": "jazz-0174",
        "provider": "Jazz",
        "source_index": 174,
        "site_name_source": "LHR6882",
        "display_name": "LHR6882",
        "city_source": "",
        "geometry_type": "Point",
        "record_kind": "provider_published_5g_site",
        "is_named": true,
        "duplicate_coordinate_group": "",
        "source_dataset": "Jazz official 5G KML point placemarks",
        "source_url": "https://jazz.com.pk/KML_Coverage_map/5G_Active_Sites_with_Overlay.kml",
        "retrieved_at": "2026-08-07",
        "accuracy_note": "Exact coordinate value published in the provider KML; not independently surveyed.",
        "altitude_m": 0
      }
    },
    {
      "type": "Feature",
      "id": "jazz-0175",
      "geometry": {
        "type": "Point",
        "coordinates": [
          74.2691,
          31.4761,
          0
        ]
      },
      "properties": {
        "site_uid": "jazz-0175",
        "provider": "Jazz",
        "source_index": 175,
        "site_name_source": "LHR0553",
        "display_name": "LHR0553",
        "city_source": "",
        "geometry_type": "Point",
        "record_kind": "provider_published_5g_site",
        "is_named": true,
        "duplicate_coordinate_group": "",
        "source_dataset": "Jazz official 5G KML point placemarks",
        "source_url": "https://jazz.com.pk/KML_Coverage_map/5G_Active_Sites_with_Overlay.kml",
        "retrieved_at": "2026-08-07",
        "accuracy_note": "Exact coordinate value published in the provider KML; not independently surveyed.",
        "altitude_m": 0
      }
    },
    {
      "type": "Feature",
      "id": "jazz-0176",
      "geometry": {
        "type": "Point",
        "coordinates": [
          74.2863,
          31.4667,
          0
        ]
      },
      "properties": {
        "site_uid": "jazz-0176",
        "provider": "Jazz",
        "source_index": 176,
        "site_name_source": "LHR0422",
        "display_name": "LHR0422",
        "city_source": "",
        "geometry_type": "Point",
        "record_kind": "provider_published_5g_site",
        "is_named": true,
        "duplicate_coordinate_group": "",
        "source_dataset": "Jazz official 5G KML point placemarks",
        "source_url": "https://jazz.com.pk/KML_Coverage_map/5G_Active_Sites_with_Overlay.kml",
        "retrieved_at": "2026-08-07",
        "accuracy_note": "Exact coordinate value published in the provider KML; not independently surveyed.",
        "altitude_m": 0
      }
    },
    {
      "type": "Feature",
      "id": "jazz-0177",
      "geometry": {
        "type": "Point",
        "coordinates": [
          74.2755,
          31.4654,
          0
        ]
      },
      "properties": {
        "site_uid": "jazz-0177",
        "provider": "Jazz",
        "source_index": 177,
        "site_name_source": "LHR3012",
        "display_name": "LHR3012",
        "city_source": "",
        "geometry_type": "Point",
        "record_kind": "provider_published_5g_site",
        "is_named": true,
        "duplicate_coordinate_group": "",
        "source_dataset": "Jazz official 5G KML point placemarks",
        "source_url": "https://jazz.com.pk/KML_Coverage_map/5G_Active_Sites_with_Overlay.kml",
        "retrieved_at": "2026-08-07",
        "accuracy_note": "Exact coordinate value published in the provider KML; not independently surveyed.",
        "altitude_m": 0
      }
    },
    {
      "type": "Feature",
      "id": "jazz-0178",
      "geometry": {
        "type": "Point",
        "coordinates": [
          74.2861,
          31.4724,
          0
        ]
      },
      "properties": {
        "site_uid": "jazz-0178",
        "provider": "Jazz",
        "source_index": 178,
        "site_name_source": "LHR3466",
        "display_name": "LHR3466",
        "city_source": "",
        "geometry_type": "Point",
        "record_kind": "provider_published_5g_site",
        "is_named": true,
        "duplicate_coordinate_group": "",
        "source_dataset": "Jazz official 5G KML point placemarks",
        "source_url": "https://jazz.com.pk/KML_Coverage_map/5G_Active_Sites_with_Overlay.kml",
        "retrieved_at": "2026-08-07",
        "accuracy_note": "Exact coordinate value published in the provider KML; not independently surveyed.",
        "altitude_m": 0
      }
    },
    {
      "type": "Feature",
      "id": "jazz-0179",
      "geometry": {
        "type": "Point",
        "coordinates": [
          74.275306,
          31.454056,
          0
        ]
      },
      "properties": {
        "site_uid": "jazz-0179",
        "provider": "Jazz",
        "source_index": 179,
        "site_name_source": "LHR3470",
        "display_name": "LHR3470",
        "city_source": "",
        "geometry_type": "Point",
        "record_kind": "provider_published_5g_site",
        "is_named": true,
        "duplicate_coordinate_group": "",
        "source_dataset": "Jazz official 5G KML point placemarks",
        "source_url": "https://jazz.com.pk/KML_Coverage_map/5G_Active_Sites_with_Overlay.kml",
        "retrieved_at": "2026-08-07",
        "accuracy_note": "Exact coordinate value published in the provider KML; not independently surveyed.",
        "altitude_m": 0
      }
    },
    {
      "type": "Feature",
      "id": "jazz-0180",
      "geometry": {
        "type": "Point",
        "coordinates": [
          74.27844,
          31.45197,
          0
        ]
      },
      "properties": {
        "site_uid": "jazz-0180",
        "provider": "Jazz",
        "source_index": 180,
        "site_name_source": "LHR6891",
        "display_name": "LHR6891",
        "city_source": "",
        "geometry_type": "Point",
        "record_kind": "provider_published_5g_site",
        "is_named": true,
        "duplicate_coordinate_group": "",
        "source_dataset": "Jazz official 5G KML point placemarks",
        "source_url": "https://jazz.com.pk/KML_Coverage_map/5G_Active_Sites_with_Overlay.kml",
        "retrieved_at": "2026-08-07",
        "accuracy_note": "Exact coordinate value published in the provider KML; not independently surveyed.",
        "altitude_m": 0
      }
    },
    {
      "type": "Feature",
      "id": "jazz-0181",
      "geometry": {
        "type": "Point",
        "coordinates": [
          74.2886,
          31.4766,
          0
        ]
      },
      "properties": {
        "site_uid": "jazz-0181",
        "provider": "Jazz",
        "source_index": 181,
        "site_name_source": "LHR3034",
        "display_name": "LHR3034",
        "city_source": "",
        "geometry_type": "Point",
        "record_kind": "provider_published_5g_site",
        "is_named": true,
        "duplicate_coordinate_group": "",
        "source_dataset": "Jazz official 5G KML point placemarks",
        "source_url": "https://jazz.com.pk/KML_Coverage_map/5G_Active_Sites_with_Overlay.kml",
        "retrieved_at": "2026-08-07",
        "accuracy_note": "Exact coordinate value published in the provider KML; not independently surveyed.",
        "altitude_m": 0
      }
    },
    {
      "type": "Feature",
      "id": "jazz-0182",
      "geometry": {
        "type": "Point",
        "coordinates": [
          74.3815,
          31.50537,
          0
        ]
      },
      "properties": {
        "site_uid": "jazz-0182",
        "provider": "Jazz",
        "source_index": 182,
        "site_name_source": "LHR6045",
        "display_name": "LHR6045",
        "city_source": "",
        "geometry_type": "Point",
        "record_kind": "provider_published_5g_site",
        "is_named": true,
        "duplicate_coordinate_group": "",
        "source_dataset": "Jazz official 5G KML point placemarks",
        "source_url": "https://jazz.com.pk/KML_Coverage_map/5G_Active_Sites_with_Overlay.kml",
        "retrieved_at": "2026-08-07",
        "accuracy_note": "Exact coordinate value published in the provider KML; not independently surveyed.",
        "altitude_m": 0
      }
    },
    {
      "type": "Feature",
      "id": "jazz-0183",
      "geometry": {
        "type": "Point",
        "coordinates": [
          74.38407,
          31.50106,
          0
        ]
      },
      "properties": {
        "site_uid": "jazz-0183",
        "provider": "Jazz",
        "source_index": 183,
        "site_name_source": "LHR3619",
        "display_name": "LHR3619",
        "city_source": "",
        "geometry_type": "Point",
        "record_kind": "provider_published_5g_site",
        "is_named": true,
        "duplicate_coordinate_group": "",
        "source_dataset": "Jazz official 5G KML point placemarks",
        "source_url": "https://jazz.com.pk/KML_Coverage_map/5G_Active_Sites_with_Overlay.kml",
        "retrieved_at": "2026-08-07",
        "accuracy_note": "Exact coordinate value published in the provider KML; not independently surveyed.",
        "altitude_m": 0
      }
    },
    {
      "type": "Feature",
      "id": "jazz-0184",
      "geometry": {
        "type": "Point",
        "coordinates": [
          74.3981,
          31.49239,
          0
        ]
      },
      "properties": {
        "site_uid": "jazz-0184",
        "provider": "Jazz",
        "source_index": 184,
        "site_name_source": "LHR1366",
        "display_name": "LHR1366",
        "city_source": "",
        "geometry_type": "Point",
        "record_kind": "provider_published_5g_site",
        "is_named": true,
        "duplicate_coordinate_group": "",
        "source_dataset": "Jazz official 5G KML point placemarks",
        "source_url": "https://jazz.com.pk/KML_Coverage_map/5G_Active_Sites_with_Overlay.kml",
        "retrieved_at": "2026-08-07",
        "accuracy_note": "Exact coordinate value published in the provider KML; not independently surveyed.",
        "altitude_m": 0
      }
    },
    {
      "type": "Feature",
      "id": "jazz-0185",
      "geometry": {
        "type": "Point",
        "coordinates": [
          74.4154,
          31.49661,
          0
        ]
      },
      "properties": {
        "site_uid": "jazz-0185",
        "provider": "Jazz",
        "source_index": 185,
        "site_name_source": "LHR6822",
        "display_name": "LHR6822",
        "city_source": "",
        "geometry_type": "Point",
        "record_kind": "provider_published_5g_site",
        "is_named": true,
        "duplicate_coordinate_group": "",
        "source_dataset": "Jazz official 5G KML point placemarks",
        "source_url": "https://jazz.com.pk/KML_Coverage_map/5G_Active_Sites_with_Overlay.kml",
        "retrieved_at": "2026-08-07",
        "accuracy_note": "Exact coordinate value published in the provider KML; not independently surveyed.",
        "altitude_m": 0
      }
    },
    {
      "type": "Feature",
      "id": "jazz-0186",
      "geometry": {
        "type": "Point",
        "coordinates": [
          74.40244,
          31.48911,
          0
        ]
      },
      "properties": {
        "site_uid": "jazz-0186",
        "provider": "Jazz",
        "source_index": 186,
        "site_name_source": "LHR6828",
        "display_name": "LHR6828",
        "city_source": "",
        "geometry_type": "Point",
        "record_kind": "provider_published_5g_site",
        "is_named": true,
        "duplicate_coordinate_group": "",
        "source_dataset": "Jazz official 5G KML point placemarks",
        "source_url": "https://jazz.com.pk/KML_Coverage_map/5G_Active_Sites_with_Overlay.kml",
        "retrieved_at": "2026-08-07",
        "accuracy_note": "Exact coordinate value published in the provider KML; not independently surveyed.",
        "altitude_m": 0
      }
    },
    {
      "type": "Feature",
      "id": "jazz-0187",
      "geometry": {
        "type": "Point",
        "coordinates": [
          74.41953,
          31.53301,
          0
        ]
      },
      "properties": {
        "site_uid": "jazz-0187",
        "provider": "Jazz",
        "source_index": 187,
        "site_name_source": "LHR1028",
        "display_name": "LHR1028",
        "city_source": "",
        "geometry_type": "Point",
        "record_kind": "provider_published_5g_site",
        "is_named": true,
        "duplicate_coordinate_group": "",
        "source_dataset": "Jazz official 5G KML point placemarks",
        "source_url": "https://jazz.com.pk/KML_Coverage_map/5G_Active_Sites_with_Overlay.kml",
        "retrieved_at": "2026-08-07",
        "accuracy_note": "Exact coordinate value published in the provider KML; not independently surveyed.",
        "altitude_m": 0
      }
    },
    {
      "type": "Feature",
      "id": "jazz-0188",
      "geometry": {
        "type": "Point",
        "coordinates": [
          74.36591,
          31.47261,
          0
        ]
      },
      "properties": {
        "site_uid": "jazz-0188",
        "provider": "Jazz",
        "source_index": 188,
        "site_name_source": "LHR2846",
        "display_name": "LHR2846",
        "city_source": "",
        "geometry_type": "Point",
        "record_kind": "provider_published_5g_site",
        "is_named": true,
        "duplicate_coordinate_group": "",
        "source_dataset": "Jazz official 5G KML point placemarks",
        "source_url": "https://jazz.com.pk/KML_Coverage_map/5G_Active_Sites_with_Overlay.kml",
        "retrieved_at": "2026-08-07",
        "accuracy_note": "Exact coordinate value published in the provider KML; not independently surveyed.",
        "altitude_m": 0
      }
    },
    {
      "type": "Feature",
      "id": "jazz-0189",
      "geometry": {
        "type": "Point",
        "coordinates": [
          74.34778,
          31.47531,
          0
        ]
      },
      "properties": {
        "site_uid": "jazz-0189",
        "provider": "Jazz",
        "source_index": 189,
        "site_name_source": "LHR0241",
        "display_name": "LHR0241",
        "city_source": "",
        "geometry_type": "Point",
        "record_kind": "provider_published_5g_site",
        "is_named": true,
        "duplicate_coordinate_group": "",
        "source_dataset": "Jazz official 5G KML point placemarks",
        "source_url": "https://jazz.com.pk/KML_Coverage_map/5G_Active_Sites_with_Overlay.kml",
        "retrieved_at": "2026-08-07",
        "accuracy_note": "Exact coordinate value published in the provider KML; not independently surveyed.",
        "altitude_m": 0
      }
    },
    {
      "type": "Feature",
      "id": "jazz-0190",
      "geometry": {
        "type": "Point",
        "coordinates": [
          74.358494,
          31.496088,
          0
        ]
      },
      "properties": {
        "site_uid": "jazz-0190",
        "provider": "Jazz",
        "source_index": 190,
        "site_name_source": "LHR5826",
        "display_name": "LHR5826",
        "city_source": "",
        "geometry_type": "Point",
        "record_kind": "provider_published_5g_site",
        "is_named": true,
        "duplicate_coordinate_group": "",
        "source_dataset": "Jazz official 5G KML point placemarks",
        "source_url": "https://jazz.com.pk/KML_Coverage_map/5G_Active_Sites_with_Overlay.kml",
        "retrieved_at": "2026-08-07",
        "accuracy_note": "Exact coordinate value published in the provider KML; not independently surveyed.",
        "altitude_m": 0
      }
    },
    {
      "type": "Feature",
      "id": "jazz-0191",
      "geometry": {
        "type": "Point",
        "coordinates": [
          74.3587,
          31.4944,
          0
        ]
      },
      "properties": {
        "site_uid": "jazz-0191",
        "provider": "Jazz",
        "source_index": 191,
        "site_name_source": "LHR0551",
        "display_name": "LHR0551",
        "city_source": "",
        "geometry_type": "Point",
        "record_kind": "provider_published_5g_site",
        "is_named": true,
        "duplicate_coordinate_group": "",
        "source_dataset": "Jazz official 5G KML point placemarks",
        "source_url": "https://jazz.com.pk/KML_Coverage_map/5G_Active_Sites_with_Overlay.kml",
        "retrieved_at": "2026-08-07",
        "accuracy_note": "Exact coordinate value published in the provider KML; not independently surveyed.",
        "altitude_m": 0
      }
    },
    {
      "type": "Feature",
      "id": "jazz-0192",
      "geometry": {
        "type": "Point",
        "coordinates": [
          74.27885,
          31.44423,
          0
        ]
      },
      "properties": {
        "site_uid": "jazz-0192",
        "provider": "Jazz",
        "source_index": 192,
        "site_name_source": "LHR6876",
        "display_name": "LHR6876",
        "city_source": "",
        "geometry_type": "Point",
        "record_kind": "provider_published_5g_site",
        "is_named": true,
        "duplicate_coordinate_group": "",
        "source_dataset": "Jazz official 5G KML point placemarks",
        "source_url": "https://jazz.com.pk/KML_Coverage_map/5G_Active_Sites_with_Overlay.kml",
        "retrieved_at": "2026-08-07",
        "accuracy_note": "Exact coordinate value published in the provider KML; not independently surveyed.",
        "altitude_m": 0
      }
    },
    {
      "type": "Feature",
      "id": "jazz-0193",
      "geometry": {
        "type": "Point",
        "coordinates": [
          74.33549,
          31.52498,
          0
        ]
      },
      "properties": {
        "site_uid": "jazz-0193",
        "provider": "Jazz",
        "source_index": 193,
        "site_name_source": "LHR9786",
        "display_name": "LHR9786",
        "city_source": "",
        "geometry_type": "Point",
        "record_kind": "provider_published_5g_site",
        "is_named": true,
        "duplicate_coordinate_group": "",
        "source_dataset": "Jazz official 5G KML point placemarks",
        "source_url": "https://jazz.com.pk/KML_Coverage_map/5G_Active_Sites_with_Overlay.kml",
        "retrieved_at": "2026-08-07",
        "accuracy_note": "Exact coordinate value published in the provider KML; not independently surveyed.",
        "altitude_m": 0
      }
    },
    {
      "type": "Feature",
      "id": "jazz-0194",
      "geometry": {
        "type": "Point",
        "coordinates": [
          74.3459,
          31.5154,
          0
        ]
      },
      "properties": {
        "site_uid": "jazz-0194",
        "provider": "Jazz",
        "source_index": 194,
        "site_name_source": "LHR0262",
        "display_name": "LHR0262",
        "city_source": "",
        "geometry_type": "Point",
        "record_kind": "provider_published_5g_site",
        "is_named": true,
        "duplicate_coordinate_group": "",
        "source_dataset": "Jazz official 5G KML point placemarks",
        "source_url": "https://jazz.com.pk/KML_Coverage_map/5G_Active_Sites_with_Overlay.kml",
        "retrieved_at": "2026-08-07",
        "accuracy_note": "Exact coordinate value published in the provider KML; not independently surveyed.",
        "altitude_m": 0
      }
    },
    {
      "type": "Feature",
      "id": "jazz-0195",
      "geometry": {
        "type": "Point",
        "coordinates": [
          74.35778,
          31.50145,
          0
        ]
      },
      "properties": {
        "site_uid": "jazz-0195",
        "provider": "Jazz",
        "source_index": 195,
        "site_name_source": "LHR6053",
        "display_name": "LHR6053",
        "city_source": "",
        "geometry_type": "Point",
        "record_kind": "provider_published_5g_site",
        "is_named": true,
        "duplicate_coordinate_group": "",
        "source_dataset": "Jazz official 5G KML point placemarks",
        "source_url": "https://jazz.com.pk/KML_Coverage_map/5G_Active_Sites_with_Overlay.kml",
        "retrieved_at": "2026-08-07",
        "accuracy_note": "Exact coordinate value published in the provider KML; not independently surveyed.",
        "altitude_m": 0
      }
    },
    {
      "type": "Feature",
      "id": "jazz-0196",
      "geometry": {
        "type": "Point",
        "coordinates": [
          74.3507,
          31.5215,
          0
        ]
      },
      "properties": {
        "site_uid": "jazz-0196",
        "provider": "Jazz",
        "source_index": 196,
        "site_name_source": "LHR0196",
        "display_name": "LHR0196",
        "city_source": "",
        "geometry_type": "Point",
        "record_kind": "provider_published_5g_site",
        "is_named": true,
        "duplicate_coordinate_group": "",
        "source_dataset": "Jazz official 5G KML point placemarks",
        "source_url": "https://jazz.com.pk/KML_Coverage_map/5G_Active_Sites_with_Overlay.kml",
        "retrieved_at": "2026-08-07",
        "accuracy_note": "Exact coordinate value published in the provider KML; not independently surveyed.",
        "altitude_m": 0
      }
    },
    {
      "type": "Feature",
      "id": "jazz-0197",
      "geometry": {
        "type": "Point",
        "coordinates": [
          74.35104,
          31.50896,
          0
        ]
      },
      "properties": {
        "site_uid": "jazz-0197",
        "provider": "Jazz",
        "source_index": 197,
        "site_name_source": "LHR1317",
        "display_name": "LHR1317",
        "city_source": "",
        "geometry_type": "Point",
        "record_kind": "provider_published_5g_site",
        "is_named": true,
        "duplicate_coordinate_group": "",
        "source_dataset": "Jazz official 5G KML point placemarks",
        "source_url": "https://jazz.com.pk/KML_Coverage_map/5G_Active_Sites_with_Overlay.kml",
        "retrieved_at": "2026-08-07",
        "accuracy_note": "Exact coordinate value published in the provider KML; not independently surveyed.",
        "altitude_m": 0
      }
    },
    {
      "type": "Feature",
      "id": "jazz-0198",
      "geometry": {
        "type": "Point",
        "coordinates": [
          74.3585,
          31.51573,
          0
        ]
      },
      "properties": {
        "site_uid": "jazz-0198",
        "provider": "Jazz",
        "source_index": 198,
        "site_name_source": "LHR9828",
        "display_name": "LHR9828",
        "city_source": "",
        "geometry_type": "Point",
        "record_kind": "provider_published_5g_site",
        "is_named": true,
        "duplicate_coordinate_group": "",
        "source_dataset": "Jazz official 5G KML point placemarks",
        "source_url": "https://jazz.com.pk/KML_Coverage_map/5G_Active_Sites_with_Overlay.kml",
        "retrieved_at": "2026-08-07",
        "accuracy_note": "Exact coordinate value published in the provider KML; not independently surveyed.",
        "altitude_m": 0
      }
    },
    {
      "type": "Feature",
      "id": "jazz-0199",
      "geometry": {
        "type": "Point",
        "coordinates": [
          74.35371,
          31.52151,
          0
        ]
      },
      "properties": {
        "site_uid": "jazz-0199",
        "provider": "Jazz",
        "source_index": 199,
        "site_name_source": "LHR1547",
        "display_name": "LHR1547",
        "city_source": "",
        "geometry_type": "Point",
        "record_kind": "provider_published_5g_site",
        "is_named": true,
        "duplicate_coordinate_group": "",
        "source_dataset": "Jazz official 5G KML point placemarks",
        "source_url": "https://jazz.com.pk/KML_Coverage_map/5G_Active_Sites_with_Overlay.kml",
        "retrieved_at": "2026-08-07",
        "accuracy_note": "Exact coordinate value published in the provider KML; not independently surveyed.",
        "altitude_m": 0
      }
    },
    {
      "type": "Feature",
      "id": "jazz-0200",
      "geometry": {
        "type": "Point",
        "coordinates": [
          74.36125,
          31.504306,
          0
        ]
      },
      "properties": {
        "site_uid": "jazz-0200",
        "provider": "Jazz",
        "source_index": 200,
        "site_name_source": "LHR3607",
        "display_name": "LHR3607",
        "city_source": "",
        "geometry_type": "Point",
        "record_kind": "provider_published_5g_site",
        "is_named": true,
        "duplicate_coordinate_group": "",
        "source_dataset": "Jazz official 5G KML point placemarks",
        "source_url": "https://jazz.com.pk/KML_Coverage_map/5G_Active_Sites_with_Overlay.kml",
        "retrieved_at": "2026-08-07",
        "accuracy_note": "Exact coordinate value published in the provider KML; not independently surveyed.",
        "altitude_m": 0
      }
    },
    {
      "type": "Feature",
      "id": "jazz-0201",
      "geometry": {
        "type": "Point",
        "coordinates": [
          74.34987,
          31.51963,
          0
        ]
      },
      "properties": {
        "site_uid": "jazz-0201",
        "provider": "Jazz",
        "source_index": 201,
        "site_name_source": "LHR9851",
        "display_name": "LHR9851",
        "city_source": "",
        "geometry_type": "Point",
        "record_kind": "provider_published_5g_site",
        "is_named": true,
        "duplicate_coordinate_group": "",
        "source_dataset": "Jazz official 5G KML point placemarks",
        "source_url": "https://jazz.com.pk/KML_Coverage_map/5G_Active_Sites_with_Overlay.kml",
        "retrieved_at": "2026-08-07",
        "accuracy_note": "Exact coordinate value published in the provider KML; not independently surveyed.",
        "altitude_m": 0
      }
    },
    {
      "type": "Feature",
      "id": "jazz-0202",
      "geometry": {
        "type": "Point",
        "coordinates": [
          74.3606,
          31.51973,
          0
        ]
      },
      "properties": {
        "site_uid": "jazz-0202",
        "provider": "Jazz",
        "source_index": 202,
        "site_name_source": "LHR6058",
        "display_name": "LHR6058",
        "city_source": "",
        "geometry_type": "Point",
        "record_kind": "provider_published_5g_site",
        "is_named": true,
        "duplicate_coordinate_group": "",
        "source_dataset": "Jazz official 5G KML point placemarks",
        "source_url": "https://jazz.com.pk/KML_Coverage_map/5G_Active_Sites_with_Overlay.kml",
        "retrieved_at": "2026-08-07",
        "accuracy_note": "Exact coordinate value published in the provider KML; not independently surveyed.",
        "altitude_m": 0
      }
    },
    {
      "type": "Feature",
      "id": "jazz-0203",
      "geometry": {
        "type": "Point",
        "coordinates": [
          74.343,
          31.5275,
          0
        ]
      },
      "properties": {
        "site_uid": "jazz-0203",
        "provider": "Jazz",
        "source_index": 203,
        "site_name_source": "LHR3022",
        "display_name": "LHR3022",
        "city_source": "",
        "geometry_type": "Point",
        "record_kind": "provider_published_5g_site",
        "is_named": true,
        "duplicate_coordinate_group": "",
        "source_dataset": "Jazz official 5G KML point placemarks",
        "source_url": "https://jazz.com.pk/KML_Coverage_map/5G_Active_Sites_with_Overlay.kml",
        "retrieved_at": "2026-08-07",
        "accuracy_note": "Exact coordinate value published in the provider KML; not independently surveyed.",
        "altitude_m": 0
      }
    },
    {
      "type": "Feature",
      "id": "jazz-0204",
      "geometry": {
        "type": "Point",
        "coordinates": [
          74.35195,
          31.51593,
          0
        ]
      },
      "properties": {
        "site_uid": "jazz-0204",
        "provider": "Jazz",
        "source_index": 204,
        "site_name_source": "LHR0643",
        "display_name": "LHR0643",
        "city_source": "",
        "geometry_type": "Point",
        "record_kind": "provider_published_5g_site",
        "is_named": true,
        "duplicate_coordinate_group": "",
        "source_dataset": "Jazz official 5G KML point placemarks",
        "source_url": "https://jazz.com.pk/KML_Coverage_map/5G_Active_Sites_with_Overlay.kml",
        "retrieved_at": "2026-08-07",
        "accuracy_note": "Exact coordinate value published in the provider KML; not independently surveyed.",
        "altitude_m": 0
      }
    },
    {
      "type": "Feature",
      "id": "jazz-0205",
      "geometry": {
        "type": "Point",
        "coordinates": [
          74.3412,
          31.5209,
          0
        ]
      },
      "properties": {
        "site_uid": "jazz-0205",
        "provider": "Jazz",
        "source_index": 205,
        "site_name_source": "LHR0549",
        "display_name": "LHR0549",
        "city_source": "",
        "geometry_type": "Point",
        "record_kind": "provider_published_5g_site",
        "is_named": true,
        "duplicate_coordinate_group": "",
        "source_dataset": "Jazz official 5G KML point placemarks",
        "source_url": "https://jazz.com.pk/KML_Coverage_map/5G_Active_Sites_with_Overlay.kml",
        "retrieved_at": "2026-08-07",
        "accuracy_note": "Exact coordinate value published in the provider KML; not independently surveyed.",
        "altitude_m": 0
      }
    },
    {
      "type": "Feature",
      "id": "jazz-0206",
      "geometry": {
        "type": "Point",
        "coordinates": [
          74.35082,
          31.51313,
          0
        ]
      },
      "properties": {
        "site_uid": "jazz-0206",
        "provider": "Jazz",
        "source_index": 206,
        "site_name_source": "LHR6055",
        "display_name": "LHR6055",
        "city_source": "",
        "geometry_type": "Point",
        "record_kind": "provider_published_5g_site",
        "is_named": true,
        "duplicate_coordinate_group": "",
        "source_dataset": "Jazz official 5G KML point placemarks",
        "source_url": "https://jazz.com.pk/KML_Coverage_map/5G_Active_Sites_with_Overlay.kml",
        "retrieved_at": "2026-08-07",
        "accuracy_note": "Exact coordinate value published in the provider KML; not independently surveyed.",
        "altitude_m": 0
      }
    },
    {
      "type": "Feature",
      "id": "jazz-0207",
      "geometry": {
        "type": "Point",
        "coordinates": [
          74.3571,
          31.521,
          0
        ]
      },
      "properties": {
        "site_uid": "jazz-0207",
        "provider": "Jazz",
        "source_index": 207,
        "site_name_source": "LHR0620",
        "display_name": "LHR0620",
        "city_source": "",
        "geometry_type": "Point",
        "record_kind": "provider_published_5g_site",
        "is_named": true,
        "duplicate_coordinate_group": "",
        "source_dataset": "Jazz official 5G KML point placemarks",
        "source_url": "https://jazz.com.pk/KML_Coverage_map/5G_Active_Sites_with_Overlay.kml",
        "retrieved_at": "2026-08-07",
        "accuracy_note": "Exact coordinate value published in the provider KML; not independently surveyed.",
        "altitude_m": 0
      }
    },
    {
      "type": "Feature",
      "id": "jazz-0208",
      "geometry": {
        "type": "Point",
        "coordinates": [
          74.35569,
          31.52346,
          0
        ]
      },
      "properties": {
        "site_uid": "jazz-0208",
        "provider": "Jazz",
        "source_index": 208,
        "site_name_source": "LHR6054",
        "display_name": "LHR6054",
        "city_source": "",
        "geometry_type": "Point",
        "record_kind": "provider_published_5g_site",
        "is_named": true,
        "duplicate_coordinate_group": "",
        "source_dataset": "Jazz official 5G KML point placemarks",
        "source_url": "https://jazz.com.pk/KML_Coverage_map/5G_Active_Sites_with_Overlay.kml",
        "retrieved_at": "2026-08-07",
        "accuracy_note": "Exact coordinate value published in the provider KML; not independently surveyed.",
        "altitude_m": 0
      }
    },
    {
      "type": "Feature",
      "id": "jazz-0209",
      "geometry": {
        "type": "Point",
        "coordinates": [
          74.3544,
          31.5137,
          0
        ]
      },
      "properties": {
        "site_uid": "jazz-0209",
        "provider": "Jazz",
        "source_index": 209,
        "site_name_source": "LHR0126",
        "display_name": "LHR0126",
        "city_source": "",
        "geometry_type": "Point",
        "record_kind": "provider_published_5g_site",
        "is_named": true,
        "duplicate_coordinate_group": "",
        "source_dataset": "Jazz official 5G KML point placemarks",
        "source_url": "https://jazz.com.pk/KML_Coverage_map/5G_Active_Sites_with_Overlay.kml",
        "retrieved_at": "2026-08-07",
        "accuracy_note": "Exact coordinate value published in the provider KML; not independently surveyed.",
        "altitude_m": 0
      }
    },
    {
      "type": "Feature",
      "id": "jazz-0210",
      "geometry": {
        "type": "Point",
        "coordinates": [
          74.34835,
          31.51289,
          0
        ]
      },
      "properties": {
        "site_uid": "jazz-0210",
        "provider": "Jazz",
        "source_index": 210,
        "site_name_source": "LHR7864",
        "display_name": "LHR7864",
        "city_source": "",
        "geometry_type": "Point",
        "record_kind": "provider_published_5g_site",
        "is_named": true,
        "duplicate_coordinate_group": "",
        "source_dataset": "Jazz official 5G KML point placemarks",
        "source_url": "https://jazz.com.pk/KML_Coverage_map/5G_Active_Sites_with_Overlay.kml",
        "retrieved_at": "2026-08-07",
        "accuracy_note": "Exact coordinate value published in the provider KML; not independently surveyed.",
        "altitude_m": 0
      }
    },
    {
      "type": "Feature",
      "id": "jazz-0211",
      "geometry": {
        "type": "Point",
        "coordinates": [
          74.40695,
          31.4593,
          0
        ]
      },
      "properties": {
        "site_uid": "jazz-0211",
        "provider": "Jazz",
        "source_index": 211,
        "site_name_source": "LHR5772",
        "display_name": "LHR5772",
        "city_source": "",
        "geometry_type": "Point",
        "record_kind": "provider_published_5g_site",
        "is_named": true,
        "duplicate_coordinate_group": "",
        "source_dataset": "Jazz official 5G KML point placemarks",
        "source_url": "https://jazz.com.pk/KML_Coverage_map/5G_Active_Sites_with_Overlay.kml",
        "retrieved_at": "2026-08-07",
        "accuracy_note": "Exact coordinate value published in the provider KML; not independently surveyed.",
        "altitude_m": 0
      }
    },
    {
      "type": "Feature",
      "id": "jazz-0212",
      "geometry": {
        "type": "Point",
        "coordinates": [
          74.390194,
          31.472611,
          0
        ]
      },
      "properties": {
        "site_uid": "jazz-0212",
        "provider": "Jazz",
        "source_index": 212,
        "site_name_source": "LHR4179",
        "display_name": "LHR4179",
        "city_source": "",
        "geometry_type": "Point",
        "record_kind": "provider_published_5g_site",
        "is_named": true,
        "duplicate_coordinate_group": "",
        "source_dataset": "Jazz official 5G KML point placemarks",
        "source_url": "https://jazz.com.pk/KML_Coverage_map/5G_Active_Sites_with_Overlay.kml",
        "retrieved_at": "2026-08-07",
        "accuracy_note": "Exact coordinate value published in the provider KML; not independently surveyed.",
        "altitude_m": 0
      }
    },
    {
      "type": "Feature",
      "id": "jazz-0213",
      "geometry": {
        "type": "Point",
        "coordinates": [
          74.3961,
          31.4661,
          0
        ]
      },
      "properties": {
        "site_uid": "jazz-0213",
        "provider": "Jazz",
        "source_index": 213,
        "site_name_source": "LHR5851",
        "display_name": "LHR5851",
        "city_source": "",
        "geometry_type": "Point",
        "record_kind": "provider_published_5g_site",
        "is_named": true,
        "duplicate_coordinate_group": "",
        "source_dataset": "Jazz official 5G KML point placemarks",
        "source_url": "https://jazz.com.pk/KML_Coverage_map/5G_Active_Sites_with_Overlay.kml",
        "retrieved_at": "2026-08-07",
        "accuracy_note": "Exact coordinate value published in the provider KML; not independently surveyed.",
        "altitude_m": 0
      }
    },
    {
      "type": "Feature",
      "id": "jazz-0214",
      "geometry": {
        "type": "Point",
        "coordinates": [
          74.42815,
          31.48481,
          0
        ]
      },
      "properties": {
        "site_uid": "jazz-0214",
        "provider": "Jazz",
        "source_index": 214,
        "site_name_source": "LHR6820",
        "display_name": "LHR6820",
        "city_source": "",
        "geometry_type": "Point",
        "record_kind": "provider_published_5g_site",
        "is_named": true,
        "duplicate_coordinate_group": "",
        "source_dataset": "Jazz official 5G KML point placemarks",
        "source_url": "https://jazz.com.pk/KML_Coverage_map/5G_Active_Sites_with_Overlay.kml",
        "retrieved_at": "2026-08-07",
        "accuracy_note": "Exact coordinate value published in the provider KML; not independently surveyed.",
        "altitude_m": 0
      }
    },
    {
      "type": "Feature",
      "id": "jazz-0215",
      "geometry": {
        "type": "Point",
        "coordinates": [
          74.4217,
          31.4927,
          0
        ]
      },
      "properties": {
        "site_uid": "jazz-0215",
        "provider": "Jazz",
        "source_index": 215,
        "site_name_source": "LHR5814",
        "display_name": "LHR5814",
        "city_source": "",
        "geometry_type": "Point",
        "record_kind": "provider_published_5g_site",
        "is_named": true,
        "duplicate_coordinate_group": "",
        "source_dataset": "Jazz official 5G KML point placemarks",
        "source_url": "https://jazz.com.pk/KML_Coverage_map/5G_Active_Sites_with_Overlay.kml",
        "retrieved_at": "2026-08-07",
        "accuracy_note": "Exact coordinate value published in the provider KML; not independently surveyed.",
        "altitude_m": 0
      }
    },
    {
      "type": "Feature",
      "id": "jazz-0216",
      "geometry": {
        "type": "Point",
        "coordinates": [
          74.42245,
          31.48211,
          0
        ]
      },
      "properties": {
        "site_uid": "jazz-0216",
        "provider": "Jazz",
        "source_index": 216,
        "site_name_source": "LHR6821",
        "display_name": "LHR6821",
        "city_source": "",
        "geometry_type": "Point",
        "record_kind": "provider_published_5g_site",
        "is_named": true,
        "duplicate_coordinate_group": "",
        "source_dataset": "Jazz official 5G KML point placemarks",
        "source_url": "https://jazz.com.pk/KML_Coverage_map/5G_Active_Sites_with_Overlay.kml",
        "retrieved_at": "2026-08-07",
        "accuracy_note": "Exact coordinate value published in the provider KML; not independently surveyed.",
        "altitude_m": 0
      }
    },
    {
      "type": "Feature",
      "id": "jazz-0217",
      "geometry": {
        "type": "Point",
        "coordinates": [
          74.41119,
          31.48745,
          0
        ]
      },
      "properties": {
        "site_uid": "jazz-0217",
        "provider": "Jazz",
        "source_index": 217,
        "site_name_source": "LHR6834",
        "display_name": "LHR6834",
        "city_source": "",
        "geometry_type": "Point",
        "record_kind": "provider_published_5g_site",
        "is_named": true,
        "duplicate_coordinate_group": "",
        "source_dataset": "Jazz official 5G KML point placemarks",
        "source_url": "https://jazz.com.pk/KML_Coverage_map/5G_Active_Sites_with_Overlay.kml",
        "retrieved_at": "2026-08-07",
        "accuracy_note": "Exact coordinate value published in the provider KML; not independently surveyed.",
        "altitude_m": 0
      }
    },
    {
      "type": "Feature",
      "id": "jazz-0218",
      "geometry": {
        "type": "Point",
        "coordinates": [
          74.450371,
          31.478996,
          0
        ]
      },
      "properties": {
        "site_uid": "jazz-0218",
        "provider": "Jazz",
        "source_index": 218,
        "site_name_source": "LHR9159",
        "display_name": "LHR9159",
        "city_source": "",
        "geometry_type": "Point",
        "record_kind": "provider_published_5g_site",
        "is_named": true,
        "duplicate_coordinate_group": "",
        "source_dataset": "Jazz official 5G KML point placemarks",
        "source_url": "https://jazz.com.pk/KML_Coverage_map/5G_Active_Sites_with_Overlay.kml",
        "retrieved_at": "2026-08-07",
        "accuracy_note": "Exact coordinate value published in the provider KML; not independently surveyed.",
        "altitude_m": 0
      }
    },
    {
      "type": "Feature",
      "id": "jazz-0219",
      "geometry": {
        "type": "Point",
        "coordinates": [
          74.46614,
          31.48026,
          0
        ]
      },
      "properties": {
        "site_uid": "jazz-0219",
        "provider": "Jazz",
        "source_index": 219,
        "site_name_source": "LHR5267",
        "display_name": "LHR5267",
        "city_source": "",
        "geometry_type": "Point",
        "record_kind": "provider_published_5g_site",
        "is_named": true,
        "duplicate_coordinate_group": "",
        "source_dataset": "Jazz official 5G KML point placemarks",
        "source_url": "https://jazz.com.pk/KML_Coverage_map/5G_Active_Sites_with_Overlay.kml",
        "retrieved_at": "2026-08-07",
        "accuracy_note": "Exact coordinate value published in the provider KML; not independently surveyed.",
        "altitude_m": 0
      }
    },
    {
      "type": "Feature",
      "id": "jazz-0220",
      "geometry": {
        "type": "Point",
        "coordinates": [
          74.4142,
          31.4843,
          0
        ]
      },
      "properties": {
        "site_uid": "jazz-0220",
        "provider": "Jazz",
        "source_index": 220,
        "site_name_source": "LHR3881",
        "display_name": "LHR3881",
        "city_source": "",
        "geometry_type": "Point",
        "record_kind": "provider_published_5g_site",
        "is_named": true,
        "duplicate_coordinate_group": "",
        "source_dataset": "Jazz official 5G KML point placemarks",
        "source_url": "https://jazz.com.pk/KML_Coverage_map/5G_Active_Sites_with_Overlay.kml",
        "retrieved_at": "2026-08-07",
        "accuracy_note": "Exact coordinate value published in the provider KML; not independently surveyed.",
        "altitude_m": 0
      }
    },
    {
      "type": "Feature",
      "id": "jazz-0221",
      "geometry": {
        "type": "Point",
        "coordinates": [
          74.418609,
          31.485054,
          0
        ]
      },
      "properties": {
        "site_uid": "jazz-0221",
        "provider": "Jazz",
        "source_index": 221,
        "site_name_source": "LHR9766",
        "display_name": "LHR9766",
        "city_source": "",
        "geometry_type": "Point",
        "record_kind": "provider_published_5g_site",
        "is_named": true,
        "duplicate_coordinate_group": "",
        "source_dataset": "Jazz official 5G KML point placemarks",
        "source_url": "https://jazz.com.pk/KML_Coverage_map/5G_Active_Sites_with_Overlay.kml",
        "retrieved_at": "2026-08-07",
        "accuracy_note": "Exact coordinate value published in the provider KML; not independently surveyed.",
        "altitude_m": 0
      }
    },
    {
      "type": "Feature",
      "id": "jazz-0222",
      "geometry": {
        "type": "Point",
        "coordinates": [
          74.33934,
          31.55615,
          0
        ]
      },
      "properties": {
        "site_uid": "jazz-0222",
        "provider": "Jazz",
        "source_index": 222,
        "site_name_source": "LHR3030",
        "display_name": "LHR3030",
        "city_source": "",
        "geometry_type": "Point",
        "record_kind": "provider_published_5g_site",
        "is_named": true,
        "duplicate_coordinate_group": "",
        "source_dataset": "Jazz official 5G KML point placemarks",
        "source_url": "https://jazz.com.pk/KML_Coverage_map/5G_Active_Sites_with_Overlay.kml",
        "retrieved_at": "2026-08-07",
        "accuracy_note": "Exact coordinate value published in the provider KML; not independently surveyed.",
        "altitude_m": 0
      }
    },
    {
      "type": "Feature",
      "id": "jazz-0223",
      "geometry": {
        "type": "Point",
        "coordinates": [
          74.3547,
          31.5461,
          0
        ]
      },
      "properties": {
        "site_uid": "jazz-0223",
        "provider": "Jazz",
        "source_index": 223,
        "site_name_source": "LHR3050",
        "display_name": "LHR3050",
        "city_source": "",
        "geometry_type": "Point",
        "record_kind": "provider_published_5g_site",
        "is_named": true,
        "duplicate_coordinate_group": "",
        "source_dataset": "Jazz official 5G KML point placemarks",
        "source_url": "https://jazz.com.pk/KML_Coverage_map/5G_Active_Sites_with_Overlay.kml",
        "retrieved_at": "2026-08-07",
        "accuracy_note": "Exact coordinate value published in the provider KML; not independently surveyed.",
        "altitude_m": 0
      }
    },
    {
      "type": "Feature",
      "id": "jazz-0224",
      "geometry": {
        "type": "Point",
        "coordinates": [
          74.33952,
          31.53273,
          0
        ]
      },
      "properties": {
        "site_uid": "jazz-0224",
        "provider": "Jazz",
        "source_index": 224,
        "site_name_source": "LHR3490",
        "display_name": "LHR3490",
        "city_source": "",
        "geometry_type": "Point",
        "record_kind": "provider_published_5g_site",
        "is_named": true,
        "duplicate_coordinate_group": "",
        "source_dataset": "Jazz official 5G KML point placemarks",
        "source_url": "https://jazz.com.pk/KML_Coverage_map/5G_Active_Sites_with_Overlay.kml",
        "retrieved_at": "2026-08-07",
        "accuracy_note": "Exact coordinate value published in the provider KML; not independently surveyed.",
        "altitude_m": 0
      }
    },
    {
      "type": "Feature",
      "id": "jazz-0225",
      "geometry": {
        "type": "Point",
        "coordinates": [
          74.3411,
          31.5362,
          0
        ]
      },
      "properties": {
        "site_uid": "jazz-0225",
        "provider": "Jazz",
        "source_index": 225,
        "site_name_source": "LHR9225",
        "display_name": "LHR9225",
        "city_source": "",
        "geometry_type": "Point",
        "record_kind": "provider_published_5g_site",
        "is_named": true,
        "duplicate_coordinate_group": "",
        "source_dataset": "Jazz official 5G KML point placemarks",
        "source_url": "https://jazz.com.pk/KML_Coverage_map/5G_Active_Sites_with_Overlay.kml",
        "retrieved_at": "2026-08-07",
        "accuracy_note": "Exact coordinate value published in the provider KML; not independently surveyed.",
        "altitude_m": 0
      }
    },
    {
      "type": "Feature",
      "id": "jazz-0226",
      "geometry": {
        "type": "Point",
        "coordinates": [
          74.3511,
          31.5382,
          0
        ]
      },
      "properties": {
        "site_uid": "jazz-0226",
        "provider": "Jazz",
        "source_index": 226,
        "site_name_source": "LHR0127",
        "display_name": "LHR0127",
        "city_source": "",
        "geometry_type": "Point",
        "record_kind": "provider_published_5g_site",
        "is_named": true,
        "duplicate_coordinate_group": "",
        "source_dataset": "Jazz official 5G KML point placemarks",
        "source_url": "https://jazz.com.pk/KML_Coverage_map/5G_Active_Sites_with_Overlay.kml",
        "retrieved_at": "2026-08-07",
        "accuracy_note": "Exact coordinate value published in the provider KML; not independently surveyed.",
        "altitude_m": 0
      }
    },
    {
      "type": "Feature",
      "id": "jazz-0227",
      "geometry": {
        "type": "Point",
        "coordinates": [
          74.35255,
          31.5525,
          0
        ]
      },
      "properties": {
        "site_uid": "jazz-0227",
        "provider": "Jazz",
        "source_index": 227,
        "site_name_source": "LHR1388",
        "display_name": "LHR1388",
        "city_source": "",
        "geometry_type": "Point",
        "record_kind": "provider_published_5g_site",
        "is_named": true,
        "duplicate_coordinate_group": "",
        "source_dataset": "Jazz official 5G KML point placemarks",
        "source_url": "https://jazz.com.pk/KML_Coverage_map/5G_Active_Sites_with_Overlay.kml",
        "retrieved_at": "2026-08-07",
        "accuracy_note": "Exact coordinate value published in the provider KML; not independently surveyed.",
        "altitude_m": 0
      }
    },
    {
      "type": "Feature",
      "id": "jazz-0228",
      "geometry": {
        "type": "Point",
        "coordinates": [
          74.325427,
          31.54607,
          0
        ]
      },
      "properties": {
        "site_uid": "jazz-0228",
        "provider": "Jazz",
        "source_index": 228,
        "site_name_source": "LHR9261",
        "display_name": "LHR9261",
        "city_source": "",
        "geometry_type": "Point",
        "record_kind": "provider_published_5g_site",
        "is_named": true,
        "duplicate_coordinate_group": "",
        "source_dataset": "Jazz official 5G KML point placemarks",
        "source_url": "https://jazz.com.pk/KML_Coverage_map/5G_Active_Sites_with_Overlay.kml",
        "retrieved_at": "2026-08-07",
        "accuracy_note": "Exact coordinate value published in the provider KML; not independently surveyed.",
        "altitude_m": 0
      }
    },
    {
      "type": "Feature",
      "id": "jazz-0229",
      "geometry": {
        "type": "Point",
        "coordinates": [
          74.33407,
          31.56097,
          0
        ]
      },
      "properties": {
        "site_uid": "jazz-0229",
        "provider": "Jazz",
        "source_index": 229,
        "site_name_source": "LHR5185",
        "display_name": "LHR5185",
        "city_source": "",
        "geometry_type": "Point",
        "record_kind": "provider_published_5g_site",
        "is_named": true,
        "duplicate_coordinate_group": "",
        "source_dataset": "Jazz official 5G KML point placemarks",
        "source_url": "https://jazz.com.pk/KML_Coverage_map/5G_Active_Sites_with_Overlay.kml",
        "retrieved_at": "2026-08-07",
        "accuracy_note": "Exact coordinate value published in the provider KML; not independently surveyed.",
        "altitude_m": 0
      }
    },
    {
      "type": "Feature",
      "id": "jazz-0230",
      "geometry": {
        "type": "Point",
        "coordinates": [
          74.3255,
          31.5544,
          0
        ]
      },
      "properties": {
        "site_uid": "jazz-0230",
        "provider": "Jazz",
        "source_index": 230,
        "site_name_source": "LHR0351",
        "display_name": "LHR0351",
        "city_source": "",
        "geometry_type": "Point",
        "record_kind": "provider_published_5g_site",
        "is_named": true,
        "duplicate_coordinate_group": "",
        "source_dataset": "Jazz official 5G KML point placemarks",
        "source_url": "https://jazz.com.pk/KML_Coverage_map/5G_Active_Sites_with_Overlay.kml",
        "retrieved_at": "2026-08-07",
        "accuracy_note": "Exact coordinate value published in the provider KML; not independently surveyed.",
        "altitude_m": 0
      }
    },
    {
      "type": "Feature",
      "id": "jazz-0231",
      "geometry": {
        "type": "Point",
        "coordinates": [
          74.3264,
          31.5485,
          0
        ]
      },
      "properties": {
        "site_uid": "jazz-0231",
        "provider": "Jazz",
        "source_index": 231,
        "site_name_source": "LHR0625",
        "display_name": "LHR0625",
        "city_source": "",
        "geometry_type": "Point",
        "record_kind": "provider_published_5g_site",
        "is_named": true,
        "duplicate_coordinate_group": "",
        "source_dataset": "Jazz official 5G KML point placemarks",
        "source_url": "https://jazz.com.pk/KML_Coverage_map/5G_Active_Sites_with_Overlay.kml",
        "retrieved_at": "2026-08-07",
        "accuracy_note": "Exact coordinate value published in the provider KML; not independently surveyed.",
        "altitude_m": 0
      }
    },
    {
      "type": "Feature",
      "id": "jazz-0232",
      "geometry": {
        "type": "Point",
        "coordinates": [
          74.395889,
          31.544972,
          0
        ]
      },
      "properties": {
        "site_uid": "jazz-0232",
        "provider": "Jazz",
        "source_index": 232,
        "site_name_source": "LHR3199",
        "display_name": "LHR3199",
        "city_source": "",
        "geometry_type": "Point",
        "record_kind": "provider_published_5g_site",
        "is_named": true,
        "duplicate_coordinate_group": "",
        "source_dataset": "Jazz official 5G KML point placemarks",
        "source_url": "https://jazz.com.pk/KML_Coverage_map/5G_Active_Sites_with_Overlay.kml",
        "retrieved_at": "2026-08-07",
        "accuracy_note": "Exact coordinate value published in the provider KML; not independently surveyed.",
        "altitude_m": 0
      }
    },
    {
      "type": "Feature",
      "id": "jazz-0233",
      "geometry": {
        "type": "Point",
        "coordinates": [
          74.3271,
          31.47093,
          0
        ]
      },
      "properties": {
        "site_uid": "jazz-0233",
        "provider": "Jazz",
        "source_index": 233,
        "site_name_source": "LHR4129",
        "display_name": "LHR4129",
        "city_source": "",
        "geometry_type": "Point",
        "record_kind": "provider_published_5g_site",
        "is_named": true,
        "duplicate_coordinate_group": "",
        "source_dataset": "Jazz official 5G KML point placemarks",
        "source_url": "https://jazz.com.pk/KML_Coverage_map/5G_Active_Sites_with_Overlay.kml",
        "retrieved_at": "2026-08-07",
        "accuracy_note": "Exact coordinate value published in the provider KML; not independently surveyed.",
        "altitude_m": 0
      }
    },
    {
      "type": "Feature",
      "id": "jazz-0234",
      "geometry": {
        "type": "Point",
        "coordinates": [
          74.335944,
          31.472889,
          0
        ]
      },
      "properties": {
        "site_uid": "jazz-0234",
        "provider": "Jazz",
        "source_index": 234,
        "site_name_source": "LHR3317",
        "display_name": "LHR3317",
        "city_source": "",
        "geometry_type": "Point",
        "record_kind": "provider_published_5g_site",
        "is_named": true,
        "duplicate_coordinate_group": "",
        "source_dataset": "Jazz official 5G KML point placemarks",
        "source_url": "https://jazz.com.pk/KML_Coverage_map/5G_Active_Sites_with_Overlay.kml",
        "retrieved_at": "2026-08-07",
        "accuracy_note": "Exact coordinate value published in the provider KML; not independently surveyed.",
        "altitude_m": 0
      }
    },
    {
      "type": "Feature",
      "id": "jazz-0235",
      "geometry": {
        "type": "Point",
        "coordinates": [
          74.33169,
          31.46979,
          0
        ]
      },
      "properties": {
        "site_uid": "jazz-0235",
        "provider": "Jazz",
        "source_index": 235,
        "site_name_source": "LHR6378",
        "display_name": "LHR6378",
        "city_source": "",
        "geometry_type": "Point",
        "record_kind": "provider_published_5g_site",
        "is_named": true,
        "duplicate_coordinate_group": "",
        "source_dataset": "Jazz official 5G KML point placemarks",
        "source_url": "https://jazz.com.pk/KML_Coverage_map/5G_Active_Sites_with_Overlay.kml",
        "retrieved_at": "2026-08-07",
        "accuracy_note": "Exact coordinate value published in the provider KML; not independently surveyed.",
        "altitude_m": 0
      }
    },
    {
      "type": "Feature",
      "id": "jazz-0236",
      "geometry": {
        "type": "Point",
        "coordinates": [
          74.35682,
          31.54286,
          0
        ]
      },
      "properties": {
        "site_uid": "jazz-0236",
        "provider": "Jazz",
        "source_index": 236,
        "site_name_source": "LHR3121",
        "display_name": "LHR3121",
        "city_source": "",
        "geometry_type": "Point",
        "record_kind": "provider_published_5g_site",
        "is_named": true,
        "duplicate_coordinate_group": "",
        "source_dataset": "Jazz official 5G KML point placemarks",
        "source_url": "https://jazz.com.pk/KML_Coverage_map/5G_Active_Sites_with_Overlay.kml",
        "retrieved_at": "2026-08-07",
        "accuracy_note": "Exact coordinate value published in the provider KML; not independently surveyed.",
        "altitude_m": 0
      }
    },
    {
      "type": "Feature",
      "id": "jazz-0237",
      "geometry": {
        "type": "Point",
        "coordinates": [
          74.357,
          31.5507,
          0
        ]
      },
      "properties": {
        "site_uid": "jazz-0237",
        "provider": "Jazz",
        "source_index": 237,
        "site_name_source": "LHR0624",
        "display_name": "LHR0624",
        "city_source": "",
        "geometry_type": "Point",
        "record_kind": "provider_published_5g_site",
        "is_named": true,
        "duplicate_coordinate_group": "",
        "source_dataset": "Jazz official 5G KML point placemarks",
        "source_url": "https://jazz.com.pk/KML_Coverage_map/5G_Active_Sites_with_Overlay.kml",
        "retrieved_at": "2026-08-07",
        "accuracy_note": "Exact coordinate value published in the provider KML; not independently surveyed.",
        "altitude_m": 0
      }
    },
    {
      "type": "Feature",
      "id": "jazz-0238",
      "geometry": {
        "type": "Point",
        "coordinates": [
          74.36112,
          31.5366,
          0
        ]
      },
      "properties": {
        "site_uid": "jazz-0238",
        "provider": "Jazz",
        "source_index": 238,
        "site_name_source": "LHR6999",
        "display_name": "LHR6999",
        "city_source": "",
        "geometry_type": "Point",
        "record_kind": "provider_published_5g_site",
        "is_named": true,
        "duplicate_coordinate_group": "",
        "source_dataset": "Jazz official 5G KML point placemarks",
        "source_url": "https://jazz.com.pk/KML_Coverage_map/5G_Active_Sites_with_Overlay.kml",
        "retrieved_at": "2026-08-07",
        "accuracy_note": "Exact coordinate value published in the provider KML; not independently surveyed.",
        "altitude_m": 0
      }
    },
    {
      "type": "Feature",
      "id": "jazz-0239",
      "geometry": {
        "type": "Point",
        "coordinates": [
          74.3602,
          31.54121,
          0
        ]
      },
      "properties": {
        "site_uid": "jazz-0239",
        "provider": "Jazz",
        "source_index": 239,
        "site_name_source": "LHR1539",
        "display_name": "LHR1539",
        "city_source": "",
        "geometry_type": "Point",
        "record_kind": "provider_published_5g_site",
        "is_named": true,
        "duplicate_coordinate_group": "",
        "source_dataset": "Jazz official 5G KML point placemarks",
        "source_url": "https://jazz.com.pk/KML_Coverage_map/5G_Active_Sites_with_Overlay.kml",
        "retrieved_at": "2026-08-07",
        "accuracy_note": "Exact coordinate value published in the provider KML; not independently surveyed.",
        "altitude_m": 0
      }
    },
    {
      "type": "Feature",
      "id": "jazz-0240",
      "geometry": {
        "type": "Point",
        "coordinates": [
          74.46136,
          31.46399,
          0
        ]
      },
      "properties": {
        "site_uid": "jazz-0240",
        "provider": "Jazz",
        "source_index": 240,
        "site_name_source": "LHR0827",
        "display_name": "LHR0827",
        "city_source": "",
        "geometry_type": "Point",
        "record_kind": "provider_published_5g_site",
        "is_named": true,
        "duplicate_coordinate_group": "",
        "source_dataset": "Jazz official 5G KML point placemarks",
        "source_url": "https://jazz.com.pk/KML_Coverage_map/5G_Active_Sites_with_Overlay.kml",
        "retrieved_at": "2026-08-07",
        "accuracy_note": "Exact coordinate value published in the provider KML; not independently surveyed.",
        "altitude_m": 0
      }
    },
    {
      "type": "Feature",
      "id": "jazz-0241",
      "geometry": {
        "type": "Point",
        "coordinates": [
          74.37325,
          31.522083,
          0
        ]
      },
      "properties": {
        "site_uid": "jazz-0241",
        "provider": "Jazz",
        "source_index": 241,
        "site_name_source": "LHR3606",
        "display_name": "LHR3606",
        "city_source": "",
        "geometry_type": "Point",
        "record_kind": "provider_published_5g_site",
        "is_named": true,
        "duplicate_coordinate_group": "",
        "source_dataset": "Jazz official 5G KML point placemarks",
        "source_url": "https://jazz.com.pk/KML_Coverage_map/5G_Active_Sites_with_Overlay.kml",
        "retrieved_at": "2026-08-07",
        "accuracy_note": "Exact coordinate value published in the provider KML; not independently surveyed.",
        "altitude_m": 0
      }
    },
    {
      "type": "Feature",
      "id": "jazz-0242",
      "geometry": {
        "type": "Point",
        "coordinates": [
          74.38479,
          31.51192,
          0
        ]
      },
      "properties": {
        "site_uid": "jazz-0242",
        "provider": "Jazz",
        "source_index": 242,
        "site_name_source": "LHR6048",
        "display_name": "LHR6048",
        "city_source": "",
        "geometry_type": "Point",
        "record_kind": "provider_published_5g_site",
        "is_named": true,
        "duplicate_coordinate_group": "",
        "source_dataset": "Jazz official 5G KML point placemarks",
        "source_url": "https://jazz.com.pk/KML_Coverage_map/5G_Active_Sites_with_Overlay.kml",
        "retrieved_at": "2026-08-07",
        "accuracy_note": "Exact coordinate value published in the provider KML; not independently surveyed.",
        "altitude_m": 0
      }
    },
    {
      "type": "Feature",
      "id": "jazz-0243",
      "geometry": {
        "type": "Point",
        "coordinates": [
          74.371889,
          31.540111,
          0
        ]
      },
      "properties": {
        "site_uid": "jazz-0243",
        "provider": "Jazz",
        "source_index": 243,
        "site_name_source": "LHR8936",
        "display_name": "LHR8936",
        "city_source": "",
        "geometry_type": "Point",
        "record_kind": "provider_published_5g_site",
        "is_named": true,
        "duplicate_coordinate_group": "",
        "source_dataset": "Jazz official 5G KML point placemarks",
        "source_url": "https://jazz.com.pk/KML_Coverage_map/5G_Active_Sites_with_Overlay.kml",
        "retrieved_at": "2026-08-07",
        "accuracy_note": "Exact coordinate value published in the provider KML; not independently surveyed.",
        "altitude_m": 0
      }
    },
    {
      "type": "Feature",
      "id": "jazz-0244",
      "geometry": {
        "type": "Point",
        "coordinates": [
          74.375778,
          31.507,
          0
        ]
      },
      "properties": {
        "site_uid": "jazz-0244",
        "provider": "Jazz",
        "source_index": 244,
        "site_name_source": "LHR3059",
        "display_name": "LHR3059",
        "city_source": "",
        "geometry_type": "Point",
        "record_kind": "provider_published_5g_site",
        "is_named": true,
        "duplicate_coordinate_group": "",
        "source_dataset": "Jazz official 5G KML point placemarks",
        "source_url": "https://jazz.com.pk/KML_Coverage_map/5G_Active_Sites_with_Overlay.kml",
        "retrieved_at": "2026-08-07",
        "accuracy_note": "Exact coordinate value published in the provider KML; not independently surveyed.",
        "altitude_m": 0
      }
    },
    {
      "type": "Feature",
      "id": "jazz-0245",
      "geometry": {
        "type": "Point",
        "coordinates": [
          74.381417,
          31.539222,
          0
        ]
      },
      "properties": {
        "site_uid": "jazz-0245",
        "provider": "Jazz",
        "source_index": 245,
        "site_name_source": "LHR3600",
        "display_name": "LHR3600",
        "city_source": "",
        "geometry_type": "Point",
        "record_kind": "provider_published_5g_site",
        "is_named": true,
        "duplicate_coordinate_group": "",
        "source_dataset": "Jazz official 5G KML point placemarks",
        "source_url": "https://jazz.com.pk/KML_Coverage_map/5G_Active_Sites_with_Overlay.kml",
        "retrieved_at": "2026-08-07",
        "accuracy_note": "Exact coordinate value published in the provider KML; not independently surveyed.",
        "altitude_m": 0
      }
    },
    {
      "type": "Feature",
      "id": "jazz-0246",
      "geometry": {
        "type": "Point",
        "coordinates": [
          71.4767,
          30.2057,
          0
        ]
      },
      "properties": {
        "site_uid": "jazz-0246",
        "provider": "Jazz",
        "source_index": 246,
        "site_name_source": "MUL0821",
        "display_name": "MUL0821",
        "city_source": "",
        "geometry_type": "Point",
        "record_kind": "provider_published_5g_site",
        "is_named": true,
        "duplicate_coordinate_group": "",
        "source_dataset": "Jazz official 5G KML point placemarks",
        "source_url": "https://jazz.com.pk/KML_Coverage_map/5G_Active_Sites_with_Overlay.kml",
        "retrieved_at": "2026-08-07",
        "accuracy_note": "Exact coordinate value published in the provider KML; not independently surveyed.",
        "altitude_m": 0
      }
    },
    {
      "type": "Feature",
      "id": "jazz-0247",
      "geometry": {
        "type": "Point",
        "coordinates": [
          71.47297,
          30.20172,
          0
        ]
      },
      "properties": {
        "site_uid": "jazz-0247",
        "provider": "Jazz",
        "source_index": 247,
        "site_name_source": "MUL0942",
        "display_name": "MUL0942",
        "city_source": "",
        "geometry_type": "Point",
        "record_kind": "provider_published_5g_site",
        "is_named": true,
        "duplicate_coordinate_group": "",
        "source_dataset": "Jazz official 5G KML point placemarks",
        "source_url": "https://jazz.com.pk/KML_Coverage_map/5G_Active_Sites_with_Overlay.kml",
        "retrieved_at": "2026-08-07",
        "accuracy_note": "Exact coordinate value published in the provider KML; not independently surveyed.",
        "altitude_m": 0
      }
    },
    {
      "type": "Feature",
      "id": "jazz-0248",
      "geometry": {
        "type": "Point",
        "coordinates": [
          71.46943,
          30.19724,
          0
        ]
      },
      "properties": {
        "site_uid": "jazz-0248",
        "provider": "Jazz",
        "source_index": 248,
        "site_name_source": "MUL1710",
        "display_name": "MUL1710",
        "city_source": "",
        "geometry_type": "Point",
        "record_kind": "provider_published_5g_site",
        "is_named": true,
        "duplicate_coordinate_group": "",
        "source_dataset": "Jazz official 5G KML point placemarks",
        "source_url": "https://jazz.com.pk/KML_Coverage_map/5G_Active_Sites_with_Overlay.kml",
        "retrieved_at": "2026-08-07",
        "accuracy_note": "Exact coordinate value published in the provider KML; not independently surveyed.",
        "altitude_m": 0
      }
    },
    {
      "type": "Feature",
      "id": "jazz-0249",
      "geometry": {
        "type": "Point",
        "coordinates": [
          71.4658,
          30.1958,
          0
        ]
      },
      "properties": {
        "site_uid": "jazz-0249",
        "provider": "Jazz",
        "source_index": 249,
        "site_name_source": "MUL7914",
        "display_name": "MUL7914",
        "city_source": "",
        "geometry_type": "Point",
        "record_kind": "provider_published_5g_site",
        "is_named": true,
        "duplicate_coordinate_group": "",
        "source_dataset": "Jazz official 5G KML point placemarks",
        "source_url": "https://jazz.com.pk/KML_Coverage_map/5G_Active_Sites_with_Overlay.kml",
        "retrieved_at": "2026-08-07",
        "accuracy_note": "Exact coordinate value published in the provider KML; not independently surveyed.",
        "altitude_m": 0
      }
    },
    {
      "type": "Feature",
      "id": "jazz-0250",
      "geometry": {
        "type": "Point",
        "coordinates": [
          71.4625,
          30.2015,
          0
        ]
      },
      "properties": {
        "site_uid": "jazz-0250",
        "provider": "Jazz",
        "source_index": 250,
        "site_name_source": "MUL3377",
        "display_name": "MUL3377",
        "city_source": "",
        "geometry_type": "Point",
        "record_kind": "provider_published_5g_site",
        "is_named": true,
        "duplicate_coordinate_group": "",
        "source_dataset": "Jazz official 5G KML point placemarks",
        "source_url": "https://jazz.com.pk/KML_Coverage_map/5G_Active_Sites_with_Overlay.kml",
        "retrieved_at": "2026-08-07",
        "accuracy_note": "Exact coordinate value published in the provider KML; not independently surveyed.",
        "altitude_m": 0
      }
    },
    {
      "type": "Feature",
      "id": "jazz-0251",
      "geometry": {
        "type": "Point",
        "coordinates": [
          71.4516,
          30.2003,
          0
        ]
      },
      "properties": {
        "site_uid": "jazz-0251",
        "provider": "Jazz",
        "source_index": 251,
        "site_name_source": "MUL0826",
        "display_name": "MUL0826",
        "city_source": "",
        "geometry_type": "Point",
        "record_kind": "provider_published_5g_site",
        "is_named": true,
        "duplicate_coordinate_group": "",
        "source_dataset": "Jazz official 5G KML point placemarks",
        "source_url": "https://jazz.com.pk/KML_Coverage_map/5G_Active_Sites_with_Overlay.kml",
        "retrieved_at": "2026-08-07",
        "accuracy_note": "Exact coordinate value published in the provider KML; not independently surveyed.",
        "altitude_m": 0
      }
    },
    {
      "type": "Feature",
      "id": "jazz-0252",
      "geometry": {
        "type": "Point",
        "coordinates": [
          71.44354,
          30.18668,
          0
        ]
      },
      "properties": {
        "site_uid": "jazz-0252",
        "provider": "Jazz",
        "source_index": 252,
        "site_name_source": "MUL9316",
        "display_name": "MUL9316",
        "city_source": "",
        "geometry_type": "Point",
        "record_kind": "provider_published_5g_site",
        "is_named": true,
        "duplicate_coordinate_group": "",
        "source_dataset": "Jazz official 5G KML point placemarks",
        "source_url": "https://jazz.com.pk/KML_Coverage_map/5G_Active_Sites_with_Overlay.kml",
        "retrieved_at": "2026-08-07",
        "accuracy_note": "Exact coordinate value published in the provider KML; not independently surveyed.",
        "altitude_m": 0
      }
    },
    {
      "type": "Feature",
      "id": "jazz-0253",
      "geometry": {
        "type": "Point",
        "coordinates": [
          71.431,
          30.19047,
          0
        ]
      },
      "properties": {
        "site_uid": "jazz-0253",
        "provider": "Jazz",
        "source_index": 253,
        "site_name_source": "MUL2293",
        "display_name": "MUL2293",
        "city_source": "",
        "geometry_type": "Point",
        "record_kind": "provider_published_5g_site",
        "is_named": true,
        "duplicate_coordinate_group": "",
        "source_dataset": "Jazz official 5G KML point placemarks",
        "source_url": "https://jazz.com.pk/KML_Coverage_map/5G_Active_Sites_with_Overlay.kml",
        "retrieved_at": "2026-08-07",
        "accuracy_note": "Exact coordinate value published in the provider KML; not independently surveyed.",
        "altitude_m": 0
      }
    },
    {
      "type": "Feature",
      "id": "jazz-0254",
      "geometry": {
        "type": "Point",
        "coordinates": [
          71.43951,
          30.19704,
          0
        ]
      },
      "properties": {
        "site_uid": "jazz-0254",
        "provider": "Jazz",
        "source_index": 254,
        "site_name_source": "MUL8430",
        "display_name": "MUL8430",
        "city_source": "",
        "geometry_type": "Point",
        "record_kind": "provider_published_5g_site",
        "is_named": true,
        "duplicate_coordinate_group": "",
        "source_dataset": "Jazz official 5G KML point placemarks",
        "source_url": "https://jazz.com.pk/KML_Coverage_map/5G_Active_Sites_with_Overlay.kml",
        "retrieved_at": "2026-08-07",
        "accuracy_note": "Exact coordinate value published in the provider KML; not independently surveyed.",
        "altitude_m": 0
      }
    },
    {
      "type": "Feature",
      "id": "jazz-0255",
      "geometry": {
        "type": "Point",
        "coordinates": [
          71.42853,
          30.20761,
          0
        ]
      },
      "properties": {
        "site_uid": "jazz-0255",
        "provider": "Jazz",
        "source_index": 255,
        "site_name_source": "MUL7239",
        "display_name": "MUL7239",
        "city_source": "",
        "geometry_type": "Point",
        "record_kind": "provider_published_5g_site",
        "is_named": true,
        "duplicate_coordinate_group": "",
        "source_dataset": "Jazz official 5G KML point placemarks",
        "source_url": "https://jazz.com.pk/KML_Coverage_map/5G_Active_Sites_with_Overlay.kml",
        "retrieved_at": "2026-08-07",
        "accuracy_note": "Exact coordinate value published in the provider KML; not independently surveyed.",
        "altitude_m": 0
      }
    },
    {
      "type": "Feature",
      "id": "jazz-0256",
      "geometry": {
        "type": "Point",
        "coordinates": [
          71.4418,
          30.1861,
          0
        ]
      },
      "properties": {
        "site_uid": "jazz-0256",
        "provider": "Jazz",
        "source_index": 256,
        "site_name_source": "MUL3373",
        "display_name": "MUL3373",
        "city_source": "",
        "geometry_type": "Point",
        "record_kind": "provider_published_5g_site",
        "is_named": true,
        "duplicate_coordinate_group": "",
        "source_dataset": "Jazz official 5G KML point placemarks",
        "source_url": "https://jazz.com.pk/KML_Coverage_map/5G_Active_Sites_with_Overlay.kml",
        "retrieved_at": "2026-08-07",
        "accuracy_note": "Exact coordinate value published in the provider KML; not independently surveyed.",
        "altitude_m": 0
      }
    },
    {
      "type": "Feature",
      "id": "jazz-0257",
      "geometry": {
        "type": "Point",
        "coordinates": [
          71.4475,
          30.19,
          0
        ]
      },
      "properties": {
        "site_uid": "jazz-0257",
        "provider": "Jazz",
        "source_index": 257,
        "site_name_source": "MUL3375",
        "display_name": "MUL3375",
        "city_source": "",
        "geometry_type": "Point",
        "record_kind": "provider_published_5g_site",
        "is_named": true,
        "duplicate_coordinate_group": "",
        "source_dataset": "Jazz official 5G KML point placemarks",
        "source_url": "https://jazz.com.pk/KML_Coverage_map/5G_Active_Sites_with_Overlay.kml",
        "retrieved_at": "2026-08-07",
        "accuracy_note": "Exact coordinate value published in the provider KML; not independently surveyed.",
        "altitude_m": 0
      }
    },
    {
      "type": "Feature",
      "id": "jazz-0258",
      "geometry": {
        "type": "Point",
        "coordinates": [
          71.4577,
          30.20434,
          0
        ]
      },
      "properties": {
        "site_uid": "jazz-0258",
        "provider": "Jazz",
        "source_index": 258,
        "site_name_source": "MUL7922",
        "display_name": "MUL7922",
        "city_source": "",
        "geometry_type": "Point",
        "record_kind": "provider_published_5g_site",
        "is_named": true,
        "duplicate_coordinate_group": "",
        "source_dataset": "Jazz official 5G KML point placemarks",
        "source_url": "https://jazz.com.pk/KML_Coverage_map/5G_Active_Sites_with_Overlay.kml",
        "retrieved_at": "2026-08-07",
        "accuracy_note": "Exact coordinate value published in the provider KML; not independently surveyed.",
        "altitude_m": 0
      }
    },
    {
      "type": "Feature",
      "id": "jazz-0259",
      "geometry": {
        "type": "Point",
        "coordinates": [
          71.4609,
          30.1951,
          0
        ]
      },
      "properties": {
        "site_uid": "jazz-0259",
        "provider": "Jazz",
        "source_index": 259,
        "site_name_source": "MUL3255",
        "display_name": "MUL3255",
        "city_source": "",
        "geometry_type": "Point",
        "record_kind": "provider_published_5g_site",
        "is_named": true,
        "duplicate_coordinate_group": "",
        "source_dataset": "Jazz official 5G KML point placemarks",
        "source_url": "https://jazz.com.pk/KML_Coverage_map/5G_Active_Sites_with_Overlay.kml",
        "retrieved_at": "2026-08-07",
        "accuracy_note": "Exact coordinate value published in the provider KML; not independently surveyed.",
        "altitude_m": 0
      }
    },
    {
      "type": "Feature",
      "id": "jazz-0260",
      "geometry": {
        "type": "Point",
        "coordinates": [
          71.4538,
          30.1944,
          0
        ]
      },
      "properties": {
        "site_uid": "jazz-0260",
        "provider": "Jazz",
        "source_index": 260,
        "site_name_source": "MUL3376",
        "display_name": "MUL3376",
        "city_source": "",
        "geometry_type": "Point",
        "record_kind": "provider_published_5g_site",
        "is_named": true,
        "duplicate_coordinate_group": "",
        "source_dataset": "Jazz official 5G KML point placemarks",
        "source_url": "https://jazz.com.pk/KML_Coverage_map/5G_Active_Sites_with_Overlay.kml",
        "retrieved_at": "2026-08-07",
        "accuracy_note": "Exact coordinate value published in the provider KML; not independently surveyed.",
        "altitude_m": 0
      }
    },
    {
      "type": "Feature",
      "id": "jazz-0261",
      "geometry": {
        "type": "Point",
        "coordinates": [
          71.45652,
          30.19928,
          0
        ]
      },
      "properties": {
        "site_uid": "jazz-0261",
        "provider": "Jazz",
        "source_index": 261,
        "site_name_source": "MUL7923",
        "display_name": "MUL7923",
        "city_source": "",
        "geometry_type": "Point",
        "record_kind": "provider_published_5g_site",
        "is_named": true,
        "duplicate_coordinate_group": "",
        "source_dataset": "Jazz official 5G KML point placemarks",
        "source_url": "https://jazz.com.pk/KML_Coverage_map/5G_Active_Sites_with_Overlay.kml",
        "retrieved_at": "2026-08-07",
        "accuracy_note": "Exact coordinate value published in the provider KML; not independently surveyed.",
        "altitude_m": 0
      }
    },
    {
      "type": "Feature",
      "id": "jazz-0262",
      "geometry": {
        "type": "Point",
        "coordinates": [
          71.4543,
          30.2067,
          0
        ]
      },
      "properties": {
        "site_uid": "jazz-0262",
        "provider": "Jazz",
        "source_index": 262,
        "site_name_source": "MUL3378",
        "display_name": "MUL3378",
        "city_source": "",
        "geometry_type": "Point",
        "record_kind": "provider_published_5g_site",
        "is_named": true,
        "duplicate_coordinate_group": "",
        "source_dataset": "Jazz official 5G KML point placemarks",
        "source_url": "https://jazz.com.pk/KML_Coverage_map/5G_Active_Sites_with_Overlay.kml",
        "retrieved_at": "2026-08-07",
        "accuracy_note": "Exact coordinate value published in the provider KML; not independently surveyed.",
        "altitude_m": 0
      }
    },
    {
      "type": "Feature",
      "id": "jazz-0263",
      "geometry": {
        "type": "Point",
        "coordinates": [
          71.46002,
          30.19122,
          0
        ]
      },
      "properties": {
        "site_uid": "jazz-0263",
        "provider": "Jazz",
        "source_index": 263,
        "site_name_source": "MUL7662",
        "display_name": "MUL7662",
        "city_source": "",
        "geometry_type": "Point",
        "record_kind": "provider_published_5g_site",
        "is_named": true,
        "duplicate_coordinate_group": "",
        "source_dataset": "Jazz official 5G KML point placemarks",
        "source_url": "https://jazz.com.pk/KML_Coverage_map/5G_Active_Sites_with_Overlay.kml",
        "retrieved_at": "2026-08-07",
        "accuracy_note": "Exact coordinate value published in the provider KML; not independently surveyed.",
        "altitude_m": 0
      }
    },
    {
      "type": "Feature",
      "id": "jazz-0264",
      "geometry": {
        "type": "Point",
        "coordinates": [
          71.46267,
          30.19021,
          0
        ]
      },
      "properties": {
        "site_uid": "jazz-0264",
        "provider": "Jazz",
        "source_index": 264,
        "site_name_source": "MUL9346",
        "display_name": "MUL9346",
        "city_source": "",
        "geometry_type": "Point",
        "record_kind": "provider_published_5g_site",
        "is_named": true,
        "duplicate_coordinate_group": "",
        "source_dataset": "Jazz official 5G KML point placemarks",
        "source_url": "https://jazz.com.pk/KML_Coverage_map/5G_Active_Sites_with_Overlay.kml",
        "retrieved_at": "2026-08-07",
        "accuracy_note": "Exact coordinate value published in the provider KML; not independently surveyed.",
        "altitude_m": 0
      }
    },
    {
      "type": "Feature",
      "id": "jazz-0265",
      "geometry": {
        "type": "Point",
        "coordinates": [
          71.494,
          30.2087,
          0
        ]
      },
      "properties": {
        "site_uid": "jazz-0265",
        "provider": "Jazz",
        "source_index": 265,
        "site_name_source": "MUL0030",
        "display_name": "MUL0030",
        "city_source": "",
        "geometry_type": "Point",
        "record_kind": "provider_published_5g_site",
        "is_named": true,
        "duplicate_coordinate_group": "",
        "source_dataset": "Jazz official 5G KML point placemarks",
        "source_url": "https://jazz.com.pk/KML_Coverage_map/5G_Active_Sites_with_Overlay.kml",
        "retrieved_at": "2026-08-07",
        "accuracy_note": "Exact coordinate value published in the provider KML; not independently surveyed.",
        "altitude_m": 0
      }
    },
    {
      "type": "Feature",
      "id": "jazz-0266",
      "geometry": {
        "type": "Point",
        "coordinates": [
          71.4818,
          30.1996,
          0
        ]
      },
      "properties": {
        "site_uid": "jazz-0266",
        "provider": "Jazz",
        "source_index": 266,
        "site_name_source": "MUL3385",
        "display_name": "MUL3385",
        "city_source": "",
        "geometry_type": "Point",
        "record_kind": "provider_published_5g_site",
        "is_named": true,
        "duplicate_coordinate_group": "",
        "source_dataset": "Jazz official 5G KML point placemarks",
        "source_url": "https://jazz.com.pk/KML_Coverage_map/5G_Active_Sites_with_Overlay.kml",
        "retrieved_at": "2026-08-07",
        "accuracy_note": "Exact coordinate value published in the provider KML; not independently surveyed.",
        "altitude_m": 0
      }
    },
    {
      "type": "Feature",
      "id": "jazz-0267",
      "geometry": {
        "type": "Point",
        "coordinates": [
          71.48246,
          30.19437,
          0
        ]
      },
      "properties": {
        "site_uid": "jazz-0267",
        "provider": "Jazz",
        "source_index": 267,
        "site_name_source": "MUL0896",
        "display_name": "MUL0896",
        "city_source": "",
        "geometry_type": "Point",
        "record_kind": "provider_published_5g_site",
        "is_named": true,
        "duplicate_coordinate_group": "",
        "source_dataset": "Jazz official 5G KML point placemarks",
        "source_url": "https://jazz.com.pk/KML_Coverage_map/5G_Active_Sites_with_Overlay.kml",
        "retrieved_at": "2026-08-07",
        "accuracy_note": "Exact coordinate value published in the provider KML; not independently surveyed.",
        "altitude_m": 0
      }
    },
    {
      "type": "Feature",
      "id": "jazz-0268",
      "geometry": {
        "type": "Point",
        "coordinates": [
          71.4917,
          30.1987,
          0
        ]
      },
      "properties": {
        "site_uid": "jazz-0268",
        "provider": "Jazz",
        "source_index": 268,
        "site_name_source": "MUL0714",
        "display_name": "MUL0714",
        "city_source": "",
        "geometry_type": "Point",
        "record_kind": "provider_published_5g_site",
        "is_named": true,
        "duplicate_coordinate_group": "",
        "source_dataset": "Jazz official 5G KML point placemarks",
        "source_url": "https://jazz.com.pk/KML_Coverage_map/5G_Active_Sites_with_Overlay.kml",
        "retrieved_at": "2026-08-07",
        "accuracy_note": "Exact coordinate value published in the provider KML; not independently surveyed.",
        "altitude_m": 0
      }
    },
    {
      "type": "Feature",
      "id": "jazz-0269",
      "geometry": {
        "type": "Point",
        "coordinates": [
          71.4862,
          30.1908,
          0
        ]
      },
      "properties": {
        "site_uid": "jazz-0269",
        "provider": "Jazz",
        "source_index": 269,
        "site_name_source": "MUL0499",
        "display_name": "MUL0499",
        "city_source": "",
        "geometry_type": "Point",
        "record_kind": "provider_published_5g_site",
        "is_named": true,
        "duplicate_coordinate_group": "",
        "source_dataset": "Jazz official 5G KML point placemarks",
        "source_url": "https://jazz.com.pk/KML_Coverage_map/5G_Active_Sites_with_Overlay.kml",
        "retrieved_at": "2026-08-07",
        "accuracy_note": "Exact coordinate value published in the provider KML; not independently surveyed.",
        "altitude_m": 0
      }
    },
    {
      "type": "Feature",
      "id": "jazz-0270",
      "geometry": {
        "type": "Point",
        "coordinates": [
          71.48238,
          30.20677,
          0
        ]
      },
      "properties": {
        "site_uid": "jazz-0270",
        "provider": "Jazz",
        "source_index": 270,
        "site_name_source": "MUL7666",
        "display_name": "MUL7666",
        "city_source": "",
        "geometry_type": "Point",
        "record_kind": "provider_published_5g_site",
        "is_named": true,
        "duplicate_coordinate_group": "",
        "source_dataset": "Jazz official 5G KML point placemarks",
        "source_url": "https://jazz.com.pk/KML_Coverage_map/5G_Active_Sites_with_Overlay.kml",
        "retrieved_at": "2026-08-07",
        "accuracy_note": "Exact coordinate value published in the provider KML; not independently surveyed.",
        "altitude_m": 0
      }
    },
    {
      "type": "Feature",
      "id": "jazz-0271",
      "geometry": {
        "type": "Point",
        "coordinates": [
          71.4871,
          30.2035,
          0
        ]
      },
      "properties": {
        "site_uid": "jazz-0271",
        "provider": "Jazz",
        "source_index": 271,
        "site_name_source": "MUL3384",
        "display_name": "MUL3384",
        "city_source": "",
        "geometry_type": "Point",
        "record_kind": "provider_published_5g_site",
        "is_named": true,
        "duplicate_coordinate_group": "",
        "source_dataset": "Jazz official 5G KML point placemarks",
        "source_url": "https://jazz.com.pk/KML_Coverage_map/5G_Active_Sites_with_Overlay.kml",
        "retrieved_at": "2026-08-07",
        "accuracy_note": "Exact coordinate value published in the provider KML; not independently surveyed.",
        "altitude_m": 0
      }
    },
    {
      "type": "Feature",
      "id": "jazz-0272",
      "geometry": {
        "type": "Point",
        "coordinates": [
          71.49011,
          30.19393,
          0
        ]
      },
      "properties": {
        "site_uid": "jazz-0272",
        "provider": "Jazz",
        "source_index": 272,
        "site_name_source": "MUL7767",
        "display_name": "MUL7767",
        "city_source": "",
        "geometry_type": "Point",
        "record_kind": "provider_published_5g_site",
        "is_named": true,
        "duplicate_coordinate_group": "",
        "source_dataset": "Jazz official 5G KML point placemarks",
        "source_url": "https://jazz.com.pk/KML_Coverage_map/5G_Active_Sites_with_Overlay.kml",
        "retrieved_at": "2026-08-07",
        "accuracy_note": "Exact coordinate value published in the provider KML; not independently surveyed.",
        "altitude_m": 0
      }
    },
    {
      "type": "Feature",
      "id": "jazz-0273",
      "geometry": {
        "type": "Point",
        "coordinates": [
          71.48938,
          30.18908,
          0
        ]
      },
      "properties": {
        "site_uid": "jazz-0273",
        "provider": "Jazz",
        "source_index": 273,
        "site_name_source": "MUL0766",
        "display_name": "MUL0766",
        "city_source": "",
        "geometry_type": "Point",
        "record_kind": "provider_published_5g_site",
        "is_named": true,
        "duplicate_coordinate_group": "",
        "source_dataset": "Jazz official 5G KML point placemarks",
        "source_url": "https://jazz.com.pk/KML_Coverage_map/5G_Active_Sites_with_Overlay.kml",
        "retrieved_at": "2026-08-07",
        "accuracy_note": "Exact coordinate value published in the provider KML; not independently surveyed.",
        "altitude_m": 0
      }
    },
    {
      "type": "Feature",
      "id": "jazz-0274",
      "geometry": {
        "type": "Point",
        "coordinates": [
          71.4785,
          30.1929,
          0
        ]
      },
      "properties": {
        "site_uid": "jazz-0274",
        "provider": "Jazz",
        "source_index": 274,
        "site_name_source": "MUL3370",
        "display_name": "MUL3370",
        "city_source": "",
        "geometry_type": "Point",
        "record_kind": "provider_published_5g_site",
        "is_named": true,
        "duplicate_coordinate_group": "",
        "source_dataset": "Jazz official 5G KML point placemarks",
        "source_url": "https://jazz.com.pk/KML_Coverage_map/5G_Active_Sites_with_Overlay.kml",
        "retrieved_at": "2026-08-07",
        "accuracy_note": "Exact coordinate value published in the provider KML; not independently surveyed.",
        "altitude_m": 0
      }
    },
    {
      "type": "Feature",
      "id": "jazz-0275",
      "geometry": {
        "type": "Point",
        "coordinates": [
          71.476122,
          30.190864,
          0
        ]
      },
      "properties": {
        "site_uid": "jazz-0275",
        "provider": "Jazz",
        "source_index": 275,
        "site_name_source": "MUL1769",
        "display_name": "MUL1769",
        "city_source": "",
        "geometry_type": "Point",
        "record_kind": "provider_published_5g_site",
        "is_named": true,
        "duplicate_coordinate_group": "",
        "source_dataset": "Jazz official 5G KML point placemarks",
        "source_url": "https://jazz.com.pk/KML_Coverage_map/5G_Active_Sites_with_Overlay.kml",
        "retrieved_at": "2026-08-07",
        "accuracy_note": "Exact coordinate value published in the provider KML; not independently surveyed.",
        "altitude_m": 0
      }
    },
    {
      "type": "Feature",
      "id": "jazz-0276",
      "geometry": {
        "type": "Point",
        "coordinates": [
          71.49436,
          30.19097,
          0
        ]
      },
      "properties": {
        "site_uid": "jazz-0276",
        "provider": "Jazz",
        "source_index": 276,
        "site_name_source": "MUL4598",
        "display_name": "MUL4598",
        "city_source": "",
        "geometry_type": "Point",
        "record_kind": "provider_published_5g_site",
        "is_named": true,
        "duplicate_coordinate_group": "",
        "source_dataset": "Jazz official 5G KML point placemarks",
        "source_url": "https://jazz.com.pk/KML_Coverage_map/5G_Active_Sites_with_Overlay.kml",
        "retrieved_at": "2026-08-07",
        "accuracy_note": "Exact coordinate value published in the provider KML; not independently surveyed.",
        "altitude_m": 0
      }
    },
    {
      "type": "Feature",
      "id": "jazz-0277",
      "geometry": {
        "type": "Point",
        "coordinates": [
          71.5425,
          33.99,
          0
        ]
      },
      "properties": {
        "site_uid": "jazz-0277",
        "provider": "Jazz",
        "source_index": 277,
        "site_name_source": "PSH3805",
        "display_name": "PSH3805",
        "city_source": "",
        "geometry_type": "Point",
        "record_kind": "provider_published_5g_site",
        "is_named": true,
        "duplicate_coordinate_group": "",
        "source_dataset": "Jazz official 5G KML point placemarks",
        "source_url": "https://jazz.com.pk/KML_Coverage_map/5G_Active_Sites_with_Overlay.kml",
        "retrieved_at": "2026-08-07",
        "accuracy_note": "Exact coordinate value published in the provider KML; not independently surveyed.",
        "altitude_m": 0
      }
    },
    {
      "type": "Feature",
      "id": "jazz-0278",
      "geometry": {
        "type": "Point",
        "coordinates": [
          71.5483,
          33.9905,
          0
        ]
      },
      "properties": {
        "site_uid": "jazz-0278",
        "provider": "Jazz",
        "source_index": 278,
        "site_name_source": "PSH1856",
        "display_name": "PSH1856",
        "city_source": "",
        "geometry_type": "Point",
        "record_kind": "provider_published_5g_site",
        "is_named": true,
        "duplicate_coordinate_group": "",
        "source_dataset": "Jazz official 5G KML point placemarks",
        "source_url": "https://jazz.com.pk/KML_Coverage_map/5G_Active_Sites_with_Overlay.kml",
        "retrieved_at": "2026-08-07",
        "accuracy_note": "Exact coordinate value published in the provider KML; not independently surveyed.",
        "altitude_m": 0
      }
    },
    {
      "type": "Feature",
      "id": "jazz-0279",
      "geometry": {
        "type": "Point",
        "coordinates": [
          71.5465,
          33.9961,
          0
        ]
      },
      "properties": {
        "site_uid": "jazz-0279",
        "provider": "Jazz",
        "source_index": 279,
        "site_name_source": "PSH1720",
        "display_name": "PSH1720",
        "city_source": "",
        "geometry_type": "Point",
        "record_kind": "provider_published_5g_site",
        "is_named": true,
        "duplicate_coordinate_group": "",
        "source_dataset": "Jazz official 5G KML point placemarks",
        "source_url": "https://jazz.com.pk/KML_Coverage_map/5G_Active_Sites_with_Overlay.kml",
        "retrieved_at": "2026-08-07",
        "accuracy_note": "Exact coordinate value published in the provider KML; not independently surveyed.",
        "altitude_m": 0
      }
    },
    {
      "type": "Feature",
      "id": "jazz-0280",
      "geometry": {
        "type": "Point",
        "coordinates": [
          71.5347,
          33.987,
          0
        ]
      },
      "properties": {
        "site_uid": "jazz-0280",
        "provider": "Jazz",
        "source_index": 280,
        "site_name_source": "PSH3807",
        "display_name": "PSH3807",
        "city_source": "",
        "geometry_type": "Point",
        "record_kind": "provider_published_5g_site",
        "is_named": true,
        "duplicate_coordinate_group": "",
        "source_dataset": "Jazz official 5G KML point placemarks",
        "source_url": "https://jazz.com.pk/KML_Coverage_map/5G_Active_Sites_with_Overlay.kml",
        "retrieved_at": "2026-08-07",
        "accuracy_note": "Exact coordinate value published in the provider KML; not independently surveyed.",
        "altitude_m": 0
      }
    },
    {
      "type": "Feature",
      "id": "jazz-0281",
      "geometry": {
        "type": "Point",
        "coordinates": [
          71.5462,
          33.9854,
          0
        ]
      },
      "properties": {
        "site_uid": "jazz-0281",
        "provider": "Jazz",
        "source_index": 281,
        "site_name_source": "PSH1293",
        "display_name": "PSH1293",
        "city_source": "",
        "geometry_type": "Point",
        "record_kind": "provider_published_5g_site",
        "is_named": true,
        "duplicate_coordinate_group": "",
        "source_dataset": "Jazz official 5G KML point placemarks",
        "source_url": "https://jazz.com.pk/KML_Coverage_map/5G_Active_Sites_with_Overlay.kml",
        "retrieved_at": "2026-08-07",
        "accuracy_note": "Exact coordinate value published in the provider KML; not independently surveyed.",
        "altitude_m": 0
      }
    },
    {
      "type": "Feature",
      "id": "jazz-0282",
      "geometry": {
        "type": "Point",
        "coordinates": [
          71.5514,
          33.9878,
          0
        ]
      },
      "properties": {
        "site_uid": "jazz-0282",
        "provider": "Jazz",
        "source_index": 282,
        "site_name_source": "PSH3804",
        "display_name": "PSH3804",
        "city_source": "",
        "geometry_type": "Point",
        "record_kind": "provider_published_5g_site",
        "is_named": true,
        "duplicate_coordinate_group": "",
        "source_dataset": "Jazz official 5G KML point placemarks",
        "source_url": "https://jazz.com.pk/KML_Coverage_map/5G_Active_Sites_with_Overlay.kml",
        "retrieved_at": "2026-08-07",
        "accuracy_note": "Exact coordinate value published in the provider KML; not independently surveyed.",
        "altitude_m": 0
      }
    },
    {
      "type": "Feature",
      "id": "jazz-0283",
      "geometry": {
        "type": "Point",
        "coordinates": [
          71.4687,
          33.9913,
          0
        ]
      },
      "properties": {
        "site_uid": "jazz-0283",
        "provider": "Jazz",
        "source_index": 283,
        "site_name_source": "PSH3815",
        "display_name": "PSH3815",
        "city_source": "",
        "geometry_type": "Point",
        "record_kind": "provider_published_5g_site",
        "is_named": true,
        "duplicate_coordinate_group": "",
        "source_dataset": "Jazz official 5G KML point placemarks",
        "source_url": "https://jazz.com.pk/KML_Coverage_map/5G_Active_Sites_with_Overlay.kml",
        "retrieved_at": "2026-08-07",
        "accuracy_note": "Exact coordinate value published in the provider KML; not independently surveyed.",
        "altitude_m": 0
      }
    },
    {
      "type": "Feature",
      "id": "jazz-0284",
      "geometry": {
        "type": "Point",
        "coordinates": [
          71.4773,
          33.9981,
          0
        ]
      },
      "properties": {
        "site_uid": "jazz-0284",
        "provider": "Jazz",
        "source_index": 284,
        "site_name_source": "PSH3824",
        "display_name": "PSH3824",
        "city_source": "",
        "geometry_type": "Point",
        "record_kind": "provider_published_5g_site",
        "is_named": true,
        "duplicate_coordinate_group": "",
        "source_dataset": "Jazz official 5G KML point placemarks",
        "source_url": "https://jazz.com.pk/KML_Coverage_map/5G_Active_Sites_with_Overlay.kml",
        "retrieved_at": "2026-08-07",
        "accuracy_note": "Exact coordinate value published in the provider KML; not independently surveyed.",
        "altitude_m": 0
      }
    },
    {
      "type": "Feature",
      "id": "jazz-0285",
      "geometry": {
        "type": "Point",
        "coordinates": [
          71.4914,
          33.9996,
          0
        ]
      },
      "properties": {
        "site_uid": "jazz-0285",
        "provider": "Jazz",
        "source_index": 285,
        "site_name_source": "PSH1587",
        "display_name": "PSH1587",
        "city_source": "",
        "geometry_type": "Point",
        "record_kind": "provider_published_5g_site",
        "is_named": true,
        "duplicate_coordinate_group": "",
        "source_dataset": "Jazz official 5G KML point placemarks",
        "source_url": "https://jazz.com.pk/KML_Coverage_map/5G_Active_Sites_with_Overlay.kml",
        "retrieved_at": "2026-08-07",
        "accuracy_note": "Exact coordinate value published in the provider KML; not independently surveyed.",
        "altitude_m": 0
      }
    },
    {
      "type": "Feature",
      "id": "jazz-0286",
      "geometry": {
        "type": "Point",
        "coordinates": [
          71.4724,
          34.0033,
          0
        ]
      },
      "properties": {
        "site_uid": "jazz-0286",
        "provider": "Jazz",
        "source_index": 286,
        "site_name_source": "PSH1699",
        "display_name": "PSH1699",
        "city_source": "",
        "geometry_type": "Point",
        "record_kind": "provider_published_5g_site",
        "is_named": true,
        "duplicate_coordinate_group": "",
        "source_dataset": "Jazz official 5G KML point placemarks",
        "source_url": "https://jazz.com.pk/KML_Coverage_map/5G_Active_Sites_with_Overlay.kml",
        "retrieved_at": "2026-08-07",
        "accuracy_note": "Exact coordinate value published in the provider KML; not independently surveyed.",
        "altitude_m": 0
      }
    },
    {
      "type": "Feature",
      "id": "jazz-0287",
      "geometry": {
        "type": "Point",
        "coordinates": [
          71.5207,
          34.0085,
          0
        ]
      },
      "properties": {
        "site_uid": "jazz-0287",
        "provider": "Jazz",
        "source_index": 287,
        "site_name_source": "PSH0566",
        "display_name": "PSH0566",
        "city_source": "",
        "geometry_type": "Point",
        "record_kind": "provider_published_5g_site",
        "is_named": true,
        "duplicate_coordinate_group": "",
        "source_dataset": "Jazz official 5G KML point placemarks",
        "source_url": "https://jazz.com.pk/KML_Coverage_map/5G_Active_Sites_with_Overlay.kml",
        "retrieved_at": "2026-08-07",
        "accuracy_note": "Exact coordinate value published in the provider KML; not independently surveyed.",
        "altitude_m": 0
      }
    },
    {
      "type": "Feature",
      "id": "jazz-0288",
      "geometry": {
        "type": "Point",
        "coordinates": [
          71.4843,
          33.9914,
          0
        ]
      },
      "properties": {
        "site_uid": "jazz-0288",
        "provider": "Jazz",
        "source_index": 288,
        "site_name_source": "PSH1046",
        "display_name": "PSH1046",
        "city_source": "",
        "geometry_type": "Point",
        "record_kind": "provider_published_5g_site",
        "is_named": true,
        "duplicate_coordinate_group": "",
        "source_dataset": "Jazz official 5G KML point placemarks",
        "source_url": "https://jazz.com.pk/KML_Coverage_map/5G_Active_Sites_with_Overlay.kml",
        "retrieved_at": "2026-08-07",
        "accuracy_note": "Exact coordinate value published in the provider KML; not independently surveyed.",
        "altitude_m": 0
      }
    },
    {
      "type": "Feature",
      "id": "jazz-0289",
      "geometry": {
        "type": "Point",
        "coordinates": [
          71.4709,
          33.9971,
          0
        ]
      },
      "properties": {
        "site_uid": "jazz-0289",
        "provider": "Jazz",
        "source_index": 289,
        "site_name_source": "PSH1858",
        "display_name": "PSH1858",
        "city_source": "",
        "geometry_type": "Point",
        "record_kind": "provider_published_5g_site",
        "is_named": true,
        "duplicate_coordinate_group": "",
        "source_dataset": "Jazz official 5G KML point placemarks",
        "source_url": "https://jazz.com.pk/KML_Coverage_map/5G_Active_Sites_with_Overlay.kml",
        "retrieved_at": "2026-08-07",
        "accuracy_note": "Exact coordinate value published in the provider KML; not independently surveyed.",
        "altitude_m": 0
      }
    },
    {
      "type": "Feature",
      "id": "jazz-0290",
      "geometry": {
        "type": "Point",
        "coordinates": [
          71.5354,
          34.0154,
          0
        ]
      },
      "properties": {
        "site_uid": "jazz-0290",
        "provider": "Jazz",
        "source_index": 290,
        "site_name_source": "PSH3814",
        "display_name": "PSH3814",
        "city_source": "",
        "geometry_type": "Point",
        "record_kind": "provider_published_5g_site",
        "is_named": true,
        "duplicate_coordinate_group": "",
        "source_dataset": "Jazz official 5G KML point placemarks",
        "source_url": "https://jazz.com.pk/KML_Coverage_map/5G_Active_Sites_with_Overlay.kml",
        "retrieved_at": "2026-08-07",
        "accuracy_note": "Exact coordinate value published in the provider KML; not independently surveyed.",
        "altitude_m": 0
      }
    },
    {
      "type": "Feature",
      "id": "jazz-0291",
      "geometry": {
        "type": "Point",
        "coordinates": [
          71.5275,
          34.0096,
          0
        ]
      },
      "properties": {
        "site_uid": "jazz-0291",
        "provider": "Jazz",
        "source_index": 291,
        "site_name_source": "PSH2422",
        "display_name": "PSH2422",
        "city_source": "",
        "geometry_type": "Point",
        "record_kind": "provider_published_5g_site",
        "is_named": true,
        "duplicate_coordinate_group": "",
        "source_dataset": "Jazz official 5G KML point placemarks",
        "source_url": "https://jazz.com.pk/KML_Coverage_map/5G_Active_Sites_with_Overlay.kml",
        "retrieved_at": "2026-08-07",
        "accuracy_note": "Exact coordinate value published in the provider KML; not independently surveyed.",
        "altitude_m": 0
      }
    },
    {
      "type": "Feature",
      "id": "jazz-0292",
      "geometry": {
        "type": "Point",
        "coordinates": [
          71.4617,
          33.9972,
          0
        ]
      },
      "properties": {
        "site_uid": "jazz-0292",
        "provider": "Jazz",
        "source_index": 292,
        "site_name_source": "PSH1276",
        "display_name": "PSH1276",
        "city_source": "",
        "geometry_type": "Point",
        "record_kind": "provider_published_5g_site",
        "is_named": true,
        "duplicate_coordinate_group": "",
        "source_dataset": "Jazz official 5G KML point placemarks",
        "source_url": "https://jazz.com.pk/KML_Coverage_map/5G_Active_Sites_with_Overlay.kml",
        "retrieved_at": "2026-08-07",
        "accuracy_note": "Exact coordinate value published in the provider KML; not independently surveyed.",
        "altitude_m": 0
      }
    },
    {
      "type": "Feature",
      "id": "jazz-0293",
      "geometry": {
        "type": "Point",
        "coordinates": [
          71.5039,
          34.0119,
          0
        ]
      },
      "properties": {
        "site_uid": "jazz-0293",
        "provider": "Jazz",
        "source_index": 293,
        "site_name_source": "PSH1442",
        "display_name": "PSH1442",
        "city_source": "",
        "geometry_type": "Point",
        "record_kind": "provider_published_5g_site",
        "is_named": true,
        "duplicate_coordinate_group": "",
        "source_dataset": "Jazz official 5G KML point placemarks",
        "source_url": "https://jazz.com.pk/KML_Coverage_map/5G_Active_Sites_with_Overlay.kml",
        "retrieved_at": "2026-08-07",
        "accuracy_note": "Exact coordinate value published in the provider KML; not independently surveyed.",
        "altitude_m": 0
      }
    },
    {
      "type": "Feature",
      "id": "jazz-0294",
      "geometry": {
        "type": "Point",
        "coordinates": [
          71.5147,
          34.0117,
          0
        ]
      },
      "properties": {
        "site_uid": "jazz-0294",
        "provider": "Jazz",
        "source_index": 294,
        "site_name_source": "PSH1277",
        "display_name": "PSH1277",
        "city_source": "",
        "geometry_type": "Point",
        "record_kind": "provider_published_5g_site",
        "is_named": true,
        "duplicate_coordinate_group": "",
        "source_dataset": "Jazz official 5G KML point placemarks",
        "source_url": "https://jazz.com.pk/KML_Coverage_map/5G_Active_Sites_with_Overlay.kml",
        "retrieved_at": "2026-08-07",
        "accuracy_note": "Exact coordinate value published in the provider KML; not independently surveyed.",
        "altitude_m": 0
      }
    },
    {
      "type": "Feature",
      "id": "jazz-0295",
      "geometry": {
        "type": "Point",
        "coordinates": [
          71.4911,
          34.0055,
          0
        ]
      },
      "properties": {
        "site_uid": "jazz-0295",
        "provider": "Jazz",
        "source_index": 295,
        "site_name_source": "PSH3823",
        "display_name": "PSH3823",
        "city_source": "",
        "geometry_type": "Point",
        "record_kind": "provider_published_5g_site",
        "is_named": true,
        "duplicate_coordinate_group": "",
        "source_dataset": "Jazz official 5G KML point placemarks",
        "source_url": "https://jazz.com.pk/KML_Coverage_map/5G_Active_Sites_with_Overlay.kml",
        "retrieved_at": "2026-08-07",
        "accuracy_note": "Exact coordinate value published in the provider KML; not independently surveyed.",
        "altitude_m": 0
      }
    },
    {
      "type": "Feature",
      "id": "jazz-0296",
      "geometry": {
        "type": "Point",
        "coordinates": [
          71.4937,
          34.0105,
          0
        ]
      },
      "properties": {
        "site_uid": "jazz-0296",
        "provider": "Jazz",
        "source_index": 296,
        "site_name_source": "PSH5019",
        "display_name": "PSH5019",
        "city_source": "",
        "geometry_type": "Point",
        "record_kind": "provider_published_5g_site",
        "is_named": true,
        "duplicate_coordinate_group": "",
        "source_dataset": "Jazz official 5G KML point placemarks",
        "source_url": "https://jazz.com.pk/KML_Coverage_map/5G_Active_Sites_with_Overlay.kml",
        "retrieved_at": "2026-08-07",
        "accuracy_note": "Exact coordinate value published in the provider KML; not independently surveyed.",
        "altitude_m": 0
      }
    },
    {
      "type": "Feature",
      "id": "jazz-0297",
      "geometry": {
        "type": "Point",
        "coordinates": [
          71.4951,
          34.0144,
          0
        ]
      },
      "properties": {
        "site_uid": "jazz-0297",
        "provider": "Jazz",
        "source_index": 297,
        "site_name_source": "PSH3819",
        "display_name": "PSH3819",
        "city_source": "",
        "geometry_type": "Point",
        "record_kind": "provider_published_5g_site",
        "is_named": true,
        "duplicate_coordinate_group": "",
        "source_dataset": "Jazz official 5G KML point placemarks",
        "source_url": "https://jazz.com.pk/KML_Coverage_map/5G_Active_Sites_with_Overlay.kml",
        "retrieved_at": "2026-08-07",
        "accuracy_note": "Exact coordinate value published in the provider KML; not independently surveyed.",
        "altitude_m": 0
      }
    },
    {
      "type": "Feature",
      "id": "jazz-0298",
      "geometry": {
        "type": "Point",
        "coordinates": [
          71.4984,
          33.9881,
          0
        ]
      },
      "properties": {
        "site_uid": "jazz-0298",
        "provider": "Jazz",
        "source_index": 298,
        "site_name_source": "PSH3802",
        "display_name": "PSH3802",
        "city_source": "",
        "geometry_type": "Point",
        "record_kind": "provider_published_5g_site",
        "is_named": true,
        "duplicate_coordinate_group": "",
        "source_dataset": "Jazz official 5G KML point placemarks",
        "source_url": "https://jazz.com.pk/KML_Coverage_map/5G_Active_Sites_with_Overlay.kml",
        "retrieved_at": "2026-08-07",
        "accuracy_note": "Exact coordinate value published in the provider KML; not independently surveyed.",
        "altitude_m": 0
      }
    },
    {
      "type": "Feature",
      "id": "jazz-0299",
      "geometry": {
        "type": "Point",
        "coordinates": [
          71.5038,
          33.9905,
          0
        ]
      },
      "properties": {
        "site_uid": "jazz-0299",
        "provider": "Jazz",
        "source_index": 299,
        "site_name_source": "PSH1047",
        "display_name": "PSH1047",
        "city_source": "",
        "geometry_type": "Point",
        "record_kind": "provider_published_5g_site",
        "is_named": true,
        "duplicate_coordinate_group": "",
        "source_dataset": "Jazz official 5G KML point placemarks",
        "source_url": "https://jazz.com.pk/KML_Coverage_map/5G_Active_Sites_with_Overlay.kml",
        "retrieved_at": "2026-08-07",
        "accuracy_note": "Exact coordinate value published in the provider KML; not independently surveyed.",
        "altitude_m": 0
      }
    },
    {
      "type": "Feature",
      "id": "jazz-0300",
      "geometry": {
        "type": "Point",
        "coordinates": [
          71.5087,
          34.0058,
          0
        ]
      },
      "properties": {
        "site_uid": "jazz-0300",
        "provider": "Jazz",
        "source_index": 300,
        "site_name_source": "PSH3822",
        "display_name": "PSH3822",
        "city_source": "",
        "geometry_type": "Point",
        "record_kind": "provider_published_5g_site",
        "is_named": true,
        "duplicate_coordinate_group": "",
        "source_dataset": "Jazz official 5G KML point placemarks",
        "source_url": "https://jazz.com.pk/KML_Coverage_map/5G_Active_Sites_with_Overlay.kml",
        "retrieved_at": "2026-08-07",
        "accuracy_note": "Exact coordinate value published in the provider KML; not independently surveyed.",
        "altitude_m": 0
      }
    },
    {
      "type": "Feature",
      "id": "jazz-0301",
      "geometry": {
        "type": "Point",
        "coordinates": [
          71.5079,
          34.0019,
          0
        ]
      },
      "properties": {
        "site_uid": "jazz-0301",
        "provider": "Jazz",
        "source_index": 301,
        "site_name_source": "PSH1282",
        "display_name": "PSH1282",
        "city_source": "",
        "geometry_type": "Point",
        "record_kind": "provider_published_5g_site",
        "is_named": true,
        "duplicate_coordinate_group": "",
        "source_dataset": "Jazz official 5G KML point placemarks",
        "source_url": "https://jazz.com.pk/KML_Coverage_map/5G_Active_Sites_with_Overlay.kml",
        "retrieved_at": "2026-08-07",
        "accuracy_note": "Exact coordinate value published in the provider KML; not independently surveyed.",
        "altitude_m": 0
      }
    },
    {
      "type": "Feature",
      "id": "jazz-0302",
      "geometry": {
        "type": "Point",
        "coordinates": [
          71.5236,
          33.9788,
          0
        ]
      },
      "properties": {
        "site_uid": "jazz-0302",
        "provider": "Jazz",
        "source_index": 302,
        "site_name_source": "PSH3801",
        "display_name": "PSH3801",
        "city_source": "",
        "geometry_type": "Point",
        "record_kind": "provider_published_5g_site",
        "is_named": true,
        "duplicate_coordinate_group": "",
        "source_dataset": "Jazz official 5G KML point placemarks",
        "source_url": "https://jazz.com.pk/KML_Coverage_map/5G_Active_Sites_with_Overlay.kml",
        "retrieved_at": "2026-08-07",
        "accuracy_note": "Exact coordinate value published in the provider KML; not independently surveyed.",
        "altitude_m": 0
      }
    },
    {
      "type": "Feature",
      "id": "jazz-0303",
      "geometry": {
        "type": "Point",
        "coordinates": [
          71.5123,
          33.9777,
          0
        ]
      },
      "properties": {
        "site_uid": "jazz-0303",
        "provider": "Jazz",
        "source_index": 303,
        "site_name_source": "PSH1268",
        "display_name": "PSH1268",
        "city_source": "",
        "geometry_type": "Point",
        "record_kind": "provider_published_5g_site",
        "is_named": true,
        "duplicate_coordinate_group": "",
        "source_dataset": "Jazz official 5G KML point placemarks",
        "source_url": "https://jazz.com.pk/KML_Coverage_map/5G_Active_Sites_with_Overlay.kml",
        "retrieved_at": "2026-08-07",
        "accuracy_note": "Exact coordinate value published in the provider KML; not independently surveyed.",
        "altitude_m": 0
      }
    },
    {
      "type": "Feature",
      "id": "jazz-0304",
      "geometry": {
        "type": "Point",
        "coordinates": [
          71.5125,
          33.9834,
          0
        ]
      },
      "properties": {
        "site_uid": "jazz-0304",
        "provider": "Jazz",
        "source_index": 304,
        "site_name_source": "PSH3803",
        "display_name": "PSH3803",
        "city_source": "",
        "geometry_type": "Point",
        "record_kind": "provider_published_5g_site",
        "is_named": true,
        "duplicate_coordinate_group": "",
        "source_dataset": "Jazz official 5G KML point placemarks",
        "source_url": "https://jazz.com.pk/KML_Coverage_map/5G_Active_Sites_with_Overlay.kml",
        "retrieved_at": "2026-08-07",
        "accuracy_note": "Exact coordinate value published in the provider KML; not independently surveyed.",
        "altitude_m": 0
      }
    },
    {
      "type": "Feature",
      "id": "jazz-0305",
      "geometry": {
        "type": "Point",
        "coordinates": [
          71.4904,
          33.9868,
          0
        ]
      },
      "properties": {
        "site_uid": "jazz-0305",
        "provider": "Jazz",
        "source_index": 305,
        "site_name_source": "PSH1289",
        "display_name": "PSH1289",
        "city_source": "",
        "geometry_type": "Point",
        "record_kind": "provider_published_5g_site",
        "is_named": true,
        "duplicate_coordinate_group": "",
        "source_dataset": "Jazz official 5G KML point placemarks",
        "source_url": "https://jazz.com.pk/KML_Coverage_map/5G_Active_Sites_with_Overlay.kml",
        "retrieved_at": "2026-08-07",
        "accuracy_note": "Exact coordinate value published in the provider KML; not independently surveyed.",
        "altitude_m": 0
      }
    },
    {
      "type": "Feature",
      "id": "jazz-0306",
      "geometry": {
        "type": "Point",
        "coordinates": [
          67.0134,
          30.1932,
          0
        ]
      },
      "properties": {
        "site_uid": "jazz-0306",
        "provider": "Jazz",
        "source_index": 306,
        "site_name_source": "QTA5284",
        "display_name": "QTA5284",
        "city_source": "",
        "geometry_type": "Point",
        "record_kind": "provider_published_5g_site",
        "is_named": true,
        "duplicate_coordinate_group": "",
        "source_dataset": "Jazz official 5G KML point placemarks",
        "source_url": "https://jazz.com.pk/KML_Coverage_map/5G_Active_Sites_with_Overlay.kml",
        "retrieved_at": "2026-08-07",
        "accuracy_note": "Exact coordinate value published in the provider KML; not independently surveyed.",
        "altitude_m": 0
      }
    },
    {
      "type": "Feature",
      "id": "jazz-0307",
      "geometry": {
        "type": "Point",
        "coordinates": [
          67.0169,
          30.18693,
          0
        ]
      },
      "properties": {
        "site_uid": "jazz-0307",
        "provider": "Jazz",
        "source_index": 307,
        "site_name_source": "QTA5778",
        "display_name": "QTA5778",
        "city_source": "",
        "geometry_type": "Point",
        "record_kind": "provider_published_5g_site",
        "is_named": true,
        "duplicate_coordinate_group": "",
        "source_dataset": "Jazz official 5G KML point placemarks",
        "source_url": "https://jazz.com.pk/KML_Coverage_map/5G_Active_Sites_with_Overlay.kml",
        "retrieved_at": "2026-08-07",
        "accuracy_note": "Exact coordinate value published in the provider KML; not independently surveyed.",
        "altitude_m": 0
      }
    },
    {
      "type": "Feature",
      "id": "jazz-0308",
      "geometry": {
        "type": "Point",
        "coordinates": [
          73.0685,
          33.6255,
          0
        ]
      },
      "properties": {
        "site_uid": "jazz-0308",
        "provider": "Jazz",
        "source_index": 308,
        "site_name_source": "RWP0568",
        "display_name": "RWP0568",
        "city_source": "",
        "geometry_type": "Point",
        "record_kind": "provider_published_5g_site",
        "is_named": true,
        "duplicate_coordinate_group": "",
        "source_dataset": "Jazz official 5G KML point placemarks",
        "source_url": "https://jazz.com.pk/KML_Coverage_map/5G_Active_Sites_with_Overlay.kml",
        "retrieved_at": "2026-08-07",
        "accuracy_note": "Exact coordinate value published in the provider KML; not independently surveyed.",
        "altitude_m": 0
      }
    },
    {
      "type": "Feature",
      "id": "jazz-0309",
      "geometry": {
        "type": "Point",
        "coordinates": [
          73.0731,
          33.6051,
          0
        ]
      },
      "properties": {
        "site_uid": "jazz-0309",
        "provider": "Jazz",
        "source_index": 309,
        "site_name_source": "RWP1886",
        "display_name": "RWP1886",
        "city_source": "",
        "geometry_type": "Point",
        "record_kind": "provider_published_5g_site",
        "is_named": true,
        "duplicate_coordinate_group": "",
        "source_dataset": "Jazz official 5G KML point placemarks",
        "source_url": "https://jazz.com.pk/KML_Coverage_map/5G_Active_Sites_with_Overlay.kml",
        "retrieved_at": "2026-08-07",
        "accuracy_note": "Exact coordinate value published in the provider KML; not independently surveyed.",
        "altitude_m": 0
      }
    },
    {
      "type": "Feature",
      "id": "jazz-0310",
      "geometry": {
        "type": "Point",
        "coordinates": [
          73.0683,
          33.6087,
          0
        ]
      },
      "properties": {
        "site_uid": "jazz-0310",
        "provider": "Jazz",
        "source_index": 310,
        "site_name_source": "RWP2749",
        "display_name": "RWP2749",
        "city_source": "",
        "geometry_type": "Point",
        "record_kind": "provider_published_5g_site",
        "is_named": true,
        "duplicate_coordinate_group": "",
        "source_dataset": "Jazz official 5G KML point placemarks",
        "source_url": "https://jazz.com.pk/KML_Coverage_map/5G_Active_Sites_with_Overlay.kml",
        "retrieved_at": "2026-08-07",
        "accuracy_note": "Exact coordinate value published in the provider KML; not independently surveyed.",
        "altitude_m": 0
      }
    },
    {
      "type": "Feature",
      "id": "jazz-0311",
      "geometry": {
        "type": "Point",
        "coordinates": [
          73.0733,
          33.6086,
          0
        ]
      },
      "properties": {
        "site_uid": "jazz-0311",
        "provider": "Jazz",
        "source_index": 311,
        "site_name_source": "RWP1243",
        "display_name": "RWP1243",
        "city_source": "",
        "geometry_type": "Point",
        "record_kind": "provider_published_5g_site",
        "is_named": true,
        "duplicate_coordinate_group": "",
        "source_dataset": "Jazz official 5G KML point placemarks",
        "source_url": "https://jazz.com.pk/KML_Coverage_map/5G_Active_Sites_with_Overlay.kml",
        "retrieved_at": "2026-08-07",
        "accuracy_note": "Exact coordinate value published in the provider KML; not independently surveyed.",
        "altitude_m": 0
      }
    },
    {
      "type": "Feature",
      "id": "jazz-0312",
      "geometry": {
        "type": "Point",
        "coordinates": [
          73.0426,
          33.6138,
          0
        ]
      },
      "properties": {
        "site_uid": "jazz-0312",
        "provider": "Jazz",
        "source_index": 312,
        "site_name_source": "RWP0651",
        "display_name": "RWP0651",
        "city_source": "",
        "geometry_type": "Point",
        "record_kind": "provider_published_5g_site",
        "is_named": true,
        "duplicate_coordinate_group": "",
        "source_dataset": "Jazz official 5G KML point placemarks",
        "source_url": "https://jazz.com.pk/KML_Coverage_map/5G_Active_Sites_with_Overlay.kml",
        "retrieved_at": "2026-08-07",
        "accuracy_note": "Exact coordinate value published in the provider KML; not independently surveyed.",
        "altitude_m": 0
      }
    },
    {
      "type": "Feature",
      "id": "jazz-0313",
      "geometry": {
        "type": "Point",
        "coordinates": [
          73.0789,
          33.641,
          0
        ]
      },
      "properties": {
        "site_uid": "jazz-0313",
        "provider": "Jazz",
        "source_index": 313,
        "site_name_source": "RWP0738",
        "display_name": "RWP0738",
        "city_source": "",
        "geometry_type": "Point",
        "record_kind": "provider_published_5g_site",
        "is_named": true,
        "duplicate_coordinate_group": "",
        "source_dataset": "Jazz official 5G KML point placemarks",
        "source_url": "https://jazz.com.pk/KML_Coverage_map/5G_Active_Sites_with_Overlay.kml",
        "retrieved_at": "2026-08-07",
        "accuracy_note": "Exact coordinate value published in the provider KML; not independently surveyed.",
        "altitude_m": 0
      }
    },
    {
      "type": "Feature",
      "id": "jazz-0314",
      "geometry": {
        "type": "Point",
        "coordinates": [
          73.0717,
          33.6319,
          0
        ]
      },
      "properties": {
        "site_uid": "jazz-0314",
        "provider": "Jazz",
        "source_index": 314,
        "site_name_source": "RWP1619",
        "display_name": "RWP1619",
        "city_source": "",
        "geometry_type": "Point",
        "record_kind": "provider_published_5g_site",
        "is_named": true,
        "duplicate_coordinate_group": "",
        "source_dataset": "Jazz official 5G KML point placemarks",
        "source_url": "https://jazz.com.pk/KML_Coverage_map/5G_Active_Sites_with_Overlay.kml",
        "retrieved_at": "2026-08-07",
        "accuracy_note": "Exact coordinate value published in the provider KML; not independently surveyed.",
        "altitude_m": 0
      }
    },
    {
      "type": "Feature",
      "id": "jazz-0315",
      "geometry": {
        "type": "Point",
        "coordinates": [
          73.0683,
          33.6374,
          0
        ]
      },
      "properties": {
        "site_uid": "jazz-0315",
        "provider": "Jazz",
        "source_index": 315,
        "site_name_source": "RWP0740",
        "display_name": "RWP0740",
        "city_source": "",
        "geometry_type": "Point",
        "record_kind": "provider_published_5g_site",
        "is_named": true,
        "duplicate_coordinate_group": "",
        "source_dataset": "Jazz official 5G KML point placemarks",
        "source_url": "https://jazz.com.pk/KML_Coverage_map/5G_Active_Sites_with_Overlay.kml",
        "retrieved_at": "2026-08-07",
        "accuracy_note": "Exact coordinate value published in the provider KML; not independently surveyed.",
        "altitude_m": 0
      }
    },
    {
      "type": "Feature",
      "id": "jazz-0316",
      "geometry": {
        "type": "Point",
        "coordinates": [
          73.1018,
          33.6019,
          0
        ]
      },
      "properties": {
        "site_uid": "jazz-0316",
        "provider": "Jazz",
        "source_index": 316,
        "site_name_source": "RWP0921",
        "display_name": "RWP0921",
        "city_source": "",
        "geometry_type": "Point",
        "record_kind": "provider_published_5g_site",
        "is_named": true,
        "duplicate_coordinate_group": "",
        "source_dataset": "Jazz official 5G KML point placemarks",
        "source_url": "https://jazz.com.pk/KML_Coverage_map/5G_Active_Sites_with_Overlay.kml",
        "retrieved_at": "2026-08-07",
        "accuracy_note": "Exact coordinate value published in the provider KML; not independently surveyed.",
        "altitude_m": 0
      }
    },
    {
      "type": "Feature",
      "id": "jazz-0317",
      "geometry": {
        "type": "Point",
        "coordinates": [
          73.0889,
          33.5992,
          0
        ]
      },
      "properties": {
        "site_uid": "jazz-0317",
        "provider": "Jazz",
        "source_index": 317,
        "site_name_source": "RWP1067",
        "display_name": "RWP1067",
        "city_source": "",
        "geometry_type": "Point",
        "record_kind": "provider_published_5g_site",
        "is_named": true,
        "duplicate_coordinate_group": "",
        "source_dataset": "Jazz official 5G KML point placemarks",
        "source_url": "https://jazz.com.pk/KML_Coverage_map/5G_Active_Sites_with_Overlay.kml",
        "retrieved_at": "2026-08-07",
        "accuracy_note": "Exact coordinate value published in the provider KML; not independently surveyed.",
        "altitude_m": 0
      }
    },
    {
      "type": "Feature",
      "id": "jazz-0318",
      "geometry": {
        "type": "Point",
        "coordinates": [
          73.0683,
          33.6133,
          0
        ]
      },
      "properties": {
        "site_uid": "jazz-0318",
        "provider": "Jazz",
        "source_index": 318,
        "site_name_source": "RWP0226",
        "display_name": "RWP0226",
        "city_source": "",
        "geometry_type": "Point",
        "record_kind": "provider_published_5g_site",
        "is_named": true,
        "duplicate_coordinate_group": "",
        "source_dataset": "Jazz official 5G KML point placemarks",
        "source_url": "https://jazz.com.pk/KML_Coverage_map/5G_Active_Sites_with_Overlay.kml",
        "retrieved_at": "2026-08-07",
        "accuracy_note": "Exact coordinate value published in the provider KML; not independently surveyed.",
        "altitude_m": 0
      }
    },
    {
      "type": "Feature",
      "id": "jazz-0319",
      "geometry": {
        "type": "Point",
        "coordinates": [
          73.078,
          33.6207,
          0
        ]
      },
      "properties": {
        "site_uid": "jazz-0319",
        "provider": "Jazz",
        "source_index": 319,
        "site_name_source": "RWP0746",
        "display_name": "RWP0746",
        "city_source": "",
        "geometry_type": "Point",
        "record_kind": "provider_published_5g_site",
        "is_named": true,
        "duplicate_coordinate_group": "",
        "source_dataset": "Jazz official 5G KML point placemarks",
        "source_url": "https://jazz.com.pk/KML_Coverage_map/5G_Active_Sites_with_Overlay.kml",
        "retrieved_at": "2026-08-07",
        "accuracy_note": "Exact coordinate value published in the provider KML; not independently surveyed.",
        "altitude_m": 0
      }
    },
    {
      "type": "Feature",
      "id": "jazz-0320",
      "geometry": {
        "type": "Point",
        "coordinates": [
          73.0757,
          33.6226,
          0
        ]
      },
      "properties": {
        "site_uid": "jazz-0320",
        "provider": "Jazz",
        "source_index": 320,
        "site_name_source": "RWP0387",
        "display_name": "RWP0387",
        "city_source": "",
        "geometry_type": "Point",
        "record_kind": "provider_published_5g_site",
        "is_named": true,
        "duplicate_coordinate_group": "",
        "source_dataset": "Jazz official 5G KML point placemarks",
        "source_url": "https://jazz.com.pk/KML_Coverage_map/5G_Active_Sites_with_Overlay.kml",
        "retrieved_at": "2026-08-07",
        "accuracy_note": "Exact coordinate value published in the provider KML; not independently surveyed.",
        "altitude_m": 0
      }
    },
    {
      "type": "Feature",
      "id": "jazz-0321",
      "geometry": {
        "type": "Point",
        "coordinates": [
          73.0796,
          33.6184,
          0
        ]
      },
      "properties": {
        "site_uid": "jazz-0321",
        "provider": "Jazz",
        "source_index": 321,
        "site_name_source": "RWP1248",
        "display_name": "RWP1248",
        "city_source": "",
        "geometry_type": "Point",
        "record_kind": "provider_published_5g_site",
        "is_named": true,
        "duplicate_coordinate_group": "",
        "source_dataset": "Jazz official 5G KML point placemarks",
        "source_url": "https://jazz.com.pk/KML_Coverage_map/5G_Active_Sites_with_Overlay.kml",
        "retrieved_at": "2026-08-07",
        "accuracy_note": "Exact coordinate value published in the provider KML; not independently surveyed.",
        "altitude_m": 0
      }
    },
    {
      "type": "Feature",
      "id": "jazz-0322",
      "geometry": {
        "type": "Point",
        "coordinates": [
          73.08,
          33.6331,
          0
        ]
      },
      "properties": {
        "site_uid": "jazz-0322",
        "provider": "Jazz",
        "source_index": 322,
        "site_name_source": "RWP1357",
        "display_name": "RWP1357",
        "city_source": "",
        "geometry_type": "Point",
        "record_kind": "provider_published_5g_site",
        "is_named": true,
        "duplicate_coordinate_group": "",
        "source_dataset": "Jazz official 5G KML point placemarks",
        "source_url": "https://jazz.com.pk/KML_Coverage_map/5G_Active_Sites_with_Overlay.kml",
        "retrieved_at": "2026-08-07",
        "accuracy_note": "Exact coordinate value published in the provider KML; not independently surveyed.",
        "altitude_m": 0
      }
    },
    {
      "type": "Feature",
      "id": "jazz-0323",
      "geometry": {
        "type": "Point",
        "coordinates": [
          73.0798,
          33.6009,
          0
        ]
      },
      "properties": {
        "site_uid": "jazz-0323",
        "provider": "Jazz",
        "source_index": 323,
        "site_name_source": "RWP1230",
        "display_name": "RWP1230",
        "city_source": "",
        "geometry_type": "Point",
        "record_kind": "provider_published_5g_site",
        "is_named": true,
        "duplicate_coordinate_group": "",
        "source_dataset": "Jazz official 5G KML point placemarks",
        "source_url": "https://jazz.com.pk/KML_Coverage_map/5G_Active_Sites_with_Overlay.kml",
        "retrieved_at": "2026-08-07",
        "accuracy_note": "Exact coordinate value published in the provider KML; not independently surveyed.",
        "altitude_m": 0
      }
    },
    {
      "type": "Feature",
      "id": "jazz-0324",
      "geometry": {
        "type": "Point",
        "coordinates": [
          73.0616,
          33.5898,
          0
        ]
      },
      "properties": {
        "site_uid": "jazz-0324",
        "provider": "Jazz",
        "source_index": 324,
        "site_name_source": "RWP0664",
        "display_name": "RWP0664",
        "city_source": "",
        "geometry_type": "Point",
        "record_kind": "provider_published_5g_site",
        "is_named": true,
        "duplicate_coordinate_group": "",
        "source_dataset": "Jazz official 5G KML point placemarks",
        "source_url": "https://jazz.com.pk/KML_Coverage_map/5G_Active_Sites_with_Overlay.kml",
        "retrieved_at": "2026-08-07",
        "accuracy_note": "Exact coordinate value published in the provider KML; not independently surveyed.",
        "altitude_m": 0
      }
    },
    {
      "type": "Feature",
      "id": "jazz-0325",
      "geometry": {
        "type": "Point",
        "coordinates": [
          73.0719,
          33.5892,
          0
        ]
      },
      "properties": {
        "site_uid": "jazz-0325",
        "provider": "Jazz",
        "source_index": 325,
        "site_name_source": "RWP0467",
        "display_name": "RWP0467",
        "city_source": "",
        "geometry_type": "Point",
        "record_kind": "provider_published_5g_site",
        "is_named": true,
        "duplicate_coordinate_group": "",
        "source_dataset": "Jazz official 5G KML point placemarks",
        "source_url": "https://jazz.com.pk/KML_Coverage_map/5G_Active_Sites_with_Overlay.kml",
        "retrieved_at": "2026-08-07",
        "accuracy_note": "Exact coordinate value published in the provider KML; not independently surveyed.",
        "altitude_m": 0
      }
    },
    {
      "type": "Feature",
      "id": "jazz-0326",
      "geometry": {
        "type": "Point",
        "coordinates": [
          73.0772,
          33.59,
          0
        ]
      },
      "properties": {
        "site_uid": "jazz-0326",
        "provider": "Jazz",
        "source_index": 326,
        "site_name_source": "RWP1234",
        "display_name": "RWP1234",
        "city_source": "",
        "geometry_type": "Point",
        "record_kind": "provider_published_5g_site",
        "is_named": true,
        "duplicate_coordinate_group": "",
        "source_dataset": "Jazz official 5G KML point placemarks",
        "source_url": "https://jazz.com.pk/KML_Coverage_map/5G_Active_Sites_with_Overlay.kml",
        "retrieved_at": "2026-08-07",
        "accuracy_note": "Exact coordinate value published in the provider KML; not independently surveyed.",
        "altitude_m": 0
      }
    },
    {
      "type": "Feature",
      "id": "jazz-0327",
      "geometry": {
        "type": "Point",
        "coordinates": [
          73.0772,
          33.6032,
          0
        ]
      },
      "properties": {
        "site_uid": "jazz-0327",
        "provider": "Jazz",
        "source_index": 327,
        "site_name_source": "RWP1294",
        "display_name": "RWP1294",
        "city_source": "",
        "geometry_type": "Point",
        "record_kind": "provider_published_5g_site",
        "is_named": true,
        "duplicate_coordinate_group": "",
        "source_dataset": "Jazz official 5G KML point placemarks",
        "source_url": "https://jazz.com.pk/KML_Coverage_map/5G_Active_Sites_with_Overlay.kml",
        "retrieved_at": "2026-08-07",
        "accuracy_note": "Exact coordinate value published in the provider KML; not independently surveyed.",
        "altitude_m": 0
      }
    },
    {
      "type": "Feature",
      "id": "jazz-0328",
      "geometry": {
        "type": "Point",
        "coordinates": [
          73.0441,
          33.582,
          0
        ]
      },
      "properties": {
        "site_uid": "jazz-0328",
        "provider": "Jazz",
        "source_index": 328,
        "site_name_source": "RWP0874",
        "display_name": "RWP0874",
        "city_source": "",
        "geometry_type": "Point",
        "record_kind": "provider_published_5g_site",
        "is_named": true,
        "duplicate_coordinate_group": "",
        "source_dataset": "Jazz official 5G KML point placemarks",
        "source_url": "https://jazz.com.pk/KML_Coverage_map/5G_Active_Sites_with_Overlay.kml",
        "retrieved_at": "2026-08-07",
        "accuracy_note": "Exact coordinate value published in the provider KML; not independently surveyed.",
        "altitude_m": 0
      }
    },
    {
      "type": "Feature",
      "id": "jazz-0329",
      "geometry": {
        "type": "Point",
        "coordinates": [
          73.0383,
          33.6026,
          0
        ]
      },
      "properties": {
        "site_uid": "jazz-0329",
        "provider": "Jazz",
        "source_index": 329,
        "site_name_source": "RWP1675",
        "display_name": "RWP1675",
        "city_source": "",
        "geometry_type": "Point",
        "record_kind": "provider_published_5g_site",
        "is_named": true,
        "duplicate_coordinate_group": "",
        "source_dataset": "Jazz official 5G KML point placemarks",
        "source_url": "https://jazz.com.pk/KML_Coverage_map/5G_Active_Sites_with_Overlay.kml",
        "retrieved_at": "2026-08-07",
        "accuracy_note": "Exact coordinate value published in the provider KML; not independently surveyed.",
        "altitude_m": 0
      }
    },
    {
      "type": "Feature",
      "id": "jazz-0330",
      "geometry": {
        "type": "Point",
        "coordinates": [
          73.0394,
          33.5861,
          0
        ]
      },
      "properties": {
        "site_uid": "jazz-0330",
        "provider": "Jazz",
        "source_index": 330,
        "site_name_source": "RWP2803",
        "display_name": "RWP2803",
        "city_source": "",
        "geometry_type": "Point",
        "record_kind": "provider_published_5g_site",
        "is_named": true,
        "duplicate_coordinate_group": "",
        "source_dataset": "Jazz official 5G KML point placemarks",
        "source_url": "https://jazz.com.pk/KML_Coverage_map/5G_Active_Sites_with_Overlay.kml",
        "retrieved_at": "2026-08-07",
        "accuracy_note": "Exact coordinate value published in the provider KML; not independently surveyed.",
        "altitude_m": 0
      }
    },
    {
      "type": "Feature",
      "id": "jazz-0331",
      "geometry": {
        "type": "Point",
        "coordinates": [
          73.0548,
          33.6031,
          0
        ]
      },
      "properties": {
        "site_uid": "jazz-0331",
        "provider": "Jazz",
        "source_index": 331,
        "site_name_source": "RWP1103",
        "display_name": "RWP1103",
        "city_source": "",
        "geometry_type": "Point",
        "record_kind": "provider_published_5g_site",
        "is_named": true,
        "duplicate_coordinate_group": "",
        "source_dataset": "Jazz official 5G KML point placemarks",
        "source_url": "https://jazz.com.pk/KML_Coverage_map/5G_Active_Sites_with_Overlay.kml",
        "retrieved_at": "2026-08-07",
        "accuracy_note": "Exact coordinate value published in the provider KML; not independently surveyed.",
        "altitude_m": 0
      }
    },
    {
      "type": "Feature",
      "id": "jazz-0332",
      "geometry": {
        "type": "Point",
        "coordinates": [
          73.0458,
          33.6079,
          0
        ]
      },
      "properties": {
        "site_uid": "jazz-0332",
        "provider": "Jazz",
        "source_index": 332,
        "site_name_source": "RWP1295",
        "display_name": "RWP1295",
        "city_source": "",
        "geometry_type": "Point",
        "record_kind": "provider_published_5g_site",
        "is_named": true,
        "duplicate_coordinate_group": "",
        "source_dataset": "Jazz official 5G KML point placemarks",
        "source_url": "https://jazz.com.pk/KML_Coverage_map/5G_Active_Sites_with_Overlay.kml",
        "retrieved_at": "2026-08-07",
        "accuracy_note": "Exact coordinate value published in the provider KML; not independently surveyed.",
        "altitude_m": 0
      }
    },
    {
      "type": "Feature",
      "id": "jazz-0333",
      "geometry": {
        "type": "Point",
        "coordinates": [
          73.049,
          33.6113,
          0
        ]
      },
      "properties": {
        "site_uid": "jazz-0333",
        "provider": "Jazz",
        "source_index": 333,
        "site_name_source": "RWP1301",
        "display_name": "RWP1301",
        "city_source": "",
        "geometry_type": "Point",
        "record_kind": "provider_published_5g_site",
        "is_named": true,
        "duplicate_coordinate_group": "",
        "source_dataset": "Jazz official 5G KML point placemarks",
        "source_url": "https://jazz.com.pk/KML_Coverage_map/5G_Active_Sites_with_Overlay.kml",
        "retrieved_at": "2026-08-07",
        "accuracy_note": "Exact coordinate value published in the provider KML; not independently surveyed.",
        "altitude_m": 0
      }
    },
    {
      "type": "Feature",
      "id": "jazz-0334",
      "geometry": {
        "type": "Point",
        "coordinates": [
          73.0544,
          33.6054,
          0
        ]
      },
      "properties": {
        "site_uid": "jazz-0334",
        "provider": "Jazz",
        "source_index": 334,
        "site_name_source": "RWP1669",
        "display_name": "RWP1669",
        "city_source": "",
        "geometry_type": "Point",
        "record_kind": "provider_published_5g_site",
        "is_named": true,
        "duplicate_coordinate_group": "",
        "source_dataset": "Jazz official 5G KML point placemarks",
        "source_url": "https://jazz.com.pk/KML_Coverage_map/5G_Active_Sites_with_Overlay.kml",
        "retrieved_at": "2026-08-07",
        "accuracy_note": "Exact coordinate value published in the provider KML; not independently surveyed.",
        "altitude_m": 0
      }
    },
    {
      "type": "Feature",
      "id": "jazz-0335",
      "geometry": {
        "type": "Point",
        "coordinates": [
          73.0542,
          33.6082,
          0
        ]
      },
      "properties": {
        "site_uid": "jazz-0335",
        "provider": "Jazz",
        "source_index": 335,
        "site_name_source": "RWP0192",
        "display_name": "RWP0192",
        "city_source": "",
        "geometry_type": "Point",
        "record_kind": "provider_published_5g_site",
        "is_named": true,
        "duplicate_coordinate_group": "",
        "source_dataset": "Jazz official 5G KML point placemarks",
        "source_url": "https://jazz.com.pk/KML_Coverage_map/5G_Active_Sites_with_Overlay.kml",
        "retrieved_at": "2026-08-07",
        "accuracy_note": "Exact coordinate value published in the provider KML; not independently surveyed.",
        "altitude_m": 0
      }
    },
    {
      "type": "Feature",
      "id": "jazz-0336",
      "geometry": {
        "type": "Point",
        "coordinates": [
          74.543,
          32.5022,
          0
        ]
      },
      "properties": {
        "site_uid": "jazz-0336",
        "provider": "Jazz",
        "source_index": 336,
        "site_name_source": "SKT8946",
        "display_name": "SKT8946",
        "city_source": "",
        "geometry_type": "Point",
        "record_kind": "provider_published_5g_site",
        "is_named": true,
        "duplicate_coordinate_group": "",
        "source_dataset": "Jazz official 5G KML point placemarks",
        "source_url": "https://jazz.com.pk/KML_Coverage_map/5G_Active_Sites_with_Overlay.kml",
        "retrieved_at": "2026-08-07",
        "accuracy_note": "Exact coordinate value published in the provider KML; not independently surveyed.",
        "altitude_m": 0
      }
    },
    {
      "type": "Feature",
      "id": "jazz-0337",
      "geometry": {
        "type": "Point",
        "coordinates": [
          74.53442,
          32.51012,
          0
        ]
      },
      "properties": {
        "site_uid": "jazz-0337",
        "provider": "Jazz",
        "source_index": 337,
        "site_name_source": "SKT3618",
        "display_name": "SKT3618",
        "city_source": "",
        "geometry_type": "Point",
        "record_kind": "provider_published_5g_site",
        "is_named": true,
        "duplicate_coordinate_group": "",
        "source_dataset": "Jazz official 5G KML point placemarks",
        "source_url": "https://jazz.com.pk/KML_Coverage_map/5G_Active_Sites_with_Overlay.kml",
        "retrieved_at": "2026-08-07",
        "accuracy_note": "Exact coordinate value published in the provider KML; not independently surveyed.",
        "altitude_m": 0
      }
    },
    {
      "type": "Feature",
      "id": "jazz-0338",
      "geometry": {
        "type": "Point",
        "coordinates": [
          74.5423,
          32.5068,
          0
        ]
      },
      "properties": {
        "site_uid": "jazz-0338",
        "provider": "Jazz",
        "source_index": 338,
        "site_name_source": "SKT3399",
        "display_name": "SKT3399",
        "city_source": "",
        "geometry_type": "Point",
        "record_kind": "provider_published_5g_site",
        "is_named": true,
        "duplicate_coordinate_group": "",
        "source_dataset": "Jazz official 5G KML point placemarks",
        "source_url": "https://jazz.com.pk/KML_Coverage_map/5G_Active_Sites_with_Overlay.kml",
        "retrieved_at": "2026-08-07",
        "accuracy_note": "Exact coordinate value published in the provider KML; not independently surveyed.",
        "altitude_m": 0
      }
    },
    {
      "type": "Feature",
      "id": "jazz-0339",
      "geometry": {
        "type": "Point",
        "coordinates": [
          74.53552,
          32.5052,
          0
        ]
      },
      "properties": {
        "site_uid": "jazz-0339",
        "provider": "Jazz",
        "source_index": 339,
        "site_name_source": "SKT9484",
        "display_name": "SKT9484",
        "city_source": "",
        "geometry_type": "Point",
        "record_kind": "provider_published_5g_site",
        "is_named": true,
        "duplicate_coordinate_group": "",
        "source_dataset": "Jazz official 5G KML point placemarks",
        "source_url": "https://jazz.com.pk/KML_Coverage_map/5G_Active_Sites_with_Overlay.kml",
        "retrieved_at": "2026-08-07",
        "accuracy_note": "Exact coordinate value published in the provider KML; not independently surveyed.",
        "altitude_m": 0
      }
    },
    {
      "type": "Feature",
      "id": "jazz-0340",
      "geometry": {
        "type": "Point",
        "coordinates": [
          74.546417,
          32.498639,
          0
        ]
      },
      "properties": {
        "site_uid": "jazz-0340",
        "provider": "Jazz",
        "source_index": 340,
        "site_name_source": "SKT4153",
        "display_name": "SKT4153",
        "city_source": "",
        "geometry_type": "Point",
        "record_kind": "provider_published_5g_site",
        "is_named": true,
        "duplicate_coordinate_group": "",
        "source_dataset": "Jazz official 5G KML point placemarks",
        "source_url": "https://jazz.com.pk/KML_Coverage_map/5G_Active_Sites_with_Overlay.kml",
        "retrieved_at": "2026-08-07",
        "accuracy_note": "Exact coordinate value published in the provider KML; not independently surveyed.",
        "altitude_m": 0
      }
    },
    {
      "type": "Feature",
      "id": "jazz-0341",
      "geometry": {
        "type": "Point",
        "coordinates": [
          74.5403,
          32.4974,
          0
        ]
      },
      "properties": {
        "site_uid": "jazz-0341",
        "provider": "Jazz",
        "source_index": 341,
        "site_name_source": "SKT3809",
        "display_name": "SKT3809",
        "city_source": "",
        "geometry_type": "Point",
        "record_kind": "provider_published_5g_site",
        "is_named": true,
        "duplicate_coordinate_group": "",
        "source_dataset": "Jazz official 5G KML point placemarks",
        "source_url": "https://jazz.com.pk/KML_Coverage_map/5G_Active_Sites_with_Overlay.kml",
        "retrieved_at": "2026-08-07",
        "accuracy_note": "Exact coordinate value published in the provider KML; not independently surveyed.",
        "altitude_m": 0
      }
    },
    {
      "type": "Feature",
      "id": "jazz-0342",
      "geometry": {
        "type": "Point",
        "coordinates": [
          74.5392,
          32.50011,
          0
        ]
      },
      "properties": {
        "site_uid": "jazz-0342",
        "provider": "Jazz",
        "source_index": 342,
        "site_name_source": "SKT5140",
        "display_name": "SKT5140",
        "city_source": "",
        "geometry_type": "Point",
        "record_kind": "provider_published_5g_site",
        "is_named": true,
        "duplicate_coordinate_group": "",
        "source_dataset": "Jazz official 5G KML point placemarks",
        "source_url": "https://jazz.com.pk/KML_Coverage_map/5G_Active_Sites_with_Overlay.kml",
        "retrieved_at": "2026-08-07",
        "accuracy_note": "Exact coordinate value published in the provider KML; not independently surveyed.",
        "altitude_m": 0
      }
    },
    {
      "type": "Feature",
      "id": "jazz-0343",
      "geometry": {
        "type": "Point",
        "coordinates": [
          74.53323,
          32.49794,
          0
        ]
      },
      "properties": {
        "site_uid": "jazz-0343",
        "provider": "Jazz",
        "source_index": 343,
        "site_name_source": "SKT1182",
        "display_name": "SKT1182",
        "city_source": "",
        "geometry_type": "Point",
        "record_kind": "provider_published_5g_site",
        "is_named": true,
        "duplicate_coordinate_group": "",
        "source_dataset": "Jazz official 5G KML point placemarks",
        "source_url": "https://jazz.com.pk/KML_Coverage_map/5G_Active_Sites_with_Overlay.kml",
        "retrieved_at": "2026-08-07",
        "accuracy_note": "Exact coordinate value published in the provider KML; not independently surveyed.",
        "altitude_m": 0
      }
    },
    {
      "type": "Feature",
      "id": "jazz-0344",
      "geometry": {
        "type": "Point",
        "coordinates": [
          74.53677,
          32.49265,
          0
        ]
      },
      "properties": {
        "site_uid": "jazz-0344",
        "provider": "Jazz",
        "source_index": 344,
        "site_name_source": "SKT3154",
        "display_name": "SKT3154",
        "city_source": "",
        "geometry_type": "Point",
        "record_kind": "provider_published_5g_site",
        "is_named": true,
        "duplicate_coordinate_group": "",
        "source_dataset": "Jazz official 5G KML point placemarks",
        "source_url": "https://jazz.com.pk/KML_Coverage_map/5G_Active_Sites_with_Overlay.kml",
        "retrieved_at": "2026-08-07",
        "accuracy_note": "Exact coordinate value published in the provider KML; not independently surveyed.",
        "altitude_m": 0
      }
    },
    {
      "type": "Feature",
      "id": "jazz-0345",
      "geometry": {
        "type": "Point",
        "coordinates": [
          73.0661,
          33.6682,
          0
        ]
      },
      "properties": {
        "site_uid": "jazz-0345",
        "provider": "Jazz",
        "source_index": 345,
        "site_name_source": "ISB0099",
        "display_name": "ISB0099",
        "city_source": "",
        "geometry_type": "Point",
        "record_kind": "provider_published_5g_site",
        "is_named": true,
        "duplicate_coordinate_group": "",
        "source_dataset": "Jazz official 5G KML point placemarks",
        "source_url": "https://jazz.com.pk/KML_Coverage_map/5G_Active_Sites_with_Overlay.kml",
        "retrieved_at": "2026-08-07",
        "accuracy_note": "Exact coordinate value published in the provider KML; not independently surveyed.",
        "altitude_m": 0
      }
    },
    {
      "type": "Feature",
      "id": "jazz-0346",
      "geometry": {
        "type": "Point",
        "coordinates": [
          73.0566,
          33.6572,
          0
        ]
      },
      "properties": {
        "site_uid": "jazz-0346",
        "provider": "Jazz",
        "source_index": 346,
        "site_name_source": "ISB0352",
        "display_name": "ISB0352",
        "city_source": "",
        "geometry_type": "Point",
        "record_kind": "provider_published_5g_site",
        "is_named": true,
        "duplicate_coordinate_group": "",
        "source_dataset": "Jazz official 5G KML point placemarks",
        "source_url": "https://jazz.com.pk/KML_Coverage_map/5G_Active_Sites_with_Overlay.kml",
        "retrieved_at": "2026-08-07",
        "accuracy_note": "Exact coordinate value published in the provider KML; not independently surveyed.",
        "altitude_m": 0
      }
    },
    {
      "type": "Feature",
      "id": "jazz-0347",
      "geometry": {
        "type": "Point",
        "coordinates": [
          73.1155,
          31.43273,
          0
        ]
      },
      "properties": {
        "site_uid": "jazz-0347",
        "provider": "Jazz",
        "source_index": 347,
        "site_name_source": "FSD2433",
        "display_name": "FSD2433",
        "city_source": "",
        "geometry_type": "Point",
        "record_kind": "provider_published_5g_site",
        "is_named": true,
        "duplicate_coordinate_group": "",
        "source_dataset": "Jazz official 5G KML point placemarks",
        "source_url": "https://jazz.com.pk/KML_Coverage_map/5G_Active_Sites_with_Overlay.kml",
        "retrieved_at": "2026-08-07",
        "accuracy_note": "Exact coordinate value published in the provider KML; not independently surveyed.",
        "altitude_m": 0
      }
    },
    {
      "type": "Feature",
      "id": "jazz-0348",
      "geometry": {
        "type": "Point",
        "coordinates": [
          73.106978,
          31.426348,
          0
        ]
      },
      "properties": {
        "site_uid": "jazz-0348",
        "provider": "Jazz",
        "source_index": 348,
        "site_name_source": "FSD2079",
        "display_name": "FSD2079",
        "city_source": "",
        "geometry_type": "Point",
        "record_kind": "provider_published_5g_site",
        "is_named": true,
        "duplicate_coordinate_group": "",
        "source_dataset": "Jazz official 5G KML point placemarks",
        "source_url": "https://jazz.com.pk/KML_Coverage_map/5G_Active_Sites_with_Overlay.kml",
        "retrieved_at": "2026-08-07",
        "accuracy_note": "Exact coordinate value published in the provider KML; not independently surveyed.",
        "altitude_m": 0
      }
    },
    {
      "type": "Feature",
      "id": "jazz-0349",
      "geometry": {
        "type": "Point",
        "coordinates": [
          71.501965,
          30.189927,
          0
        ]
      },
      "properties": {
        "site_uid": "jazz-0349",
        "provider": "Jazz",
        "source_index": 349,
        "site_name_source": "MUL2392",
        "display_name": "MUL2392",
        "city_source": "",
        "geometry_type": "Point",
        "record_kind": "provider_published_5g_site",
        "is_named": true,
        "duplicate_coordinate_group": "",
        "source_dataset": "Jazz official 5G KML point placemarks",
        "source_url": "https://jazz.com.pk/KML_Coverage_map/5G_Active_Sites_with_Overlay.kml",
        "retrieved_at": "2026-08-07",
        "accuracy_note": "Exact coordinate value published in the provider KML; not independently surveyed.",
        "altitude_m": 0
      }
    },
    {
      "type": "Feature",
      "id": "jazz-0350",
      "geometry": {
        "type": "Point",
        "coordinates": [
          74.31438,
          31.52096,
          0
        ]
      },
      "properties": {
        "site_uid": "jazz-0350",
        "provider": "Jazz",
        "source_index": 350,
        "site_name_source": "LHR6025",
        "display_name": "LHR6025",
        "city_source": "",
        "geometry_type": "Point",
        "record_kind": "provider_published_5g_site",
        "is_named": true,
        "duplicate_coordinate_group": "",
        "source_dataset": "Jazz official 5G KML point placemarks",
        "source_url": "https://jazz.com.pk/KML_Coverage_map/5G_Active_Sites_with_Overlay.kml",
        "retrieved_at": "2026-08-07",
        "accuracy_note": "Exact coordinate value published in the provider KML; not independently surveyed.",
        "altitude_m": 0
      }
    },
    {
      "type": "Feature",
      "id": "jazz-0351",
      "geometry": {
        "type": "Point",
        "coordinates": [
          73.0731,
          33.6619,
          0
        ]
      },
      "properties": {
        "site_uid": "jazz-0351",
        "provider": "Jazz",
        "source_index": 351,
        "site_name_source": "ISB1622",
        "display_name": "ISB1622",
        "city_source": "",
        "geometry_type": "Point",
        "record_kind": "provider_published_5g_site",
        "is_named": true,
        "duplicate_coordinate_group": "",
        "source_dataset": "Jazz official 5G KML point placemarks",
        "source_url": "https://jazz.com.pk/KML_Coverage_map/5G_Active_Sites_with_Overlay.kml",
        "retrieved_at": "2026-08-07",
        "accuracy_note": "Exact coordinate value published in the provider KML; not independently surveyed.",
        "altitude_m": 0
      }
    },
    {
      "type": "Feature",
      "id": "jazz-0352",
      "geometry": {
        "type": "Point",
        "coordinates": [
          73.089019,
          31.382942,
          0
        ]
      },
      "properties": {
        "site_uid": "jazz-0352",
        "provider": "Jazz",
        "source_index": 352,
        "site_name_source": "FSD3302",
        "display_name": "FSD3302",
        "city_source": "",
        "geometry_type": "Point",
        "record_kind": "provider_published_5g_site",
        "is_named": true,
        "duplicate_coordinate_group": "",
        "source_dataset": "Jazz official 5G KML point placemarks",
        "source_url": "https://jazz.com.pk/KML_Coverage_map/5G_Active_Sites_with_Overlay.kml",
        "retrieved_at": "2026-08-07",
        "accuracy_note": "Exact coordinate value published in the provider KML; not independently surveyed.",
        "altitude_m": 0
      }
    },
    {
      "type": "Feature",
      "id": "jazz-0353",
      "geometry": {
        "type": "Point",
        "coordinates": [
          73.0599,
          33.6099,
          0
        ]
      },
      "properties": {
        "site_uid": "jazz-0353",
        "provider": "Jazz",
        "source_index": 353,
        "site_name_source": "RWP0170",
        "display_name": "RWP0170",
        "city_source": "",
        "geometry_type": "Point",
        "record_kind": "provider_published_5g_site",
        "is_named": true,
        "duplicate_coordinate_group": "",
        "source_dataset": "Jazz official 5G KML point placemarks",
        "source_url": "https://jazz.com.pk/KML_Coverage_map/5G_Active_Sites_with_Overlay.kml",
        "retrieved_at": "2026-08-07",
        "accuracy_note": "Exact coordinate value published in the provider KML; not independently surveyed.",
        "altitude_m": 0
      }
    },
    {
      "type": "Feature",
      "id": "jazz-0354",
      "geometry": {
        "type": "Point",
        "coordinates": [
          73.0666,
          33.6609,
          0
        ]
      },
      "properties": {
        "site_uid": "jazz-0354",
        "provider": "Jazz",
        "source_index": 354,
        "site_name_source": "ISB0512",
        "display_name": "ISB0512",
        "city_source": "",
        "geometry_type": "Point",
        "record_kind": "provider_published_5g_site",
        "is_named": true,
        "duplicate_coordinate_group": "",
        "source_dataset": "Jazz official 5G KML point placemarks",
        "source_url": "https://jazz.com.pk/KML_Coverage_map/5G_Active_Sites_with_Overlay.kml",
        "retrieved_at": "2026-08-07",
        "accuracy_note": "Exact coordinate value published in the provider KML; not independently surveyed.",
        "altitude_m": 0
      }
    },
    {
      "type": "Feature",
      "id": "jazz-0355",
      "geometry": {
        "type": "Point",
        "coordinates": [
          73.11497,
          31.42857,
          0
        ]
      },
      "properties": {
        "site_uid": "jazz-0355",
        "provider": "Jazz",
        "source_index": 355,
        "site_name_source": "FSD2047",
        "display_name": "FSD2047",
        "city_source": "",
        "geometry_type": "Point",
        "record_kind": "provider_published_5g_site",
        "is_named": true,
        "duplicate_coordinate_group": "",
        "source_dataset": "Jazz official 5G KML point placemarks",
        "source_url": "https://jazz.com.pk/KML_Coverage_map/5G_Active_Sites_with_Overlay.kml",
        "retrieved_at": "2026-08-07",
        "accuracy_note": "Exact coordinate value published in the provider KML; not independently surveyed.",
        "altitude_m": 0
      }
    },
    {
      "type": "Feature",
      "id": "jazz-0356",
      "geometry": {
        "type": "Point",
        "coordinates": [
          73.098516,
          31.38754,
          0
        ]
      },
      "properties": {
        "site_uid": "jazz-0356",
        "provider": "Jazz",
        "source_index": 356,
        "site_name_source": "FSD3306",
        "display_name": "FSD3306",
        "city_source": "",
        "geometry_type": "Point",
        "record_kind": "provider_published_5g_site",
        "is_named": true,
        "duplicate_coordinate_group": "",
        "source_dataset": "Jazz official 5G KML point placemarks",
        "source_url": "https://jazz.com.pk/KML_Coverage_map/5G_Active_Sites_with_Overlay.kml",
        "retrieved_at": "2026-08-07",
        "accuracy_note": "Exact coordinate value published in the provider KML; not independently surveyed.",
        "altitude_m": 0
      }
    },
    {
      "type": "Feature",
      "id": "jazz-0357",
      "geometry": {
        "type": "Point",
        "coordinates": [
          72.9756,
          33.6889,
          0
        ]
      },
      "properties": {
        "site_uid": "jazz-0357",
        "provider": "Jazz",
        "source_index": 357,
        "site_name_source": "ISB0327",
        "display_name": "ISB0327",
        "city_source": "",
        "geometry_type": "Point",
        "record_kind": "provider_published_5g_site",
        "is_named": true,
        "duplicate_coordinate_group": "",
        "source_dataset": "Jazz official 5G KML point placemarks",
        "source_url": "https://jazz.com.pk/KML_Coverage_map/5G_Active_Sites_with_Overlay.kml",
        "retrieved_at": "2026-08-07",
        "accuracy_note": "Exact coordinate value published in the provider KML; not independently surveyed.",
        "altitude_m": 0
      }
    },
    {
      "type": "Feature",
      "id": "jazz-0358",
      "geometry": {
        "type": "Point",
        "coordinates": [
          73.0654,
          33.6178,
          0
        ]
      },
      "properties": {
        "site_uid": "jazz-0358",
        "provider": "Jazz",
        "source_index": 358,
        "site_name_source": "RWP1050",
        "display_name": "RWP1050",
        "city_source": "",
        "geometry_type": "Point",
        "record_kind": "provider_published_5g_site",
        "is_named": true,
        "duplicate_coordinate_group": "",
        "source_dataset": "Jazz official 5G KML point placemarks",
        "source_url": "https://jazz.com.pk/KML_Coverage_map/5G_Active_Sites_with_Overlay.kml",
        "retrieved_at": "2026-08-07",
        "accuracy_note": "Exact coordinate value published in the provider KML; not independently surveyed.",
        "altitude_m": 0
      }
    },
    {
      "type": "Feature",
      "id": "jazz-0359",
      "geometry": {
        "type": "Point",
        "coordinates": [
          71.518007,
          30.188037,
          0
        ]
      },
      "properties": {
        "site_uid": "jazz-0359",
        "provider": "Jazz",
        "source_index": 359,
        "site_name_source": "MUL3353",
        "display_name": "MUL3353",
        "city_source": "",
        "geometry_type": "Point",
        "record_kind": "provider_published_5g_site",
        "is_named": true,
        "duplicate_coordinate_group": "",
        "source_dataset": "Jazz official 5G KML point placemarks",
        "source_url": "https://jazz.com.pk/KML_Coverage_map/5G_Active_Sites_with_Overlay.kml",
        "retrieved_at": "2026-08-07",
        "accuracy_note": "Exact coordinate value published in the provider KML; not independently surveyed.",
        "altitude_m": 0
      }
    },
    {
      "type": "Feature",
      "id": "jazz-0360",
      "geometry": {
        "type": "Point",
        "coordinates": [
          73.0481,
          33.6606,
          0
        ]
      },
      "properties": {
        "site_uid": "jazz-0360",
        "provider": "Jazz",
        "source_index": 360,
        "site_name_source": "ISB1153",
        "display_name": "ISB1153",
        "city_source": "",
        "geometry_type": "Point",
        "record_kind": "provider_published_5g_site",
        "is_named": true,
        "duplicate_coordinate_group": "",
        "source_dataset": "Jazz official 5G KML point placemarks",
        "source_url": "https://jazz.com.pk/KML_Coverage_map/5G_Active_Sites_with_Overlay.kml",
        "retrieved_at": "2026-08-07",
        "accuracy_note": "Exact coordinate value published in the provider KML; not independently surveyed.",
        "altitude_m": 0
      }
    },
    {
      "type": "Feature",
      "id": "jazz-0361",
      "geometry": {
        "type": "Point",
        "coordinates": [
          71.467837,
          30.207558,
          0
        ]
      },
      "properties": {
        "site_uid": "jazz-0361",
        "provider": "Jazz",
        "source_index": 361,
        "site_name_source": "MUL3398",
        "display_name": "MUL3398",
        "city_source": "",
        "geometry_type": "Point",
        "record_kind": "provider_published_5g_site",
        "is_named": true,
        "duplicate_coordinate_group": "",
        "source_dataset": "Jazz official 5G KML point placemarks",
        "source_url": "https://jazz.com.pk/KML_Coverage_map/5G_Active_Sites_with_Overlay.kml",
        "retrieved_at": "2026-08-07",
        "accuracy_note": "Exact coordinate value published in the provider KML; not independently surveyed.",
        "altitude_m": 0
      }
    },
    {
      "type": "Feature",
      "id": "jazz-0362",
      "geometry": {
        "type": "Point",
        "coordinates": [
          73.0581,
          33.6661,
          0
        ]
      },
      "properties": {
        "site_uid": "jazz-0362",
        "provider": "Jazz",
        "source_index": 362,
        "site_name_source": "ISB0582",
        "display_name": "ISB0582",
        "city_source": "",
        "geometry_type": "Point",
        "record_kind": "provider_published_5g_site",
        "is_named": true,
        "duplicate_coordinate_group": "",
        "source_dataset": "Jazz official 5G KML point placemarks",
        "source_url": "https://jazz.com.pk/KML_Coverage_map/5G_Active_Sites_with_Overlay.kml",
        "retrieved_at": "2026-08-07",
        "accuracy_note": "Exact coordinate value published in the provider KML; not independently surveyed.",
        "altitude_m": 0
      }
    },
    {
      "type": "Feature",
      "id": "jazz-0363",
      "geometry": {
        "type": "Point",
        "coordinates": [
          73.0413,
          31.4067,
          0
        ]
      },
      "properties": {
        "site_uid": "jazz-0363",
        "provider": "Jazz",
        "source_index": 363,
        "site_name_source": "FSD0085",
        "display_name": "FSD0085",
        "city_source": "",
        "geometry_type": "Point",
        "record_kind": "provider_published_5g_site",
        "is_named": true,
        "duplicate_coordinate_group": "",
        "source_dataset": "Jazz official 5G KML point placemarks",
        "source_url": "https://jazz.com.pk/KML_Coverage_map/5G_Active_Sites_with_Overlay.kml",
        "retrieved_at": "2026-08-07",
        "accuracy_note": "Exact coordinate value published in the provider KML; not independently surveyed.",
        "altitude_m": 0
      }
    },
    {
      "type": "Feature",
      "id": "jazz-0364",
      "geometry": {
        "type": "Point",
        "coordinates": [
          73.12409,
          31.42747,
          0
        ]
      },
      "properties": {
        "site_uid": "jazz-0364",
        "provider": "Jazz",
        "source_index": 364,
        "site_name_source": "FSD0106",
        "display_name": "FSD0106",
        "city_source": "",
        "geometry_type": "Point",
        "record_kind": "provider_published_5g_site",
        "is_named": true,
        "duplicate_coordinate_group": "",
        "source_dataset": "Jazz official 5G KML point placemarks",
        "source_url": "https://jazz.com.pk/KML_Coverage_map/5G_Active_Sites_with_Overlay.kml",
        "retrieved_at": "2026-08-07",
        "accuracy_note": "Exact coordinate value published in the provider KML; not independently surveyed.",
        "altitude_m": 0
      }
    },
    {
      "type": "Feature",
      "id": "jazz-0365",
      "geometry": {
        "type": "Point",
        "coordinates": [
          73.06806,
          31.42045,
          0
        ]
      },
      "properties": {
        "site_uid": "jazz-0365",
        "provider": "Jazz",
        "source_index": 365,
        "site_name_source": "FSD0414",
        "display_name": "FSD0414",
        "city_source": "",
        "geometry_type": "Point",
        "record_kind": "provider_published_5g_site",
        "is_named": true,
        "duplicate_coordinate_group": "",
        "source_dataset": "Jazz official 5G KML point placemarks",
        "source_url": "https://jazz.com.pk/KML_Coverage_map/5G_Active_Sites_with_Overlay.kml",
        "retrieved_at": "2026-08-07",
        "accuracy_note": "Exact coordinate value published in the provider KML; not independently surveyed.",
        "altitude_m": 0
      }
    },
    {
      "type": "Feature",
      "id": "jazz-0366",
      "geometry": {
        "type": "Point",
        "coordinates": [
          73.0821,
          31.467,
          0
        ]
      },
      "properties": {
        "site_uid": "jazz-0366",
        "provider": "Jazz",
        "source_index": 366,
        "site_name_source": "FSD0827",
        "display_name": "FSD0827",
        "city_source": "",
        "geometry_type": "Point",
        "record_kind": "provider_published_5g_site",
        "is_named": true,
        "duplicate_coordinate_group": "",
        "source_dataset": "Jazz official 5G KML point placemarks",
        "source_url": "https://jazz.com.pk/KML_Coverage_map/5G_Active_Sites_with_Overlay.kml",
        "retrieved_at": "2026-08-07",
        "accuracy_note": "Exact coordinate value published in the provider KML; not independently surveyed.",
        "altitude_m": 0
      }
    },
    {
      "type": "Feature",
      "id": "jazz-0367",
      "geometry": {
        "type": "Point",
        "coordinates": [
          73.13089,
          31.43505,
          0
        ]
      },
      "properties": {
        "site_uid": "jazz-0367",
        "provider": "Jazz",
        "source_index": 367,
        "site_name_source": "FSD0828",
        "display_name": "FSD0828",
        "city_source": "",
        "geometry_type": "Point",
        "record_kind": "provider_published_5g_site",
        "is_named": true,
        "duplicate_coordinate_group": "",
        "source_dataset": "Jazz official 5G KML point placemarks",
        "source_url": "https://jazz.com.pk/KML_Coverage_map/5G_Active_Sites_with_Overlay.kml",
        "retrieved_at": "2026-08-07",
        "accuracy_note": "Exact coordinate value published in the provider KML; not independently surveyed.",
        "altitude_m": 0
      }
    },
    {
      "type": "Feature",
      "id": "jazz-0368",
      "geometry": {
        "type": "Point",
        "coordinates": [
          73.11634,
          31.45314,
          0
        ]
      },
      "properties": {
        "site_uid": "jazz-0368",
        "provider": "Jazz",
        "source_index": 368,
        "site_name_source": "FSD0844",
        "display_name": "FSD0844",
        "city_source": "",
        "geometry_type": "Point",
        "record_kind": "provider_published_5g_site",
        "is_named": true,
        "duplicate_coordinate_group": "",
        "source_dataset": "Jazz official 5G KML point placemarks",
        "source_url": "https://jazz.com.pk/KML_Coverage_map/5G_Active_Sites_with_Overlay.kml",
        "retrieved_at": "2026-08-07",
        "accuracy_note": "Exact coordinate value published in the provider KML; not independently surveyed.",
        "altitude_m": 0
      }
    },
    {
      "type": "Feature",
      "id": "jazz-0369",
      "geometry": {
        "type": "Point",
        "coordinates": [
          73.0802,
          31.4464,
          0
        ]
      },
      "properties": {
        "site_uid": "jazz-0369",
        "provider": "Jazz",
        "source_index": 369,
        "site_name_source": "FSD1720",
        "display_name": "FSD1720",
        "city_source": "",
        "geometry_type": "Point",
        "record_kind": "provider_published_5g_site",
        "is_named": true,
        "duplicate_coordinate_group": "",
        "source_dataset": "Jazz official 5G KML point placemarks",
        "source_url": "https://jazz.com.pk/KML_Coverage_map/5G_Active_Sites_with_Overlay.kml",
        "retrieved_at": "2026-08-07",
        "accuracy_note": "Exact coordinate value published in the provider KML; not independently surveyed.",
        "altitude_m": 0
      }
    },
    {
      "type": "Feature",
      "id": "jazz-0370",
      "geometry": {
        "type": "Point",
        "coordinates": [
          73.07378,
          31.47059,
          0
        ]
      },
      "properties": {
        "site_uid": "jazz-0370",
        "provider": "Jazz",
        "source_index": 370,
        "site_name_source": "FSD1943",
        "display_name": "FSD1943",
        "city_source": "",
        "geometry_type": "Point",
        "record_kind": "provider_published_5g_site",
        "is_named": true,
        "duplicate_coordinate_group": "",
        "source_dataset": "Jazz official 5G KML point placemarks",
        "source_url": "https://jazz.com.pk/KML_Coverage_map/5G_Active_Sites_with_Overlay.kml",
        "retrieved_at": "2026-08-07",
        "accuracy_note": "Exact coordinate value published in the provider KML; not independently surveyed.",
        "altitude_m": 0
      }
    },
    {
      "type": "Feature",
      "id": "jazz-0371",
      "geometry": {
        "type": "Point",
        "coordinates": [
          73.09143,
          31.42521,
          0
        ]
      },
      "properties": {
        "site_uid": "jazz-0371",
        "provider": "Jazz",
        "source_index": 371,
        "site_name_source": "FSD2131",
        "display_name": "FSD2131",
        "city_source": "",
        "geometry_type": "Point",
        "record_kind": "provider_published_5g_site",
        "is_named": true,
        "duplicate_coordinate_group": "",
        "source_dataset": "Jazz official 5G KML point placemarks",
        "source_url": "https://jazz.com.pk/KML_Coverage_map/5G_Active_Sites_with_Overlay.kml",
        "retrieved_at": "2026-08-07",
        "accuracy_note": "Exact coordinate value published in the provider KML; not independently surveyed.",
        "altitude_m": 0
      }
    },
    {
      "type": "Feature",
      "id": "jazz-0372",
      "geometry": {
        "type": "Point",
        "coordinates": [
          73.1456,
          31.422187,
          0
        ]
      },
      "properties": {
        "site_uid": "jazz-0372",
        "provider": "Jazz",
        "source_index": 372,
        "site_name_source": "FSD2198",
        "display_name": "FSD2198",
        "city_source": "",
        "geometry_type": "Point",
        "record_kind": "provider_published_5g_site",
        "is_named": true,
        "duplicate_coordinate_group": "",
        "source_dataset": "Jazz official 5G KML point placemarks",
        "source_url": "https://jazz.com.pk/KML_Coverage_map/5G_Active_Sites_with_Overlay.kml",
        "retrieved_at": "2026-08-07",
        "accuracy_note": "Exact coordinate value published in the provider KML; not independently surveyed.",
        "altitude_m": 0
      }
    },
    {
      "type": "Feature",
      "id": "jazz-0373",
      "geometry": {
        "type": "Point",
        "coordinates": [
          73.15761,
          31.43556,
          0
        ]
      },
      "properties": {
        "site_uid": "jazz-0373",
        "provider": "Jazz",
        "source_index": 373,
        "site_name_source": "FSD2356",
        "display_name": "FSD2356",
        "city_source": "",
        "geometry_type": "Point",
        "record_kind": "provider_published_5g_site",
        "is_named": true,
        "duplicate_coordinate_group": "",
        "source_dataset": "Jazz official 5G KML point placemarks",
        "source_url": "https://jazz.com.pk/KML_Coverage_map/5G_Active_Sites_with_Overlay.kml",
        "retrieved_at": "2026-08-07",
        "accuracy_note": "Exact coordinate value published in the provider KML; not independently surveyed.",
        "altitude_m": 0
      }
    },
    {
      "type": "Feature",
      "id": "jazz-0374",
      "geometry": {
        "type": "Point",
        "coordinates": [
          73.0663,
          31.34644,
          0
        ]
      },
      "properties": {
        "site_uid": "jazz-0374",
        "provider": "Jazz",
        "source_index": 374,
        "site_name_source": "FSD2424",
        "display_name": "FSD2424",
        "city_source": "",
        "geometry_type": "Point",
        "record_kind": "provider_published_5g_site",
        "is_named": true,
        "duplicate_coordinate_group": "",
        "source_dataset": "Jazz official 5G KML point placemarks",
        "source_url": "https://jazz.com.pk/KML_Coverage_map/5G_Active_Sites_with_Overlay.kml",
        "retrieved_at": "2026-08-07",
        "accuracy_note": "Exact coordinate value published in the provider KML; not independently surveyed.",
        "altitude_m": 0
      }
    },
    {
      "type": "Feature",
      "id": "jazz-0375",
      "geometry": {
        "type": "Point",
        "coordinates": [
          73.11678,
          31.41268,
          0
        ]
      },
      "properties": {
        "site_uid": "jazz-0375",
        "provider": "Jazz",
        "source_index": 375,
        "site_name_source": "FSD2432",
        "display_name": "FSD2432",
        "city_source": "",
        "geometry_type": "Point",
        "record_kind": "provider_published_5g_site",
        "is_named": true,
        "duplicate_coordinate_group": "",
        "source_dataset": "Jazz official 5G KML point placemarks",
        "source_url": "https://jazz.com.pk/KML_Coverage_map/5G_Active_Sites_with_Overlay.kml",
        "retrieved_at": "2026-08-07",
        "accuracy_note": "Exact coordinate value published in the provider KML; not independently surveyed.",
        "altitude_m": 0
      }
    },
    {
      "type": "Feature",
      "id": "jazz-0376",
      "geometry": {
        "type": "Point",
        "coordinates": [
          73.1046,
          31.40562,
          0
        ]
      },
      "properties": {
        "site_uid": "jazz-0376",
        "provider": "Jazz",
        "source_index": 376,
        "site_name_source": "FSD2571",
        "display_name": "FSD2571",
        "city_source": "",
        "geometry_type": "Point",
        "record_kind": "provider_published_5g_site",
        "is_named": true,
        "duplicate_coordinate_group": "",
        "source_dataset": "Jazz official 5G KML point placemarks",
        "source_url": "https://jazz.com.pk/KML_Coverage_map/5G_Active_Sites_with_Overlay.kml",
        "retrieved_at": "2026-08-07",
        "accuracy_note": "Exact coordinate value published in the provider KML; not independently surveyed.",
        "altitude_m": 0
      }
    },
    {
      "type": "Feature",
      "id": "jazz-0377",
      "geometry": {
        "type": "Point",
        "coordinates": [
          73.09828,
          31.4083,
          0
        ]
      },
      "properties": {
        "site_uid": "jazz-0377",
        "provider": "Jazz",
        "source_index": 377,
        "site_name_source": "FSD2573",
        "display_name": "FSD2573",
        "city_source": "",
        "geometry_type": "Point",
        "record_kind": "provider_published_5g_site",
        "is_named": true,
        "duplicate_coordinate_group": "",
        "source_dataset": "Jazz official 5G KML point placemarks",
        "source_url": "https://jazz.com.pk/KML_Coverage_map/5G_Active_Sites_with_Overlay.kml",
        "retrieved_at": "2026-08-07",
        "accuracy_note": "Exact coordinate value published in the provider KML; not independently surveyed.",
        "altitude_m": 0
      }
    },
    {
      "type": "Feature",
      "id": "jazz-0378",
      "geometry": {
        "type": "Point",
        "coordinates": [
          73.07476,
          31.41663,
          0
        ]
      },
      "properties": {
        "site_uid": "jazz-0378",
        "provider": "Jazz",
        "source_index": 378,
        "site_name_source": "FSD2718",
        "display_name": "FSD2718",
        "city_source": "",
        "geometry_type": "Point",
        "record_kind": "provider_published_5g_site",
        "is_named": true,
        "duplicate_coordinate_group": "",
        "source_dataset": "Jazz official 5G KML point placemarks",
        "source_url": "https://jazz.com.pk/KML_Coverage_map/5G_Active_Sites_with_Overlay.kml",
        "retrieved_at": "2026-08-07",
        "accuracy_note": "Exact coordinate value published in the provider KML; not independently surveyed.",
        "altitude_m": 0
      }
    },
    {
      "type": "Feature",
      "id": "jazz-0379",
      "geometry": {
        "type": "Point",
        "coordinates": [
          73.07269,
          31.4077,
          0
        ]
      },
      "properties": {
        "site_uid": "jazz-0379",
        "provider": "Jazz",
        "source_index": 379,
        "site_name_source": "FSD2946",
        "display_name": "FSD2946",
        "city_source": "",
        "geometry_type": "Point",
        "record_kind": "provider_published_5g_site",
        "is_named": true,
        "duplicate_coordinate_group": "",
        "source_dataset": "Jazz official 5G KML point placemarks",
        "source_url": "https://jazz.com.pk/KML_Coverage_map/5G_Active_Sites_with_Overlay.kml",
        "retrieved_at": "2026-08-07",
        "accuracy_note": "Exact coordinate value published in the provider KML; not independently surveyed.",
        "altitude_m": 0
      }
    },
    {
      "type": "Feature",
      "id": "jazz-0380",
      "geometry": {
        "type": "Point",
        "coordinates": [
          73.09427,
          31.4188,
          0
        ]
      },
      "properties": {
        "site_uid": "jazz-0380",
        "provider": "Jazz",
        "source_index": 380,
        "site_name_source": "FSD3250",
        "display_name": "FSD3250",
        "city_source": "",
        "geometry_type": "Point",
        "record_kind": "provider_published_5g_site",
        "is_named": true,
        "duplicate_coordinate_group": "",
        "source_dataset": "Jazz official 5G KML point placemarks",
        "source_url": "https://jazz.com.pk/KML_Coverage_map/5G_Active_Sites_with_Overlay.kml",
        "retrieved_at": "2026-08-07",
        "accuracy_note": "Exact coordinate value published in the provider KML; not independently surveyed.",
        "altitude_m": 0
      }
    },
    {
      "type": "Feature",
      "id": "jazz-0381",
      "geometry": {
        "type": "Point",
        "coordinates": [
          73.126,
          31.42088,
          0
        ]
      },
      "properties": {
        "site_uid": "jazz-0381",
        "provider": "Jazz",
        "source_index": 381,
        "site_name_source": "FSD3267",
        "display_name": "FSD3267",
        "city_source": "",
        "geometry_type": "Point",
        "record_kind": "provider_published_5g_site",
        "is_named": true,
        "duplicate_coordinate_group": "",
        "source_dataset": "Jazz official 5G KML point placemarks",
        "source_url": "https://jazz.com.pk/KML_Coverage_map/5G_Active_Sites_with_Overlay.kml",
        "retrieved_at": "2026-08-07",
        "accuracy_note": "Exact coordinate value published in the provider KML; not independently surveyed.",
        "altitude_m": 0
      }
    },
    {
      "type": "Feature",
      "id": "jazz-0382",
      "geometry": {
        "type": "Point",
        "coordinates": [
          73.11443,
          31.41533,
          0
        ]
      },
      "properties": {
        "site_uid": "jazz-0382",
        "provider": "Jazz",
        "source_index": 382,
        "site_name_source": "FSD3311",
        "display_name": "FSD3311",
        "city_source": "",
        "geometry_type": "Point",
        "record_kind": "provider_published_5g_site",
        "is_named": true,
        "duplicate_coordinate_group": "",
        "source_dataset": "Jazz official 5G KML point placemarks",
        "source_url": "https://jazz.com.pk/KML_Coverage_map/5G_Active_Sites_with_Overlay.kml",
        "retrieved_at": "2026-08-07",
        "accuracy_note": "Exact coordinate value published in the provider KML; not independently surveyed.",
        "altitude_m": 0
      }
    },
    {
      "type": "Feature",
      "id": "jazz-0383",
      "geometry": {
        "type": "Point",
        "coordinates": [
          73.07344,
          31.42192,
          0
        ]
      },
      "properties": {
        "site_uid": "jazz-0383",
        "provider": "Jazz",
        "source_index": 383,
        "site_name_source": "FSD3320",
        "display_name": "FSD3320",
        "city_source": "",
        "geometry_type": "Point",
        "record_kind": "provider_published_5g_site",
        "is_named": true,
        "duplicate_coordinate_group": "",
        "source_dataset": "Jazz official 5G KML point placemarks",
        "source_url": "https://jazz.com.pk/KML_Coverage_map/5G_Active_Sites_with_Overlay.kml",
        "retrieved_at": "2026-08-07",
        "accuracy_note": "Exact coordinate value published in the provider KML; not independently surveyed.",
        "altitude_m": 0
      }
    },
    {
      "type": "Feature",
      "id": "jazz-0384",
      "geometry": {
        "type": "Point",
        "coordinates": [
          73.081361,
          31.422488,
          0
        ]
      },
      "properties": {
        "site_uid": "jazz-0384",
        "provider": "Jazz",
        "source_index": 384,
        "site_name_source": "FSD3480",
        "display_name": "FSD3480",
        "city_source": "",
        "geometry_type": "Point",
        "record_kind": "provider_published_5g_site",
        "is_named": true,
        "duplicate_coordinate_group": "",
        "source_dataset": "Jazz official 5G KML point placemarks",
        "source_url": "https://jazz.com.pk/KML_Coverage_map/5G_Active_Sites_with_Overlay.kml",
        "retrieved_at": "2026-08-07",
        "accuracy_note": "Exact coordinate value published in the provider KML; not independently surveyed.",
        "altitude_m": 0
      }
    },
    {
      "type": "Feature",
      "id": "jazz-0385",
      "geometry": {
        "type": "Point",
        "coordinates": [
          73.13995,
          31.43824,
          0
        ]
      },
      "properties": {
        "site_uid": "jazz-0385",
        "provider": "Jazz",
        "source_index": 385,
        "site_name_source": "FSD3561",
        "display_name": "FSD3561",
        "city_source": "",
        "geometry_type": "Point",
        "record_kind": "provider_published_5g_site",
        "is_named": true,
        "duplicate_coordinate_group": "",
        "source_dataset": "Jazz official 5G KML point placemarks",
        "source_url": "https://jazz.com.pk/KML_Coverage_map/5G_Active_Sites_with_Overlay.kml",
        "retrieved_at": "2026-08-07",
        "accuracy_note": "Exact coordinate value published in the provider KML; not independently surveyed.",
        "altitude_m": 0
      }
    },
    {
      "type": "Feature",
      "id": "jazz-0386",
      "geometry": {
        "type": "Point",
        "coordinates": [
          73.0799,
          31.42358,
          0
        ]
      },
      "properties": {
        "site_uid": "jazz-0386",
        "provider": "Jazz",
        "source_index": 386,
        "site_name_source": "FSD7879",
        "display_name": "FSD7879",
        "city_source": "",
        "geometry_type": "Point",
        "record_kind": "provider_published_5g_site",
        "is_named": true,
        "duplicate_coordinate_group": "",
        "source_dataset": "Jazz official 5G KML point placemarks",
        "source_url": "https://jazz.com.pk/KML_Coverage_map/5G_Active_Sites_with_Overlay.kml",
        "retrieved_at": "2026-08-07",
        "accuracy_note": "Exact coordinate value published in the provider KML; not independently surveyed.",
        "altitude_m": 0
      }
    },
    {
      "type": "Feature",
      "id": "jazz-0387",
      "geometry": {
        "type": "Point",
        "coordinates": [
          73.0927,
          33.727,
          0
        ]
      },
      "properties": {
        "site_uid": "jazz-0387",
        "provider": "Jazz",
        "source_index": 387,
        "site_name_source": "ISB0005",
        "display_name": "ISB0005",
        "city_source": "",
        "geometry_type": "Point",
        "record_kind": "provider_published_5g_site",
        "is_named": true,
        "duplicate_coordinate_group": "",
        "source_dataset": "Jazz official 5G KML point placemarks",
        "source_url": "https://jazz.com.pk/KML_Coverage_map/5G_Active_Sites_with_Overlay.kml",
        "retrieved_at": "2026-08-07",
        "accuracy_note": "Exact coordinate value published in the provider KML; not independently surveyed.",
        "altitude_m": 0
      }
    },
    {
      "type": "Feature",
      "id": "jazz-0388",
      "geometry": {
        "type": "Point",
        "coordinates": [
          72.9891,
          33.6819,
          0
        ]
      },
      "properties": {
        "site_uid": "jazz-0388",
        "provider": "Jazz",
        "source_index": 388,
        "site_name_source": "ISB0103",
        "display_name": "ISB0103",
        "city_source": "",
        "geometry_type": "Point",
        "record_kind": "provider_published_5g_site",
        "is_named": true,
        "duplicate_coordinate_group": "",
        "source_dataset": "Jazz official 5G KML point placemarks",
        "source_url": "https://jazz.com.pk/KML_Coverage_map/5G_Active_Sites_with_Overlay.kml",
        "retrieved_at": "2026-08-07",
        "accuracy_note": "Exact coordinate value published in the provider KML; not independently surveyed.",
        "altitude_m": 0
      }
    },
    {
      "type": "Feature",
      "id": "jazz-0389",
      "geometry": {
        "type": "Point",
        "coordinates": [
          73.0143,
          33.6757,
          0
        ]
      },
      "properties": {
        "site_uid": "jazz-0389",
        "provider": "Jazz",
        "source_index": 389,
        "site_name_source": "ISB0167",
        "display_name": "ISB0167",
        "city_source": "",
        "geometry_type": "Point",
        "record_kind": "provider_published_5g_site",
        "is_named": true,
        "duplicate_coordinate_group": "",
        "source_dataset": "Jazz official 5G KML point placemarks",
        "source_url": "https://jazz.com.pk/KML_Coverage_map/5G_Active_Sites_with_Overlay.kml",
        "retrieved_at": "2026-08-07",
        "accuracy_note": "Exact coordinate value published in the provider KML; not independently surveyed.",
        "altitude_m": 0
      }
    },
    {
      "type": "Feature",
      "id": "jazz-0390",
      "geometry": {
        "type": "Point",
        "coordinates": [
          73.0325,
          33.6883,
          0
        ]
      },
      "properties": {
        "site_uid": "jazz-0390",
        "provider": "Jazz",
        "source_index": 390,
        "site_name_source": "ISB0168",
        "display_name": "ISB0168",
        "city_source": "",
        "geometry_type": "Point",
        "record_kind": "provider_published_5g_site",
        "is_named": true,
        "duplicate_coordinate_group": "",
        "source_dataset": "Jazz official 5G KML point placemarks",
        "source_url": "https://jazz.com.pk/KML_Coverage_map/5G_Active_Sites_with_Overlay.kml",
        "retrieved_at": "2026-08-07",
        "accuracy_note": "Exact coordinate value published in the provider KML; not independently surveyed.",
        "altitude_m": 0
      }
    },
    {
      "type": "Feature",
      "id": "jazz-0391",
      "geometry": {
        "type": "Point",
        "coordinates": [
          72.9817,
          33.6967,
          0
        ]
      },
      "properties": {
        "site_uid": "jazz-0391",
        "provider": "Jazz",
        "source_index": 391,
        "site_name_source": "ISB0188",
        "display_name": "ISB0188",
        "city_source": "",
        "geometry_type": "Point",
        "record_kind": "provider_published_5g_site",
        "is_named": true,
        "duplicate_coordinate_group": "",
        "source_dataset": "Jazz official 5G KML point placemarks",
        "source_url": "https://jazz.com.pk/KML_Coverage_map/5G_Active_Sites_with_Overlay.kml",
        "retrieved_at": "2026-08-07",
        "accuracy_note": "Exact coordinate value published in the provider KML; not independently surveyed.",
        "altitude_m": 0
      }
    },
    {
      "type": "Feature",
      "id": "jazz-0392",
      "geometry": {
        "type": "Point",
        "coordinates": [
          73.0882,
          33.726,
          0
        ]
      },
      "properties": {
        "site_uid": "jazz-0392",
        "provider": "Jazz",
        "source_index": 392,
        "site_name_source": "ISB0201",
        "display_name": "ISB0201",
        "city_source": "",
        "geometry_type": "Point",
        "record_kind": "provider_published_5g_site",
        "is_named": true,
        "duplicate_coordinate_group": "",
        "source_dataset": "Jazz official 5G KML point placemarks",
        "source_url": "https://jazz.com.pk/KML_Coverage_map/5G_Active_Sites_with_Overlay.kml",
        "retrieved_at": "2026-08-07",
        "accuracy_note": "Exact coordinate value published in the provider KML; not independently surveyed.",
        "altitude_m": 0
      }
    },
    {
      "type": "Feature",
      "id": "jazz-0393",
      "geometry": {
        "type": "Point",
        "coordinates": [
          73.0835,
          33.7092,
          0
        ]
      },
      "properties": {
        "site_uid": "jazz-0393",
        "provider": "Jazz",
        "source_index": 393,
        "site_name_source": "ISB0232",
        "display_name": "ISB0232",
        "city_source": "",
        "geometry_type": "Point",
        "record_kind": "provider_published_5g_site",
        "is_named": true,
        "duplicate_coordinate_group": "",
        "source_dataset": "Jazz official 5G KML point placemarks",
        "source_url": "https://jazz.com.pk/KML_Coverage_map/5G_Active_Sites_with_Overlay.kml",
        "retrieved_at": "2026-08-07",
        "accuracy_note": "Exact coordinate value published in the provider KML; not independently surveyed.",
        "altitude_m": 0
      }
    },
    {
      "type": "Feature",
      "id": "jazz-0394",
      "geometry": {
        "type": "Point",
        "coordinates": [
          72.9984,
          33.6693,
          0
        ]
      },
      "properties": {
        "site_uid": "jazz-0394",
        "provider": "Jazz",
        "source_index": 394,
        "site_name_source": "ISB0330",
        "display_name": "ISB0330",
        "city_source": "",
        "geometry_type": "Point",
        "record_kind": "provider_published_5g_site",
        "is_named": true,
        "duplicate_coordinate_group": "",
        "source_dataset": "Jazz official 5G KML point placemarks",
        "source_url": "https://jazz.com.pk/KML_Coverage_map/5G_Active_Sites_with_Overlay.kml",
        "retrieved_at": "2026-08-07",
        "accuracy_note": "Exact coordinate value published in the provider KML; not independently surveyed.",
        "altitude_m": 0
      }
    },
    {
      "type": "Feature",
      "id": "jazz-0395",
      "geometry": {
        "type": "Point",
        "coordinates": [
          73.084,
          33.7173,
          0
        ]
      },
      "properties": {
        "site_uid": "jazz-0395",
        "provider": "Jazz",
        "source_index": 395,
        "site_name_source": "ISB0386",
        "display_name": "ISB0386",
        "city_source": "",
        "geometry_type": "Point",
        "record_kind": "provider_published_5g_site",
        "is_named": true,
        "duplicate_coordinate_group": "",
        "source_dataset": "Jazz official 5G KML point placemarks",
        "source_url": "https://jazz.com.pk/KML_Coverage_map/5G_Active_Sites_with_Overlay.kml",
        "retrieved_at": "2026-08-07",
        "accuracy_note": "Exact coordinate value published in the provider KML; not independently surveyed.",
        "altitude_m": 0
      }
    },
    {
      "type": "Feature",
      "id": "jazz-0396",
      "geometry": {
        "type": "Point",
        "coordinates": [
          73.0685,
          33.7054,
          0
        ]
      },
      "properties": {
        "site_uid": "jazz-0396",
        "provider": "Jazz",
        "source_index": 396,
        "site_name_source": "ISB0492",
        "display_name": "ISB0492",
        "city_source": "",
        "geometry_type": "Point",
        "record_kind": "provider_published_5g_site",
        "is_named": true,
        "duplicate_coordinate_group": "",
        "source_dataset": "Jazz official 5G KML point placemarks",
        "source_url": "https://jazz.com.pk/KML_Coverage_map/5G_Active_Sites_with_Overlay.kml",
        "retrieved_at": "2026-08-07",
        "accuracy_note": "Exact coordinate value published in the provider KML; not independently surveyed.",
        "altitude_m": 0
      }
    },
    {
      "type": "Feature",
      "id": "jazz-0397",
      "geometry": {
        "type": "Point",
        "coordinates": [
          73.0549,
          33.715,
          0
        ]
      },
      "properties": {
        "site_uid": "jazz-0397",
        "provider": "Jazz",
        "source_index": 397,
        "site_name_source": "ISB0562",
        "display_name": "ISB0562",
        "city_source": "",
        "geometry_type": "Point",
        "record_kind": "provider_published_5g_site",
        "is_named": true,
        "duplicate_coordinate_group": "",
        "source_dataset": "Jazz official 5G KML point placemarks",
        "source_url": "https://jazz.com.pk/KML_Coverage_map/5G_Active_Sites_with_Overlay.kml",
        "retrieved_at": "2026-08-07",
        "accuracy_note": "Exact coordinate value published in the provider KML; not independently surveyed.",
        "altitude_m": 0
      }
    },
    {
      "type": "Feature",
      "id": "jazz-0398",
      "geometry": {
        "type": "Point",
        "coordinates": [
          73.014,
          33.693,
          0
        ]
      },
      "properties": {
        "site_uid": "jazz-0398",
        "provider": "Jazz",
        "source_index": 398,
        "site_name_source": "ISB0589",
        "display_name": "ISB0589",
        "city_source": "",
        "geometry_type": "Point",
        "record_kind": "provider_published_5g_site",
        "is_named": true,
        "duplicate_coordinate_group": "",
        "source_dataset": "Jazz official 5G KML point placemarks",
        "source_url": "https://jazz.com.pk/KML_Coverage_map/5G_Active_Sites_with_Overlay.kml",
        "retrieved_at": "2026-08-07",
        "accuracy_note": "Exact coordinate value published in the provider KML; not independently surveyed.",
        "altitude_m": 0
      }
    },
    {
      "type": "Feature",
      "id": "jazz-0399",
      "geometry": {
        "type": "Point",
        "coordinates": [
          73.0389,
          33.6815,
          0
        ]
      },
      "properties": {
        "site_uid": "jazz-0399",
        "provider": "Jazz",
        "source_index": 399,
        "site_name_source": "ISB1157",
        "display_name": "ISB1157",
        "city_source": "",
        "geometry_type": "Point",
        "record_kind": "provider_published_5g_site",
        "is_named": true,
        "duplicate_coordinate_group": "",
        "source_dataset": "Jazz official 5G KML point placemarks",
        "source_url": "https://jazz.com.pk/KML_Coverage_map/5G_Active_Sites_with_Overlay.kml",
        "retrieved_at": "2026-08-07",
        "accuracy_note": "Exact coordinate value published in the provider KML; not independently surveyed.",
        "altitude_m": 0
      }
    },
    {
      "type": "Feature",
      "id": "jazz-0400",
      "geometry": {
        "type": "Point",
        "coordinates": [
          73.1265,
          33.732,
          0
        ]
      },
      "properties": {
        "site_uid": "jazz-0400",
        "provider": "Jazz",
        "source_index": 400,
        "site_name_source": "ISB1189",
        "display_name": "ISB1189",
        "city_source": "",
        "geometry_type": "Point",
        "record_kind": "provider_published_5g_site",
        "is_named": true,
        "duplicate_coordinate_group": "",
        "source_dataset": "Jazz official 5G KML point placemarks",
        "source_url": "https://jazz.com.pk/KML_Coverage_map/5G_Active_Sites_with_Overlay.kml",
        "retrieved_at": "2026-08-07",
        "accuracy_note": "Exact coordinate value published in the provider KML; not independently surveyed.",
        "altitude_m": 0
      }
    },
    {
      "type": "Feature",
      "id": "jazz-0401",
      "geometry": {
        "type": "Point",
        "coordinates": [
          73.101,
          33.718,
          0
        ]
      },
      "properties": {
        "site_uid": "jazz-0401",
        "provider": "Jazz",
        "source_index": 401,
        "site_name_source": "ISB1475",
        "display_name": "ISB1475",
        "city_source": "",
        "geometry_type": "Point",
        "record_kind": "provider_published_5g_site",
        "is_named": true,
        "duplicate_coordinate_group": "",
        "source_dataset": "Jazz official 5G KML point placemarks",
        "source_url": "https://jazz.com.pk/KML_Coverage_map/5G_Active_Sites_with_Overlay.kml",
        "retrieved_at": "2026-08-07",
        "accuracy_note": "Exact coordinate value published in the provider KML; not independently surveyed.",
        "altitude_m": 0
      }
    },
    {
      "type": "Feature",
      "id": "jazz-0402",
      "geometry": {
        "type": "Point",
        "coordinates": [
          72.9958,
          33.6834,
          0
        ]
      },
      "properties": {
        "site_uid": "jazz-0402",
        "provider": "Jazz",
        "source_index": 402,
        "site_name_source": "ISB1813",
        "display_name": "ISB1813",
        "city_source": "",
        "geometry_type": "Point",
        "record_kind": "provider_published_5g_site",
        "is_named": true,
        "duplicate_coordinate_group": "",
        "source_dataset": "Jazz official 5G KML point placemarks",
        "source_url": "https://jazz.com.pk/KML_Coverage_map/5G_Active_Sites_with_Overlay.kml",
        "retrieved_at": "2026-08-07",
        "accuracy_note": "Exact coordinate value published in the provider KML; not independently surveyed.",
        "altitude_m": 0
      }
    },
    {
      "type": "Feature",
      "id": "jazz-0403",
      "geometry": {
        "type": "Point",
        "coordinates": [
          72.9821,
          33.683,
          0
        ]
      },
      "properties": {
        "site_uid": "jazz-0403",
        "provider": "Jazz",
        "source_index": 403,
        "site_name_source": "ISB1823",
        "display_name": "ISB1823",
        "city_source": "",
        "geometry_type": "Point",
        "record_kind": "provider_published_5g_site",
        "is_named": true,
        "duplicate_coordinate_group": "",
        "source_dataset": "Jazz official 5G KML point placemarks",
        "source_url": "https://jazz.com.pk/KML_Coverage_map/5G_Active_Sites_with_Overlay.kml",
        "retrieved_at": "2026-08-07",
        "accuracy_note": "Exact coordinate value published in the provider KML; not independently surveyed.",
        "altitude_m": 0
      }
    },
    {
      "type": "Feature",
      "id": "jazz-0404",
      "geometry": {
        "type": "Point",
        "coordinates": [
          73.022933,
          33.692002,
          0
        ]
      },
      "properties": {
        "site_uid": "jazz-0404",
        "provider": "Jazz",
        "source_index": 404,
        "site_name_source": "ISB2555",
        "display_name": "ISB2555",
        "city_source": "",
        "geometry_type": "Point",
        "record_kind": "provider_published_5g_site",
        "is_named": true,
        "duplicate_coordinate_group": "DUP-001",
        "source_dataset": "Jazz official 5G KML point placemarks",
        "source_url": "https://jazz.com.pk/KML_Coverage_map/5G_Active_Sites_with_Overlay.kml",
        "retrieved_at": "2026-08-07",
        "accuracy_note": "Exact coordinate value published in the provider KML; not independently surveyed.",
        "altitude_m": 0
      }
    },
    {
      "type": "Feature",
      "id": "jazz-0405",
      "geometry": {
        "type": "Point",
        "coordinates": [
          73.1196,
          33.7285,
          0
        ]
      },
      "properties": {
        "site_uid": "jazz-0405",
        "provider": "Jazz",
        "source_index": 405,
        "site_name_source": "ISB3623",
        "display_name": "ISB3623",
        "city_source": "",
        "geometry_type": "Point",
        "record_kind": "provider_published_5g_site",
        "is_named": true,
        "duplicate_coordinate_group": "",
        "source_dataset": "Jazz official 5G KML point placemarks",
        "source_url": "https://jazz.com.pk/KML_Coverage_map/5G_Active_Sites_with_Overlay.kml",
        "retrieved_at": "2026-08-07",
        "accuracy_note": "Exact coordinate value published in the provider KML; not independently surveyed.",
        "altitude_m": 0
      }
    },
    {
      "type": "Feature",
      "id": "jazz-0406",
      "geometry": {
        "type": "Point",
        "coordinates": [
          73.0972,
          33.7211,
          0
        ]
      },
      "properties": {
        "site_uid": "jazz-0406",
        "provider": "Jazz",
        "source_index": 406,
        "site_name_source": "ISB3634",
        "display_name": "ISB3634",
        "city_source": "",
        "geometry_type": "Point",
        "record_kind": "provider_published_5g_site",
        "is_named": true,
        "duplicate_coordinate_group": "",
        "source_dataset": "Jazz official 5G KML point placemarks",
        "source_url": "https://jazz.com.pk/KML_Coverage_map/5G_Active_Sites_with_Overlay.kml",
        "retrieved_at": "2026-08-07",
        "accuracy_note": "Exact coordinate value published in the provider KML; not independently surveyed.",
        "altitude_m": 0
      }
    },
    {
      "type": "Feature",
      "id": "jazz-0407",
      "geometry": {
        "type": "Point",
        "coordinates": [
          73.1057,
          33.7211,
          0
        ]
      },
      "properties": {
        "site_uid": "jazz-0407",
        "provider": "Jazz",
        "source_index": 407,
        "site_name_source": "ISB3639",
        "display_name": "ISB3639",
        "city_source": "",
        "geometry_type": "Point",
        "record_kind": "provider_published_5g_site",
        "is_named": true,
        "duplicate_coordinate_group": "",
        "source_dataset": "Jazz official 5G KML point placemarks",
        "source_url": "https://jazz.com.pk/KML_Coverage_map/5G_Active_Sites_with_Overlay.kml",
        "retrieved_at": "2026-08-07",
        "accuracy_note": "Exact coordinate value published in the provider KML; not independently surveyed.",
        "altitude_m": 0
      }
    },
    {
      "type": "Feature",
      "id": "jazz-0408",
      "geometry": {
        "type": "Point",
        "coordinates": [
          73.0704,
          33.7307,
          0
        ]
      },
      "properties": {
        "site_uid": "jazz-0408",
        "provider": "Jazz",
        "source_index": 408,
        "site_name_source": "ISB3641",
        "display_name": "ISB3641",
        "city_source": "",
        "geometry_type": "Point",
        "record_kind": "provider_published_5g_site",
        "is_named": true,
        "duplicate_coordinate_group": "",
        "source_dataset": "Jazz official 5G KML point placemarks",
        "source_url": "https://jazz.com.pk/KML_Coverage_map/5G_Active_Sites_with_Overlay.kml",
        "retrieved_at": "2026-08-07",
        "accuracy_note": "Exact coordinate value published in the provider KML; not independently surveyed.",
        "altitude_m": 0
      }
    },
    {
      "type": "Feature",
      "id": "jazz-0409",
      "geometry": {
        "type": "Point",
        "coordinates": [
          73.0848,
          33.7241,
          0
        ]
      },
      "properties": {
        "site_uid": "jazz-0409",
        "provider": "Jazz",
        "source_index": 409,
        "site_name_source": "ISB3647",
        "display_name": "ISB3647",
        "city_source": "",
        "geometry_type": "Point",
        "record_kind": "provider_published_5g_site",
        "is_named": true,
        "duplicate_coordinate_group": "",
        "source_dataset": "Jazz official 5G KML point placemarks",
        "source_url": "https://jazz.com.pk/KML_Coverage_map/5G_Active_Sites_with_Overlay.kml",
        "retrieved_at": "2026-08-07",
        "accuracy_note": "Exact coordinate value published in the provider KML; not independently surveyed.",
        "altitude_m": 0
      }
    },
    {
      "type": "Feature",
      "id": "jazz-0410",
      "geometry": {
        "type": "Point",
        "coordinates": [
          73.0731,
          33.7177,
          0
        ]
      },
      "properties": {
        "site_uid": "jazz-0410",
        "provider": "Jazz",
        "source_index": 410,
        "site_name_source": "ISB3649",
        "display_name": "ISB3649",
        "city_source": "",
        "geometry_type": "Point",
        "record_kind": "provider_published_5g_site",
        "is_named": true,
        "duplicate_coordinate_group": "",
        "source_dataset": "Jazz official 5G KML point placemarks",
        "source_url": "https://jazz.com.pk/KML_Coverage_map/5G_Active_Sites_with_Overlay.kml",
        "retrieved_at": "2026-08-07",
        "accuracy_note": "Exact coordinate value published in the provider KML; not independently surveyed.",
        "altitude_m": 0
      }
    },
    {
      "type": "Feature",
      "id": "jazz-0411",
      "geometry": {
        "type": "Point",
        "coordinates": [
          73.0771,
          33.7199,
          0
        ]
      },
      "properties": {
        "site_uid": "jazz-0411",
        "provider": "Jazz",
        "source_index": 411,
        "site_name_source": "ISB3650",
        "display_name": "ISB3650",
        "city_source": "",
        "geometry_type": "Point",
        "record_kind": "provider_published_5g_site",
        "is_named": true,
        "duplicate_coordinate_group": "",
        "source_dataset": "Jazz official 5G KML point placemarks",
        "source_url": "https://jazz.com.pk/KML_Coverage_map/5G_Active_Sites_with_Overlay.kml",
        "retrieved_at": "2026-08-07",
        "accuracy_note": "Exact coordinate value published in the provider KML; not independently surveyed.",
        "altitude_m": 0
      }
    },
    {
      "type": "Feature",
      "id": "jazz-0412",
      "geometry": {
        "type": "Point",
        "coordinates": [
          73.0906,
          33.7321,
          0
        ]
      },
      "properties": {
        "site_uid": "jazz-0412",
        "provider": "Jazz",
        "source_index": 412,
        "site_name_source": "ISB3652",
        "display_name": "ISB3652",
        "city_source": "",
        "geometry_type": "Point",
        "record_kind": "provider_published_5g_site",
        "is_named": true,
        "duplicate_coordinate_group": "",
        "source_dataset": "Jazz official 5G KML point placemarks",
        "source_url": "https://jazz.com.pk/KML_Coverage_map/5G_Active_Sites_with_Overlay.kml",
        "retrieved_at": "2026-08-07",
        "accuracy_note": "Exact coordinate value published in the provider KML; not independently surveyed.",
        "altitude_m": 0
      }
    },
    {
      "type": "Feature",
      "id": "jazz-0413",
      "geometry": {
        "type": "Point",
        "coordinates": [
          73.0334,
          33.7146,
          0
        ]
      },
      "properties": {
        "site_uid": "jazz-0413",
        "provider": "Jazz",
        "source_index": 413,
        "site_name_source": "ISB3662",
        "display_name": "ISB3662",
        "city_source": "",
        "geometry_type": "Point",
        "record_kind": "provider_published_5g_site",
        "is_named": true,
        "duplicate_coordinate_group": "",
        "source_dataset": "Jazz official 5G KML point placemarks",
        "source_url": "https://jazz.com.pk/KML_Coverage_map/5G_Active_Sites_with_Overlay.kml",
        "retrieved_at": "2026-08-07",
        "accuracy_note": "Exact coordinate value published in the provider KML; not independently surveyed.",
        "altitude_m": 0
      }
    },
    {
      "type": "Feature",
      "id": "jazz-0414",
      "geometry": {
        "type": "Point",
        "coordinates": [
          73.0414,
          33.7111,
          0
        ]
      },
      "properties": {
        "site_uid": "jazz-0414",
        "provider": "Jazz",
        "source_index": 414,
        "site_name_source": "ISB3663",
        "display_name": "ISB3663",
        "city_source": "",
        "geometry_type": "Point",
        "record_kind": "provider_published_5g_site",
        "is_named": true,
        "duplicate_coordinate_group": "",
        "source_dataset": "Jazz official 5G KML point placemarks",
        "source_url": "https://jazz.com.pk/KML_Coverage_map/5G_Active_Sites_with_Overlay.kml",
        "retrieved_at": "2026-08-07",
        "accuracy_note": "Exact coordinate value published in the provider KML; not independently surveyed.",
        "altitude_m": 0
      }
    },
    {
      "type": "Feature",
      "id": "jazz-0415",
      "geometry": {
        "type": "Point",
        "coordinates": [
          73.0572,
          33.7215,
          0
        ]
      },
      "properties": {
        "site_uid": "jazz-0415",
        "provider": "Jazz",
        "source_index": 415,
        "site_name_source": "ISB3668",
        "display_name": "ISB3668",
        "city_source": "",
        "geometry_type": "Point",
        "record_kind": "provider_published_5g_site",
        "is_named": true,
        "duplicate_coordinate_group": "",
        "source_dataset": "Jazz official 5G KML point placemarks",
        "source_url": "https://jazz.com.pk/KML_Coverage_map/5G_Active_Sites_with_Overlay.kml",
        "retrieved_at": "2026-08-07",
        "accuracy_note": "Exact coordinate value published in the provider KML; not independently surveyed.",
        "altitude_m": 0
      }
    },
    {
      "type": "Feature",
      "id": "jazz-0416",
      "geometry": {
        "type": "Point",
        "coordinates": [
          73.0659,
          33.7143,
          0
        ]
      },
      "properties": {
        "site_uid": "jazz-0416",
        "provider": "Jazz",
        "source_index": 416,
        "site_name_source": "ISB3669",
        "display_name": "ISB3669",
        "city_source": "",
        "geometry_type": "Point",
        "record_kind": "provider_published_5g_site",
        "is_named": true,
        "duplicate_coordinate_group": "",
        "source_dataset": "Jazz official 5G KML point placemarks",
        "source_url": "https://jazz.com.pk/KML_Coverage_map/5G_Active_Sites_with_Overlay.kml",
        "retrieved_at": "2026-08-07",
        "accuracy_note": "Exact coordinate value published in the provider KML; not independently surveyed.",
        "altitude_m": 0
      }
    },
    {
      "type": "Feature",
      "id": "jazz-0417",
      "geometry": {
        "type": "Point",
        "coordinates": [
          73.0843,
          33.7061,
          0
        ]
      },
      "properties": {
        "site_uid": "jazz-0417",
        "provider": "Jazz",
        "source_index": 417,
        "site_name_source": "ISB3670",
        "display_name": "ISB3670",
        "city_source": "",
        "geometry_type": "Point",
        "record_kind": "provider_published_5g_site",
        "is_named": true,
        "duplicate_coordinate_group": "",
        "source_dataset": "Jazz official 5G KML point placemarks",
        "source_url": "https://jazz.com.pk/KML_Coverage_map/5G_Active_Sites_with_Overlay.kml",
        "retrieved_at": "2026-08-07",
        "accuracy_note": "Exact coordinate value published in the provider KML; not independently surveyed.",
        "altitude_m": 0
      }
    },
    {
      "type": "Feature",
      "id": "jazz-0418",
      "geometry": {
        "type": "Point",
        "coordinates": [
          73.0496,
          33.6979,
          0
        ]
      },
      "properties": {
        "site_uid": "jazz-0418",
        "provider": "Jazz",
        "source_index": 418,
        "site_name_source": "ISB3920",
        "display_name": "ISB3920",
        "city_source": "",
        "geometry_type": "Point",
        "record_kind": "provider_published_5g_site",
        "is_named": true,
        "duplicate_coordinate_group": "",
        "source_dataset": "Jazz official 5G KML point placemarks",
        "source_url": "https://jazz.com.pk/KML_Coverage_map/5G_Active_Sites_with_Overlay.kml",
        "retrieved_at": "2026-08-07",
        "accuracy_note": "Exact coordinate value published in the provider KML; not independently surveyed.",
        "altitude_m": 0
      }
    },
    {
      "type": "Feature",
      "id": "jazz-0419",
      "geometry": {
        "type": "Point",
        "coordinates": [
          72.8374,
          33.5606,
          0
        ]
      },
      "properties": {
        "site_uid": "jazz-0419",
        "provider": "Jazz",
        "source_index": 419,
        "site_name_source": "ISB3951",
        "display_name": "ISB3951",
        "city_source": "",
        "geometry_type": "Point",
        "record_kind": "provider_published_5g_site",
        "is_named": true,
        "duplicate_coordinate_group": "",
        "source_dataset": "Jazz official 5G KML point placemarks",
        "source_url": "https://jazz.com.pk/KML_Coverage_map/5G_Active_Sites_with_Overlay.kml",
        "retrieved_at": "2026-08-07",
        "accuracy_note": "Exact coordinate value published in the provider KML; not independently surveyed.",
        "altitude_m": 0
      }
    },
    {
      "type": "Feature",
      "id": "jazz-0420",
      "geometry": {
        "type": "Point",
        "coordinates": [
          73.0784,
          33.7308,
          0
        ]
      },
      "properties": {
        "site_uid": "jazz-0420",
        "provider": "Jazz",
        "source_index": 420,
        "site_name_source": "ISB4078",
        "display_name": "ISB4078",
        "city_source": "",
        "geometry_type": "Point",
        "record_kind": "provider_published_5g_site",
        "is_named": true,
        "duplicate_coordinate_group": "",
        "source_dataset": "Jazz official 5G KML point placemarks",
        "source_url": "https://jazz.com.pk/KML_Coverage_map/5G_Active_Sites_with_Overlay.kml",
        "retrieved_at": "2026-08-07",
        "accuracy_note": "Exact coordinate value published in the provider KML; not independently surveyed.",
        "altitude_m": 0
      }
    },
    {
      "type": "Feature",
      "id": "jazz-0421",
      "geometry": {
        "type": "Point",
        "coordinates": [
          73.0517,
          33.7219,
          0
        ]
      },
      "properties": {
        "site_uid": "jazz-0421",
        "provider": "Jazz",
        "source_index": 421,
        "site_name_source": "ISB4283",
        "display_name": "ISB4283",
        "city_source": "",
        "geometry_type": "Point",
        "record_kind": "provider_published_5g_site",
        "is_named": true,
        "duplicate_coordinate_group": "",
        "source_dataset": "Jazz official 5G KML point placemarks",
        "source_url": "https://jazz.com.pk/KML_Coverage_map/5G_Active_Sites_with_Overlay.kml",
        "retrieved_at": "2026-08-07",
        "accuracy_note": "Exact coordinate value published in the provider KML; not independently surveyed.",
        "altitude_m": 0
      }
    },
    {
      "type": "Feature",
      "id": "jazz-0422",
      "geometry": {
        "type": "Point",
        "coordinates": [
          72.98729,
          33.68338,
          0
        ]
      },
      "properties": {
        "site_uid": "jazz-0422",
        "provider": "Jazz",
        "source_index": 422,
        "site_name_source": "ISB4464",
        "display_name": "ISB4464",
        "city_source": "",
        "geometry_type": "Point",
        "record_kind": "provider_published_5g_site",
        "is_named": true,
        "duplicate_coordinate_group": "",
        "source_dataset": "Jazz official 5G KML point placemarks",
        "source_url": "https://jazz.com.pk/KML_Coverage_map/5G_Active_Sites_with_Overlay.kml",
        "retrieved_at": "2026-08-07",
        "accuracy_note": "Exact coordinate value published in the provider KML; not independently surveyed.",
        "altitude_m": 0
      }
    },
    {
      "type": "Feature",
      "id": "jazz-0423",
      "geometry": {
        "type": "Point",
        "coordinates": [
          72.9921,
          33.6885,
          0
        ]
      },
      "properties": {
        "site_uid": "jazz-0423",
        "provider": "Jazz",
        "source_index": 423,
        "site_name_source": "ISB5245",
        "display_name": "ISB5245",
        "city_source": "",
        "geometry_type": "Point",
        "record_kind": "provider_published_5g_site",
        "is_named": true,
        "duplicate_coordinate_group": "",
        "source_dataset": "Jazz official 5G KML point placemarks",
        "source_url": "https://jazz.com.pk/KML_Coverage_map/5G_Active_Sites_with_Overlay.kml",
        "retrieved_at": "2026-08-07",
        "accuracy_note": "Exact coordinate value published in the provider KML; not independently surveyed.",
        "altitude_m": 0
      }
    },
    {
      "type": "Feature",
      "id": "jazz-0424",
      "geometry": {
        "type": "Point",
        "coordinates": [
          73.0476,
          33.7275,
          0
        ]
      },
      "properties": {
        "site_uid": "jazz-0424",
        "provider": "Jazz",
        "source_index": 424,
        "site_name_source": "ISB5654",
        "display_name": "ISB5654",
        "city_source": "",
        "geometry_type": "Point",
        "record_kind": "provider_published_5g_site",
        "is_named": true,
        "duplicate_coordinate_group": "",
        "source_dataset": "Jazz official 5G KML point placemarks",
        "source_url": "https://jazz.com.pk/KML_Coverage_map/5G_Active_Sites_with_Overlay.kml",
        "retrieved_at": "2026-08-07",
        "accuracy_note": "Exact coordinate value published in the provider KML; not independently surveyed.",
        "altitude_m": 0
      }
    },
    {
      "type": "Feature",
      "id": "jazz-0425",
      "geometry": {
        "type": "Point",
        "coordinates": [
          67.048833,
          24.81275,
          0
        ]
      },
      "properties": {
        "site_uid": "jazz-0425",
        "provider": "Jazz",
        "source_index": 425,
        "site_name_source": "KHI0079",
        "display_name": "KHI0079",
        "city_source": "",
        "geometry_type": "Point",
        "record_kind": "provider_published_5g_site",
        "is_named": true,
        "duplicate_coordinate_group": "",
        "source_dataset": "Jazz official 5G KML point placemarks",
        "source_url": "https://jazz.com.pk/KML_Coverage_map/5G_Active_Sites_with_Overlay.kml",
        "retrieved_at": "2026-08-07",
        "accuracy_note": "Exact coordinate value published in the provider KML; not independently surveyed.",
        "altitude_m": 0
      }
    },
    {
      "type": "Feature",
      "id": "jazz-0426",
      "geometry": {
        "type": "Point",
        "coordinates": [
          67.080806,
          24.865861,
          0
        ]
      },
      "properties": {
        "site_uid": "jazz-0426",
        "provider": "Jazz",
        "source_index": 426,
        "site_name_source": "KHI0088",
        "display_name": "KHI0088",
        "city_source": "",
        "geometry_type": "Point",
        "record_kind": "provider_published_5g_site",
        "is_named": true,
        "duplicate_coordinate_group": "",
        "source_dataset": "Jazz official 5G KML point placemarks",
        "source_url": "https://jazz.com.pk/KML_Coverage_map/5G_Active_Sites_with_Overlay.kml",
        "retrieved_at": "2026-08-07",
        "accuracy_note": "Exact coordinate value published in the provider KML; not independently surveyed.",
        "altitude_m": 0
      }
    },
    {
      "type": "Feature",
      "id": "jazz-0427",
      "geometry": {
        "type": "Point",
        "coordinates": [
          67.045389,
          24.857667,
          0
        ]
      },
      "properties": {
        "site_uid": "jazz-0427",
        "provider": "Jazz",
        "source_index": 427,
        "site_name_source": "KHI0125",
        "display_name": "KHI0125",
        "city_source": "",
        "geometry_type": "Point",
        "record_kind": "provider_published_5g_site",
        "is_named": true,
        "duplicate_coordinate_group": "",
        "source_dataset": "Jazz official 5G KML point placemarks",
        "source_url": "https://jazz.com.pk/KML_Coverage_map/5G_Active_Sites_with_Overlay.kml",
        "retrieved_at": "2026-08-07",
        "accuracy_note": "Exact coordinate value published in the provider KML; not independently surveyed.",
        "altitude_m": 0
      }
    },
    {
      "type": "Feature",
      "id": "jazz-0428",
      "geometry": {
        "type": "Point",
        "coordinates": [
          67.039556,
          24.818472,
          0
        ]
      },
      "properties": {
        "site_uid": "jazz-0428",
        "provider": "Jazz",
        "source_index": 428,
        "site_name_source": "KHI0137",
        "display_name": "KHI0137",
        "city_source": "",
        "geometry_type": "Point",
        "record_kind": "provider_published_5g_site",
        "is_named": true,
        "duplicate_coordinate_group": "",
        "source_dataset": "Jazz official 5G KML point placemarks",
        "source_url": "https://jazz.com.pk/KML_Coverage_map/5G_Active_Sites_with_Overlay.kml",
        "retrieved_at": "2026-08-07",
        "accuracy_note": "Exact coordinate value published in the provider KML; not independently surveyed.",
        "altitude_m": 0
      }
    },
    {
      "type": "Feature",
      "id": "jazz-0429",
      "geometry": {
        "type": "Point",
        "coordinates": [
          67.062167,
          24.807778,
          0
        ]
      },
      "properties": {
        "site_uid": "jazz-0429",
        "provider": "Jazz",
        "source_index": 429,
        "site_name_source": "KHI0177",
        "display_name": "KHI0177",
        "city_source": "",
        "geometry_type": "Point",
        "record_kind": "provider_published_5g_site",
        "is_named": true,
        "duplicate_coordinate_group": "",
        "source_dataset": "Jazz official 5G KML point placemarks",
        "source_url": "https://jazz.com.pk/KML_Coverage_map/5G_Active_Sites_with_Overlay.kml",
        "retrieved_at": "2026-08-07",
        "accuracy_note": "Exact coordinate value published in the provider KML; not independently surveyed.",
        "altitude_m": 0
      }
    },
    {
      "type": "Feature",
      "id": "jazz-0430",
      "geometry": {
        "type": "Point",
        "coordinates": [
          67.070694,
          24.902389,
          0
        ]
      },
      "properties": {
        "site_uid": "jazz-0430",
        "provider": "Jazz",
        "source_index": 430,
        "site_name_source": "KHI0214",
        "display_name": "KHI0214",
        "city_source": "",
        "geometry_type": "Point",
        "record_kind": "provider_published_5g_site",
        "is_named": true,
        "duplicate_coordinate_group": "",
        "source_dataset": "Jazz official 5G KML point placemarks",
        "source_url": "https://jazz.com.pk/KML_Coverage_map/5G_Active_Sites_with_Overlay.kml",
        "retrieved_at": "2026-08-07",
        "accuracy_note": "Exact coordinate value published in the provider KML; not independently surveyed.",
        "altitude_m": 0
      }
    },
    {
      "type": "Feature",
      "id": "jazz-0431",
      "geometry": {
        "type": "Point",
        "coordinates": [
          67.072194,
          24.814778,
          0
        ]
      },
      "properties": {
        "site_uid": "jazz-0431",
        "provider": "Jazz",
        "source_index": 431,
        "site_name_source": "KHI0261",
        "display_name": "KHI0261",
        "city_source": "",
        "geometry_type": "Point",
        "record_kind": "provider_published_5g_site",
        "is_named": true,
        "duplicate_coordinate_group": "",
        "source_dataset": "Jazz official 5G KML point placemarks",
        "source_url": "https://jazz.com.pk/KML_Coverage_map/5G_Active_Sites_with_Overlay.kml",
        "retrieved_at": "2026-08-07",
        "accuracy_note": "Exact coordinate value published in the provider KML; not independently surveyed.",
        "altitude_m": 0
      }
    },
    {
      "type": "Feature",
      "id": "jazz-0432",
      "geometry": {
        "type": "Point",
        "coordinates": [
          67.034778,
          24.829889,
          0
        ]
      },
      "properties": {
        "site_uid": "jazz-0432",
        "provider": "Jazz",
        "source_index": 432,
        "site_name_source": "KHI0283",
        "display_name": "KHI0283",
        "city_source": "",
        "geometry_type": "Point",
        "record_kind": "provider_published_5g_site",
        "is_named": true,
        "duplicate_coordinate_group": "",
        "source_dataset": "Jazz official 5G KML point placemarks",
        "source_url": "https://jazz.com.pk/KML_Coverage_map/5G_Active_Sites_with_Overlay.kml",
        "retrieved_at": "2026-08-07",
        "accuracy_note": "Exact coordinate value published in the provider KML; not independently surveyed.",
        "altitude_m": 0
      }
    },
    {
      "type": "Feature",
      "id": "jazz-0433",
      "geometry": {
        "type": "Point",
        "coordinates": [
          67.055833,
          24.780556,
          0
        ]
      },
      "properties": {
        "site_uid": "jazz-0433",
        "provider": "Jazz",
        "source_index": 433,
        "site_name_source": "KHI0346",
        "display_name": "KHI0346",
        "city_source": "",
        "geometry_type": "Point",
        "record_kind": "provider_published_5g_site",
        "is_named": true,
        "duplicate_coordinate_group": "",
        "source_dataset": "Jazz official 5G KML point placemarks",
        "source_url": "https://jazz.com.pk/KML_Coverage_map/5G_Active_Sites_with_Overlay.kml",
        "retrieved_at": "2026-08-07",
        "accuracy_note": "Exact coordinate value published in the provider KML; not independently surveyed.",
        "altitude_m": 0
      }
    },
    {
      "type": "Feature",
      "id": "jazz-0434",
      "geometry": {
        "type": "Point",
        "coordinates": [
          67.3084,
          25.00688,
          0
        ]
      },
      "properties": {
        "site_uid": "jazz-0434",
        "provider": "Jazz",
        "source_index": 434,
        "site_name_source": "KHI0354",
        "display_name": "KHI0354",
        "city_source": "",
        "geometry_type": "Point",
        "record_kind": "provider_published_5g_site",
        "is_named": true,
        "duplicate_coordinate_group": "",
        "source_dataset": "Jazz official 5G KML point placemarks",
        "source_url": "https://jazz.com.pk/KML_Coverage_map/5G_Active_Sites_with_Overlay.kml",
        "retrieved_at": "2026-08-07",
        "accuracy_note": "Exact coordinate value published in the provider KML; not independently surveyed.",
        "altitude_m": 0
      }
    },
    {
      "type": "Feature",
      "id": "jazz-0435",
      "geometry": {
        "type": "Point",
        "coordinates": [
          67.007583,
          24.850056,
          0
        ]
      },
      "properties": {
        "site_uid": "jazz-0435",
        "provider": "Jazz",
        "source_index": 435,
        "site_name_source": "KHI0447",
        "display_name": "KHI0447",
        "city_source": "",
        "geometry_type": "Point",
        "record_kind": "provider_published_5g_site",
        "is_named": true,
        "duplicate_coordinate_group": "",
        "source_dataset": "Jazz official 5G KML point placemarks",
        "source_url": "https://jazz.com.pk/KML_Coverage_map/5G_Active_Sites_with_Overlay.kml",
        "retrieved_at": "2026-08-07",
        "accuracy_note": "Exact coordinate value published in the provider KML; not independently surveyed.",
        "altitude_m": 0
      }
    },
    {
      "type": "Feature",
      "id": "jazz-0436",
      "geometry": {
        "type": "Point",
        "coordinates": [
          67.021722,
          24.815778,
          0
        ]
      },
      "properties": {
        "site_uid": "jazz-0436",
        "provider": "Jazz",
        "source_index": 436,
        "site_name_source": "KHI0538",
        "display_name": "KHI0538",
        "city_source": "",
        "geometry_type": "Point",
        "record_kind": "provider_published_5g_site",
        "is_named": true,
        "duplicate_coordinate_group": "",
        "source_dataset": "Jazz official 5G KML point placemarks",
        "source_url": "https://jazz.com.pk/KML_Coverage_map/5G_Active_Sites_with_Overlay.kml",
        "retrieved_at": "2026-08-07",
        "accuracy_note": "Exact coordinate value published in the provider KML; not independently surveyed.",
        "altitude_m": 0
      }
    },
    {
      "type": "Feature",
      "id": "jazz-0437",
      "geometry": {
        "type": "Point",
        "coordinates": [
          67.041025,
          24.797043,
          0
        ]
      },
      "properties": {
        "site_uid": "jazz-0437",
        "provider": "Jazz",
        "source_index": 437,
        "site_name_source": "KHI0850",
        "display_name": "KHI0850",
        "city_source": "",
        "geometry_type": "Point",
        "record_kind": "provider_published_5g_site",
        "is_named": true,
        "duplicate_coordinate_group": "",
        "source_dataset": "Jazz official 5G KML point placemarks",
        "source_url": "https://jazz.com.pk/KML_Coverage_map/5G_Active_Sites_with_Overlay.kml",
        "retrieved_at": "2026-08-07",
        "accuracy_note": "Exact coordinate value published in the provider KML; not independently surveyed.",
        "altitude_m": 0
      }
    },
    {
      "type": "Feature",
      "id": "jazz-0438",
      "geometry": {
        "type": "Point",
        "coordinates": [
          67.031139,
          24.8035,
          0
        ]
      },
      "properties": {
        "site_uid": "jazz-0438",
        "provider": "Jazz",
        "source_index": 438,
        "site_name_source": "KHI0853",
        "display_name": "KHI0853",
        "city_source": "",
        "geometry_type": "Point",
        "record_kind": "provider_published_5g_site",
        "is_named": true,
        "duplicate_coordinate_group": "",
        "source_dataset": "Jazz official 5G KML point placemarks",
        "source_url": "https://jazz.com.pk/KML_Coverage_map/5G_Active_Sites_with_Overlay.kml",
        "retrieved_at": "2026-08-07",
        "accuracy_note": "Exact coordinate value published in the provider KML; not independently surveyed.",
        "altitude_m": 0
      }
    },
    {
      "type": "Feature",
      "id": "jazz-0439",
      "geometry": {
        "type": "Point",
        "coordinates": [
          67.01609,
          24.81323,
          0
        ]
      },
      "properties": {
        "site_uid": "jazz-0439",
        "provider": "Jazz",
        "source_index": 439,
        "site_name_source": "KHI2700",
        "display_name": "KHI2700",
        "city_source": "",
        "geometry_type": "Point",
        "record_kind": "provider_published_5g_site",
        "is_named": true,
        "duplicate_coordinate_group": "",
        "source_dataset": "Jazz official 5G KML point placemarks",
        "source_url": "https://jazz.com.pk/KML_Coverage_map/5G_Active_Sites_with_Overlay.kml",
        "retrieved_at": "2026-08-07",
        "accuracy_note": "Exact coordinate value published in the provider KML; not independently surveyed.",
        "altitude_m": 0
      }
    },
    {
      "type": "Feature",
      "id": "jazz-0440",
      "geometry": {
        "type": "Point",
        "coordinates": [
          67.04497,
          24.79681,
          0
        ]
      },
      "properties": {
        "site_uid": "jazz-0440",
        "provider": "Jazz",
        "source_index": 440,
        "site_name_source": "KHI4843",
        "display_name": "KHI4843",
        "city_source": "",
        "geometry_type": "Point",
        "record_kind": "provider_published_5g_site",
        "is_named": true,
        "duplicate_coordinate_group": "",
        "source_dataset": "Jazz official 5G KML point placemarks",
        "source_url": "https://jazz.com.pk/KML_Coverage_map/5G_Active_Sites_with_Overlay.kml",
        "retrieved_at": "2026-08-07",
        "accuracy_note": "Exact coordinate value published in the provider KML; not independently surveyed.",
        "altitude_m": 0
      }
    },
    {
      "type": "Feature",
      "id": "jazz-0441",
      "geometry": {
        "type": "Point",
        "coordinates": [
          67.0367,
          24.8086,
          0
        ]
      },
      "properties": {
        "site_uid": "jazz-0441",
        "provider": "Jazz",
        "source_index": 441,
        "site_name_source": "KHI5624",
        "display_name": "KHI5624",
        "city_source": "",
        "geometry_type": "Point",
        "record_kind": "provider_published_5g_site",
        "is_named": true,
        "duplicate_coordinate_group": "",
        "source_dataset": "Jazz official 5G KML point placemarks",
        "source_url": "https://jazz.com.pk/KML_Coverage_map/5G_Active_Sites_with_Overlay.kml",
        "retrieved_at": "2026-08-07",
        "accuracy_note": "Exact coordinate value published in the provider KML; not independently surveyed.",
        "altitude_m": 0
      }
    },
    {
      "type": "Feature",
      "id": "jazz-0442",
      "geometry": {
        "type": "Point",
        "coordinates": [
          67.075,
          24.8021,
          0
        ]
      },
      "properties": {
        "site_uid": "jazz-0442",
        "provider": "Jazz",
        "source_index": 442,
        "site_name_source": "KHI5648",
        "display_name": "KHI5648",
        "city_source": "",
        "geometry_type": "Point",
        "record_kind": "provider_published_5g_site",
        "is_named": true,
        "duplicate_coordinate_group": "",
        "source_dataset": "Jazz official 5G KML point placemarks",
        "source_url": "https://jazz.com.pk/KML_Coverage_map/5G_Active_Sites_with_Overlay.kml",
        "retrieved_at": "2026-08-07",
        "accuracy_note": "Exact coordinate value published in the provider KML; not independently surveyed.",
        "altitude_m": 0
      }
    },
    {
      "type": "Feature",
      "id": "jazz-0443",
      "geometry": {
        "type": "Point",
        "coordinates": [
          67.0048,
          24.8174,
          0
        ]
      },
      "properties": {
        "site_uid": "jazz-0443",
        "provider": "Jazz",
        "source_index": 443,
        "site_name_source": "KHI5929",
        "display_name": "KHI5929",
        "city_source": "",
        "geometry_type": "Point",
        "record_kind": "provider_published_5g_site",
        "is_named": true,
        "duplicate_coordinate_group": "",
        "source_dataset": "Jazz official 5G KML point placemarks",
        "source_url": "https://jazz.com.pk/KML_Coverage_map/5G_Active_Sites_with_Overlay.kml",
        "retrieved_at": "2026-08-07",
        "accuracy_note": "Exact coordinate value published in the provider KML; not independently surveyed.",
        "altitude_m": 0
      }
    },
    {
      "type": "Feature",
      "id": "jazz-0444",
      "geometry": {
        "type": "Point",
        "coordinates": [
          67.03306,
          24.82333,
          0
        ]
      },
      "properties": {
        "site_uid": "jazz-0444",
        "provider": "Jazz",
        "source_index": 444,
        "site_name_source": "KHI6349",
        "display_name": "KHI6349",
        "city_source": "",
        "geometry_type": "Point",
        "record_kind": "provider_published_5g_site",
        "is_named": true,
        "duplicate_coordinate_group": "",
        "source_dataset": "Jazz official 5G KML point placemarks",
        "source_url": "https://jazz.com.pk/KML_Coverage_map/5G_Active_Sites_with_Overlay.kml",
        "retrieved_at": "2026-08-07",
        "accuracy_note": "Exact coordinate value published in the provider KML; not independently surveyed.",
        "altitude_m": 0
      }
    },
    {
      "type": "Feature",
      "id": "jazz-0445",
      "geometry": {
        "type": "Point",
        "coordinates": [
          67.0383,
          24.8012,
          0
        ]
      },
      "properties": {
        "site_uid": "jazz-0445",
        "provider": "Jazz",
        "source_index": 445,
        "site_name_source": "KHI6449",
        "display_name": "KHI6449",
        "city_source": "",
        "geometry_type": "Point",
        "record_kind": "provider_published_5g_site",
        "is_named": true,
        "duplicate_coordinate_group": "",
        "source_dataset": "Jazz official 5G KML point placemarks",
        "source_url": "https://jazz.com.pk/KML_Coverage_map/5G_Active_Sites_with_Overlay.kml",
        "retrieved_at": "2026-08-07",
        "accuracy_note": "Exact coordinate value published in the provider KML; not independently surveyed.",
        "altitude_m": 0
      }
    },
    {
      "type": "Feature",
      "id": "jazz-0446",
      "geometry": {
        "type": "Point",
        "coordinates": [
          67.04285,
          24.85439,
          0
        ]
      },
      "properties": {
        "site_uid": "jazz-0446",
        "provider": "Jazz",
        "source_index": 446,
        "site_name_source": "KHI6805",
        "display_name": "KHI6805",
        "city_source": "",
        "geometry_type": "Point",
        "record_kind": "provider_published_5g_site",
        "is_named": true,
        "duplicate_coordinate_group": "",
        "source_dataset": "Jazz official 5G KML point placemarks",
        "source_url": "https://jazz.com.pk/KML_Coverage_map/5G_Active_Sites_with_Overlay.kml",
        "retrieved_at": "2026-08-07",
        "accuracy_note": "Exact coordinate value published in the provider KML; not independently surveyed.",
        "altitude_m": 0
      }
    },
    {
      "type": "Feature",
      "id": "jazz-0447",
      "geometry": {
        "type": "Point",
        "coordinates": [
          67.08087,
          24.786669,
          0
        ]
      },
      "properties": {
        "site_uid": "jazz-0447",
        "provider": "Jazz",
        "source_index": 447,
        "site_name_source": "KHI8023",
        "display_name": "KHI8023",
        "city_source": "",
        "geometry_type": "Point",
        "record_kind": "provider_published_5g_site",
        "is_named": true,
        "duplicate_coordinate_group": "",
        "source_dataset": "Jazz official 5G KML point placemarks",
        "source_url": "https://jazz.com.pk/KML_Coverage_map/5G_Active_Sites_with_Overlay.kml",
        "retrieved_at": "2026-08-07",
        "accuracy_note": "Exact coordinate value published in the provider KML; not independently surveyed.",
        "altitude_m": 0
      }
    },
    {
      "type": "Feature",
      "id": "jazz-0448",
      "geometry": {
        "type": "Point",
        "coordinates": [
          67.05792,
          24.79986,
          0
        ]
      },
      "properties": {
        "site_uid": "jazz-0448",
        "provider": "Jazz",
        "source_index": 448,
        "site_name_source": "KHI9048",
        "display_name": "KHI9048",
        "city_source": "",
        "geometry_type": "Point",
        "record_kind": "provider_published_5g_site",
        "is_named": true,
        "duplicate_coordinate_group": "",
        "source_dataset": "Jazz official 5G KML point placemarks",
        "source_url": "https://jazz.com.pk/KML_Coverage_map/5G_Active_Sites_with_Overlay.kml",
        "retrieved_at": "2026-08-07",
        "accuracy_note": "Exact coordinate value published in the provider KML; not independently surveyed.",
        "altitude_m": 0
      }
    },
    {
      "type": "Feature",
      "id": "jazz-0449",
      "geometry": {
        "type": "Point",
        "coordinates": [
          67.0614,
          24.8408,
          0
        ]
      },
      "properties": {
        "site_uid": "jazz-0449",
        "provider": "Jazz",
        "source_index": 449,
        "site_name_source": "KHI9120",
        "display_name": "KHI9120",
        "city_source": "",
        "geometry_type": "Point",
        "record_kind": "provider_published_5g_site",
        "is_named": true,
        "duplicate_coordinate_group": "",
        "source_dataset": "Jazz official 5G KML point placemarks",
        "source_url": "https://jazz.com.pk/KML_Coverage_map/5G_Active_Sites_with_Overlay.kml",
        "retrieved_at": "2026-08-07",
        "accuracy_note": "Exact coordinate value published in the provider KML; not independently surveyed.",
        "altitude_m": 0
      }
    },
    {
      "type": "Feature",
      "id": "jazz-0450",
      "geometry": {
        "type": "Point",
        "coordinates": [
          74.3476,
          31.5239,
          0
        ]
      },
      "properties": {
        "site_uid": "jazz-0450",
        "provider": "Jazz",
        "source_index": 450,
        "site_name_source": "LHR0004",
        "display_name": "LHR0004",
        "city_source": "",
        "geometry_type": "Point",
        "record_kind": "provider_published_5g_site",
        "is_named": true,
        "duplicate_coordinate_group": "",
        "source_dataset": "Jazz official 5G KML point placemarks",
        "source_url": "https://jazz.com.pk/KML_Coverage_map/5G_Active_Sites_with_Overlay.kml",
        "retrieved_at": "2026-08-07",
        "accuracy_note": "Exact coordinate value published in the provider KML; not independently surveyed.",
        "altitude_m": 0
      }
    },
    {
      "type": "Feature",
      "id": "jazz-0451",
      "geometry": {
        "type": "Point",
        "coordinates": [
          74.3212,
          31.5,
          0
        ]
      },
      "properties": {
        "site_uid": "jazz-0451",
        "provider": "Jazz",
        "source_index": 451,
        "site_name_source": "LHR0010",
        "display_name": "LHR0010",
        "city_source": "",
        "geometry_type": "Point",
        "record_kind": "provider_published_5g_site",
        "is_named": true,
        "duplicate_coordinate_group": "",
        "source_dataset": "Jazz official 5G KML point placemarks",
        "source_url": "https://jazz.com.pk/KML_Coverage_map/5G_Active_Sites_with_Overlay.kml",
        "retrieved_at": "2026-08-07",
        "accuracy_note": "Exact coordinate value published in the provider KML; not independently surveyed.",
        "altitude_m": 0
      }
    },
    {
      "type": "Feature",
      "id": "jazz-0452",
      "geometry": {
        "type": "Point",
        "coordinates": [
          74.3931,
          31.4765,
          0
        ]
      },
      "properties": {
        "site_uid": "jazz-0452",
        "provider": "Jazz",
        "source_index": 452,
        "site_name_source": "LHR0042",
        "display_name": "LHR0042",
        "city_source": "",
        "geometry_type": "Point",
        "record_kind": "provider_published_5g_site",
        "is_named": true,
        "duplicate_coordinate_group": "",
        "source_dataset": "Jazz official 5G KML point placemarks",
        "source_url": "https://jazz.com.pk/KML_Coverage_map/5G_Active_Sites_with_Overlay.kml",
        "retrieved_at": "2026-08-07",
        "accuracy_note": "Exact coordinate value published in the provider KML; not independently surveyed.",
        "altitude_m": 0
      }
    },
    {
      "type": "Feature",
      "id": "jazz-0453",
      "geometry": {
        "type": "Point",
        "coordinates": [
          74.33721,
          31.55156,
          0
        ]
      },
      "properties": {
        "site_uid": "jazz-0453",
        "provider": "Jazz",
        "source_index": 453,
        "site_name_source": "LHR0105",
        "display_name": "LHR0105",
        "city_source": "",
        "geometry_type": "Point",
        "record_kind": "provider_published_5g_site",
        "is_named": true,
        "duplicate_coordinate_group": "",
        "source_dataset": "Jazz official 5G KML point placemarks",
        "source_url": "https://jazz.com.pk/KML_Coverage_map/5G_Active_Sites_with_Overlay.kml",
        "retrieved_at": "2026-08-07",
        "accuracy_note": "Exact coordinate value published in the provider KML; not independently surveyed.",
        "altitude_m": 0
      }
    },
    {
      "type": "Feature",
      "id": "jazz-0454",
      "geometry": {
        "type": "Point",
        "coordinates": [
          74.3327,
          31.5474,
          0
        ]
      },
      "properties": {
        "site_uid": "jazz-0454",
        "provider": "Jazz",
        "source_index": 454,
        "site_name_source": "LHR0172",
        "display_name": "LHR0172",
        "city_source": "",
        "geometry_type": "Point",
        "record_kind": "provider_published_5g_site",
        "is_named": true,
        "duplicate_coordinate_group": "",
        "source_dataset": "Jazz official 5G KML point placemarks",
        "source_url": "https://jazz.com.pk/KML_Coverage_map/5G_Active_Sites_with_Overlay.kml",
        "retrieved_at": "2026-08-07",
        "accuracy_note": "Exact coordinate value published in the provider KML; not independently surveyed.",
        "altitude_m": 0
      }
    },
    {
      "type": "Feature",
      "id": "jazz-0455",
      "geometry": {
        "type": "Point",
        "coordinates": [
          74.3374,
          31.5374,
          0
        ]
      },
      "properties": {
        "site_uid": "jazz-0455",
        "provider": "Jazz",
        "source_index": 455,
        "site_name_source": "LHR0280",
        "display_name": "LHR0280",
        "city_source": "",
        "geometry_type": "Point",
        "record_kind": "provider_published_5g_site",
        "is_named": true,
        "duplicate_coordinate_group": "",
        "source_dataset": "Jazz official 5G KML point placemarks",
        "source_url": "https://jazz.com.pk/KML_Coverage_map/5G_Active_Sites_with_Overlay.kml",
        "retrieved_at": "2026-08-07",
        "accuracy_note": "Exact coordinate value published in the provider KML; not independently surveyed.",
        "altitude_m": 0
      }
    },
    {
      "type": "Feature",
      "id": "jazz-0456",
      "geometry": {
        "type": "Point",
        "coordinates": [
          74.2801,
          31.4756,
          0
        ]
      },
      "properties": {
        "site_uid": "jazz-0456",
        "provider": "Jazz",
        "source_index": 456,
        "site_name_source": "LHR0392",
        "display_name": "LHR0392",
        "city_source": "",
        "geometry_type": "Point",
        "record_kind": "provider_published_5g_site",
        "is_named": true,
        "duplicate_coordinate_group": "",
        "source_dataset": "Jazz official 5G KML point placemarks",
        "source_url": "https://jazz.com.pk/KML_Coverage_map/5G_Active_Sites_with_Overlay.kml",
        "retrieved_at": "2026-08-07",
        "accuracy_note": "Exact coordinate value published in the provider KML; not independently surveyed.",
        "altitude_m": 0
      }
    },
    {
      "type": "Feature",
      "id": "jazz-0457",
      "geometry": {
        "type": "Point",
        "coordinates": [
          74.4117,
          31.5237,
          0
        ]
      },
      "properties": {
        "site_uid": "jazz-0457",
        "provider": "Jazz",
        "source_index": 457,
        "site_name_source": "LHR0459",
        "display_name": "LHR0459",
        "city_source": "",
        "geometry_type": "Point",
        "record_kind": "provider_published_5g_site",
        "is_named": true,
        "duplicate_coordinate_group": "",
        "source_dataset": "Jazz official 5G KML point placemarks",
        "source_url": "https://jazz.com.pk/KML_Coverage_map/5G_Active_Sites_with_Overlay.kml",
        "retrieved_at": "2026-08-07",
        "accuracy_note": "Exact coordinate value published in the provider KML; not independently surveyed.",
        "altitude_m": 0
      }
    },
    {
      "type": "Feature",
      "id": "jazz-0458",
      "geometry": {
        "type": "Point",
        "coordinates": [
          74.3088,
          31.5646,
          0
        ]
      },
      "properties": {
        "site_uid": "jazz-0458",
        "provider": "Jazz",
        "source_index": 458,
        "site_name_source": "LHR0619",
        "display_name": "LHR0619",
        "city_source": "",
        "geometry_type": "Point",
        "record_kind": "provider_published_5g_site",
        "is_named": true,
        "duplicate_coordinate_group": "",
        "source_dataset": "Jazz official 5G KML point placemarks",
        "source_url": "https://jazz.com.pk/KML_Coverage_map/5G_Active_Sites_with_Overlay.kml",
        "retrieved_at": "2026-08-07",
        "accuracy_note": "Exact coordinate value published in the provider KML; not independently surveyed.",
        "altitude_m": 0
      }
    },
    {
      "type": "Feature",
      "id": "jazz-0459",
      "geometry": {
        "type": "Point",
        "coordinates": [
          74.42231,
          31.47614,
          0
        ]
      },
      "properties": {
        "site_uid": "jazz-0459",
        "provider": "Jazz",
        "source_index": 459,
        "site_name_source": "LHR1018",
        "display_name": "LHR1018",
        "city_source": "",
        "geometry_type": "Point",
        "record_kind": "provider_published_5g_site",
        "is_named": true,
        "duplicate_coordinate_group": "",
        "source_dataset": "Jazz official 5G KML point placemarks",
        "source_url": "https://jazz.com.pk/KML_Coverage_map/5G_Active_Sites_with_Overlay.kml",
        "retrieved_at": "2026-08-07",
        "accuracy_note": "Exact coordinate value published in the provider KML; not independently surveyed.",
        "altitude_m": 0
      }
    },
    {
      "type": "Feature",
      "id": "jazz-0460",
      "geometry": {
        "type": "Point",
        "coordinates": [
          74.34227,
          31.54701,
          0
        ]
      },
      "properties": {
        "site_uid": "jazz-0460",
        "provider": "Jazz",
        "source_index": 460,
        "site_name_source": "LHR1387",
        "display_name": "LHR1387",
        "city_source": "",
        "geometry_type": "Point",
        "record_kind": "provider_published_5g_site",
        "is_named": true,
        "duplicate_coordinate_group": "",
        "source_dataset": "Jazz official 5G KML point placemarks",
        "source_url": "https://jazz.com.pk/KML_Coverage_map/5G_Active_Sites_with_Overlay.kml",
        "retrieved_at": "2026-08-07",
        "accuracy_note": "Exact coordinate value published in the provider KML; not independently surveyed.",
        "altitude_m": 0
      }
    },
    {
      "type": "Feature",
      "id": "jazz-0461",
      "geometry": {
        "type": "Point",
        "coordinates": [
          74.47724,
          31.50186,
          0
        ]
      },
      "properties": {
        "site_uid": "jazz-0461",
        "provider": "Jazz",
        "source_index": 461,
        "site_name_source": "LHR1635",
        "display_name": "LHR1635",
        "city_source": "",
        "geometry_type": "Point",
        "record_kind": "provider_published_5g_site",
        "is_named": true,
        "duplicate_coordinate_group": "",
        "source_dataset": "Jazz official 5G KML point placemarks",
        "source_url": "https://jazz.com.pk/KML_Coverage_map/5G_Active_Sites_with_Overlay.kml",
        "retrieved_at": "2026-08-07",
        "accuracy_note": "Exact coordinate value published in the provider KML; not independently surveyed.",
        "altitude_m": 0
      }
    },
    {
      "type": "Feature",
      "id": "jazz-0462",
      "geometry": {
        "type": "Point",
        "coordinates": [
          74.32964,
          31.55948,
          0
        ]
      },
      "properties": {
        "site_uid": "jazz-0462",
        "provider": "Jazz",
        "source_index": 462,
        "site_name_source": "LHR3000",
        "display_name": "LHR3000",
        "city_source": "",
        "geometry_type": "Point",
        "record_kind": "provider_published_5g_site",
        "is_named": true,
        "duplicate_coordinate_group": "",
        "source_dataset": "Jazz official 5G KML point placemarks",
        "source_url": "https://jazz.com.pk/KML_Coverage_map/5G_Active_Sites_with_Overlay.kml",
        "retrieved_at": "2026-08-07",
        "accuracy_note": "Exact coordinate value published in the provider KML; not independently surveyed.",
        "altitude_m": 0
      }
    },
    {
      "type": "Feature",
      "id": "jazz-0463",
      "geometry": {
        "type": "Point",
        "coordinates": [
          74.3511,
          31.5277,
          0
        ]
      },
      "properties": {
        "site_uid": "jazz-0463",
        "provider": "Jazz",
        "source_index": 463,
        "site_name_source": "LHR3033",
        "display_name": "LHR3033",
        "city_source": "",
        "geometry_type": "Point",
        "record_kind": "provider_published_5g_site",
        "is_named": true,
        "duplicate_coordinate_group": "",
        "source_dataset": "Jazz official 5G KML point placemarks",
        "source_url": "https://jazz.com.pk/KML_Coverage_map/5G_Active_Sites_with_Overlay.kml",
        "retrieved_at": "2026-08-07",
        "accuracy_note": "Exact coordinate value published in the provider KML; not independently surveyed.",
        "altitude_m": 0
      }
    },
    {
      "type": "Feature",
      "id": "jazz-0464",
      "geometry": {
        "type": "Point",
        "coordinates": [
          74.37653,
          31.54055,
          0
        ]
      },
      "properties": {
        "site_uid": "jazz-0464",
        "provider": "Jazz",
        "source_index": 464,
        "site_name_source": "LHR3184",
        "display_name": "LHR3184",
        "city_source": "",
        "geometry_type": "Point",
        "record_kind": "provider_published_5g_site",
        "is_named": true,
        "duplicate_coordinate_group": "",
        "source_dataset": "Jazz official 5G KML point placemarks",
        "source_url": "https://jazz.com.pk/KML_Coverage_map/5G_Active_Sites_with_Overlay.kml",
        "retrieved_at": "2026-08-07",
        "accuracy_note": "Exact coordinate value published in the provider KML; not independently surveyed.",
        "altitude_m": 0
      }
    },
    {
      "type": "Feature",
      "id": "jazz-0465",
      "geometry": {
        "type": "Point",
        "coordinates": [
          74.34301,
          31.51604,
          0
        ]
      },
      "properties": {
        "site_uid": "jazz-0465",
        "provider": "Jazz",
        "source_index": 465,
        "site_name_source": "LHR3774",
        "display_name": "LHR3774",
        "city_source": "",
        "geometry_type": "Point",
        "record_kind": "provider_published_5g_site",
        "is_named": true,
        "duplicate_coordinate_group": "",
        "source_dataset": "Jazz official 5G KML point placemarks",
        "source_url": "https://jazz.com.pk/KML_Coverage_map/5G_Active_Sites_with_Overlay.kml",
        "retrieved_at": "2026-08-07",
        "accuracy_note": "Exact coordinate value published in the provider KML; not independently surveyed.",
        "altitude_m": 0
      }
    },
    {
      "type": "Feature",
      "id": "jazz-0466",
      "geometry": {
        "type": "Point",
        "coordinates": [
          74.314138,
          31.562345,
          0
        ]
      },
      "properties": {
        "site_uid": "jazz-0466",
        "provider": "Jazz",
        "source_index": 466,
        "site_name_source": "LHR5585",
        "display_name": "LHR5585",
        "city_source": "",
        "geometry_type": "Point",
        "record_kind": "provider_published_5g_site",
        "is_named": true,
        "duplicate_coordinate_group": "",
        "source_dataset": "Jazz official 5G KML point placemarks",
        "source_url": "https://jazz.com.pk/KML_Coverage_map/5G_Active_Sites_with_Overlay.kml",
        "retrieved_at": "2026-08-07",
        "accuracy_note": "Exact coordinate value published in the provider KML; not independently surveyed.",
        "altitude_m": 0
      }
    },
    {
      "type": "Feature",
      "id": "jazz-0467",
      "geometry": {
        "type": "Point",
        "coordinates": [
          74.3302,
          31.54323,
          0
        ]
      },
      "properties": {
        "site_uid": "jazz-0467",
        "provider": "Jazz",
        "source_index": 467,
        "site_name_source": "LHR6029",
        "display_name": "LHR6029",
        "city_source": "",
        "geometry_type": "Point",
        "record_kind": "provider_published_5g_site",
        "is_named": true,
        "duplicate_coordinate_group": "",
        "source_dataset": "Jazz official 5G KML point placemarks",
        "source_url": "https://jazz.com.pk/KML_Coverage_map/5G_Active_Sites_with_Overlay.kml",
        "retrieved_at": "2026-08-07",
        "accuracy_note": "Exact coordinate value published in the provider KML; not independently surveyed.",
        "altitude_m": 0
      }
    },
    {
      "type": "Feature",
      "id": "jazz-0468",
      "geometry": {
        "type": "Point",
        "coordinates": [
          74.36848,
          31.53467,
          0
        ]
      },
      "properties": {
        "site_uid": "jazz-0468",
        "provider": "Jazz",
        "source_index": 468,
        "site_name_source": "LHR6049",
        "display_name": "LHR6049",
        "city_source": "",
        "geometry_type": "Point",
        "record_kind": "provider_published_5g_site",
        "is_named": true,
        "duplicate_coordinate_group": "",
        "source_dataset": "Jazz official 5G KML point placemarks",
        "source_url": "https://jazz.com.pk/KML_Coverage_map/5G_Active_Sites_with_Overlay.kml",
        "retrieved_at": "2026-08-07",
        "accuracy_note": "Exact coordinate value published in the provider KML; not independently surveyed.",
        "altitude_m": 0
      }
    },
    {
      "type": "Feature",
      "id": "jazz-0469",
      "geometry": {
        "type": "Point",
        "coordinates": [
          74.37948,
          31.52261,
          0
        ]
      },
      "properties": {
        "site_uid": "jazz-0469",
        "provider": "Jazz",
        "source_index": 469,
        "site_name_source": "LHR6050",
        "display_name": "LHR6050",
        "city_source": "",
        "geometry_type": "Point",
        "record_kind": "provider_published_5g_site",
        "is_named": true,
        "duplicate_coordinate_group": "",
        "source_dataset": "Jazz official 5G KML point placemarks",
        "source_url": "https://jazz.com.pk/KML_Coverage_map/5G_Active_Sites_with_Overlay.kml",
        "retrieved_at": "2026-08-07",
        "accuracy_note": "Exact coordinate value published in the provider KML; not independently surveyed.",
        "altitude_m": 0
      }
    },
    {
      "type": "Feature",
      "id": "jazz-0470",
      "geometry": {
        "type": "Point",
        "coordinates": [
          74.35785,
          31.50965,
          0
        ]
      },
      "properties": {
        "site_uid": "jazz-0470",
        "provider": "Jazz",
        "source_index": 470,
        "site_name_source": "LHR6061",
        "display_name": "LHR6061",
        "city_source": "",
        "geometry_type": "Point",
        "record_kind": "provider_published_5g_site",
        "is_named": true,
        "duplicate_coordinate_group": "",
        "source_dataset": "Jazz official 5G KML point placemarks",
        "source_url": "https://jazz.com.pk/KML_Coverage_map/5G_Active_Sites_with_Overlay.kml",
        "retrieved_at": "2026-08-07",
        "accuracy_note": "Exact coordinate value published in the provider KML; not independently surveyed.",
        "altitude_m": 0
      }
    },
    {
      "type": "Feature",
      "id": "jazz-0471",
      "geometry": {
        "type": "Point",
        "coordinates": [
          74.267255,
          31.4713,
          0
        ]
      },
      "properties": {
        "site_uid": "jazz-0471",
        "provider": "Jazz",
        "source_index": 471,
        "site_name_source": "LHR6259",
        "display_name": "LHR6259",
        "city_source": "",
        "geometry_type": "Point",
        "record_kind": "provider_published_5g_site",
        "is_named": true,
        "duplicate_coordinate_group": "",
        "source_dataset": "Jazz official 5G KML point placemarks",
        "source_url": "https://jazz.com.pk/KML_Coverage_map/5G_Active_Sites_with_Overlay.kml",
        "retrieved_at": "2026-08-07",
        "accuracy_note": "Exact coordinate value published in the provider KML; not independently surveyed.",
        "altitude_m": 0
      }
    },
    {
      "type": "Feature",
      "id": "jazz-0472",
      "geometry": {
        "type": "Point",
        "coordinates": [
          74.3444,
          31.54349,
          0
        ]
      },
      "properties": {
        "site_uid": "jazz-0472",
        "provider": "Jazz",
        "source_index": 472,
        "site_name_source": "LHR6320",
        "display_name": "LHR6320",
        "city_source": "",
        "geometry_type": "Point",
        "record_kind": "provider_published_5g_site",
        "is_named": true,
        "duplicate_coordinate_group": "",
        "source_dataset": "Jazz official 5G KML point placemarks",
        "source_url": "https://jazz.com.pk/KML_Coverage_map/5G_Active_Sites_with_Overlay.kml",
        "retrieved_at": "2026-08-07",
        "accuracy_note": "Exact coordinate value published in the provider KML; not independently surveyed.",
        "altitude_m": 0
      }
    },
    {
      "type": "Feature",
      "id": "jazz-0473",
      "geometry": {
        "type": "Point",
        "coordinates": [
          74.29937,
          31.48367,
          0
        ]
      },
      "properties": {
        "site_uid": "jazz-0473",
        "provider": "Jazz",
        "source_index": 473,
        "site_name_source": "LHR6888",
        "display_name": "LHR6888",
        "city_source": "",
        "geometry_type": "Point",
        "record_kind": "provider_published_5g_site",
        "is_named": true,
        "duplicate_coordinate_group": "",
        "source_dataset": "Jazz official 5G KML point placemarks",
        "source_url": "https://jazz.com.pk/KML_Coverage_map/5G_Active_Sites_with_Overlay.kml",
        "retrieved_at": "2026-08-07",
        "accuracy_note": "Exact coordinate value published in the provider KML; not independently surveyed.",
        "altitude_m": 0
      }
    },
    {
      "type": "Feature",
      "id": "jazz-0474",
      "geometry": {
        "type": "Point",
        "coordinates": [
          74.31816,
          31.46889,
          0
        ]
      },
      "properties": {
        "site_uid": "jazz-0474",
        "provider": "Jazz",
        "source_index": 474,
        "site_name_source": "LHR8016",
        "display_name": "LHR8016",
        "city_source": "",
        "geometry_type": "Point",
        "record_kind": "provider_published_5g_site",
        "is_named": true,
        "duplicate_coordinate_group": "",
        "source_dataset": "Jazz official 5G KML point placemarks",
        "source_url": "https://jazz.com.pk/KML_Coverage_map/5G_Active_Sites_with_Overlay.kml",
        "retrieved_at": "2026-08-07",
        "accuracy_note": "Exact coordinate value published in the provider KML; not independently surveyed.",
        "altitude_m": 0
      }
    },
    {
      "type": "Feature",
      "id": "jazz-0475",
      "geometry": {
        "type": "Point",
        "coordinates": [
          74.46914,
          31.4736,
          0
        ]
      },
      "properties": {
        "site_uid": "jazz-0475",
        "provider": "Jazz",
        "source_index": 475,
        "site_name_source": "LHR9160",
        "display_name": "LHR9160",
        "city_source": "",
        "geometry_type": "Point",
        "record_kind": "provider_published_5g_site",
        "is_named": true,
        "duplicate_coordinate_group": "",
        "source_dataset": "Jazz official 5G KML point placemarks",
        "source_url": "https://jazz.com.pk/KML_Coverage_map/5G_Active_Sites_with_Overlay.kml",
        "retrieved_at": "2026-08-07",
        "accuracy_note": "Exact coordinate value published in the provider KML; not independently surveyed.",
        "altitude_m": 0
      }
    },
    {
      "type": "Feature",
      "id": "jazz-0476",
      "geometry": {
        "type": "Point",
        "coordinates": [
          74.38197,
          31.47684,
          0
        ]
      },
      "properties": {
        "site_uid": "jazz-0476",
        "provider": "Jazz",
        "source_index": 476,
        "site_name_source": "LHR9526",
        "display_name": "LHR9526",
        "city_source": "",
        "geometry_type": "Point",
        "record_kind": "provider_published_5g_site",
        "is_named": true,
        "duplicate_coordinate_group": "",
        "source_dataset": "Jazz official 5G KML point placemarks",
        "source_url": "https://jazz.com.pk/KML_Coverage_map/5G_Active_Sites_with_Overlay.kml",
        "retrieved_at": "2026-08-07",
        "accuracy_note": "Exact coordinate value published in the provider KML; not independently surveyed.",
        "altitude_m": 0
      }
    },
    {
      "type": "Feature",
      "id": "jazz-0477",
      "geometry": {
        "type": "Point",
        "coordinates": [
          74.32502,
          31.50296,
          0
        ]
      },
      "properties": {
        "site_uid": "jazz-0477",
        "provider": "Jazz",
        "source_index": 477,
        "site_name_source": "LHR9810",
        "display_name": "LHR9810",
        "city_source": "",
        "geometry_type": "Point",
        "record_kind": "provider_published_5g_site",
        "is_named": true,
        "duplicate_coordinate_group": "",
        "source_dataset": "Jazz official 5G KML point placemarks",
        "source_url": "https://jazz.com.pk/KML_Coverage_map/5G_Active_Sites_with_Overlay.kml",
        "retrieved_at": "2026-08-07",
        "accuracy_note": "Exact coordinate value published in the provider KML; not independently surveyed.",
        "altitude_m": 0
      }
    },
    {
      "type": "Feature",
      "id": "jazz-0478",
      "geometry": {
        "type": "Point",
        "coordinates": [
          71.48872,
          30.20833,
          0
        ]
      },
      "properties": {
        "site_uid": "jazz-0478",
        "provider": "Jazz",
        "source_index": 478,
        "site_name_source": "MUL0141",
        "display_name": "MUL0141",
        "city_source": "",
        "geometry_type": "Point",
        "record_kind": "provider_published_5g_site",
        "is_named": true,
        "duplicate_coordinate_group": "",
        "source_dataset": "Jazz official 5G KML point placemarks",
        "source_url": "https://jazz.com.pk/KML_Coverage_map/5G_Active_Sites_with_Overlay.kml",
        "retrieved_at": "2026-08-07",
        "accuracy_note": "Exact coordinate value published in the provider KML; not independently surveyed.",
        "altitude_m": 0
      }
    },
    {
      "type": "Feature",
      "id": "jazz-0479",
      "geometry": {
        "type": "Point",
        "coordinates": [
          71.514,
          30.24139,
          0
        ]
      },
      "properties": {
        "site_uid": "jazz-0479",
        "provider": "Jazz",
        "source_index": 479,
        "site_name_source": "MUL0183",
        "display_name": "MUL0183",
        "city_source": "",
        "geometry_type": "Point",
        "record_kind": "provider_published_5g_site",
        "is_named": true,
        "duplicate_coordinate_group": "",
        "source_dataset": "Jazz official 5G KML point placemarks",
        "source_url": "https://jazz.com.pk/KML_Coverage_map/5G_Active_Sites_with_Overlay.kml",
        "retrieved_at": "2026-08-07",
        "accuracy_note": "Exact coordinate value published in the provider KML; not independently surveyed.",
        "altitude_m": 0
      }
    },
    {
      "type": "Feature",
      "id": "jazz-0480",
      "geometry": {
        "type": "Point",
        "coordinates": [
          71.5131,
          30.2028,
          0
        ]
      },
      "properties": {
        "site_uid": "jazz-0480",
        "provider": "Jazz",
        "source_index": 480,
        "site_name_source": "MUL0408",
        "display_name": "MUL0408",
        "city_source": "",
        "geometry_type": "Point",
        "record_kind": "provider_published_5g_site",
        "is_named": true,
        "duplicate_coordinate_group": "",
        "source_dataset": "Jazz official 5G KML point placemarks",
        "source_url": "https://jazz.com.pk/KML_Coverage_map/5G_Active_Sites_with_Overlay.kml",
        "retrieved_at": "2026-08-07",
        "accuracy_note": "Exact coordinate value published in the provider KML; not independently surveyed.",
        "altitude_m": 0
      }
    },
    {
      "type": "Feature",
      "id": "jazz-0481",
      "geometry": {
        "type": "Point",
        "coordinates": [
          71.4061,
          30.1627,
          0
        ]
      },
      "properties": {
        "site_uid": "jazz-0481",
        "provider": "Jazz",
        "source_index": 481,
        "site_name_source": "MUL0711",
        "display_name": "MUL0711",
        "city_source": "",
        "geometry_type": "Point",
        "record_kind": "provider_published_5g_site",
        "is_named": true,
        "duplicate_coordinate_group": "",
        "source_dataset": "Jazz official 5G KML point placemarks",
        "source_url": "https://jazz.com.pk/KML_Coverage_map/5G_Active_Sites_with_Overlay.kml",
        "retrieved_at": "2026-08-07",
        "accuracy_note": "Exact coordinate value published in the provider KML; not independently surveyed.",
        "altitude_m": 0
      }
    },
    {
      "type": "Feature",
      "id": "jazz-0482",
      "geometry": {
        "type": "Point",
        "coordinates": [
          71.43571,
          30.18784,
          0
        ]
      },
      "properties": {
        "site_uid": "jazz-0482",
        "provider": "Jazz",
        "source_index": 482,
        "site_name_source": "MUL0712",
        "display_name": "MUL0712",
        "city_source": "",
        "geometry_type": "Point",
        "record_kind": "provider_published_5g_site",
        "is_named": true,
        "duplicate_coordinate_group": "",
        "source_dataset": "Jazz official 5G KML point placemarks",
        "source_url": "https://jazz.com.pk/KML_Coverage_map/5G_Active_Sites_with_Overlay.kml",
        "retrieved_at": "2026-08-07",
        "accuracy_note": "Exact coordinate value published in the provider KML; not independently surveyed.",
        "altitude_m": 0
      }
    },
    {
      "type": "Feature",
      "id": "jazz-0483",
      "geometry": {
        "type": "Point",
        "coordinates": [
          71.5352,
          30.2203,
          0
        ]
      },
      "properties": {
        "site_uid": "jazz-0483",
        "provider": "Jazz",
        "source_index": 483,
        "site_name_source": "MUL0713",
        "display_name": "MUL0713",
        "city_source": "",
        "geometry_type": "Point",
        "record_kind": "provider_published_5g_site",
        "is_named": true,
        "duplicate_coordinate_group": "",
        "source_dataset": "Jazz official 5G KML point placemarks",
        "source_url": "https://jazz.com.pk/KML_Coverage_map/5G_Active_Sites_with_Overlay.kml",
        "retrieved_at": "2026-08-07",
        "accuracy_note": "Exact coordinate value published in the provider KML; not independently surveyed.",
        "altitude_m": 0
      }
    },
    {
      "type": "Feature",
      "id": "jazz-0484",
      "geometry": {
        "type": "Point",
        "coordinates": [
          71.525995,
          30.152668,
          0
        ]
      },
      "properties": {
        "site_uid": "jazz-0484",
        "provider": "Jazz",
        "source_index": 484,
        "site_name_source": "MUL1847",
        "display_name": "MUL1847",
        "city_source": "",
        "geometry_type": "Point",
        "record_kind": "provider_published_5g_site",
        "is_named": true,
        "duplicate_coordinate_group": "",
        "source_dataset": "Jazz official 5G KML point placemarks",
        "source_url": "https://jazz.com.pk/KML_Coverage_map/5G_Active_Sites_with_Overlay.kml",
        "retrieved_at": "2026-08-07",
        "accuracy_note": "Exact coordinate value published in the provider KML; not independently surveyed.",
        "altitude_m": 0
      }
    },
    {
      "type": "Feature",
      "id": "jazz-0485",
      "geometry": {
        "type": "Point",
        "coordinates": [
          71.426374,
          30.182007,
          0
        ]
      },
      "properties": {
        "site_uid": "jazz-0485",
        "provider": "Jazz",
        "source_index": 485,
        "site_name_source": "MUL2292",
        "display_name": "MUL2292",
        "city_source": "",
        "geometry_type": "Point",
        "record_kind": "provider_published_5g_site",
        "is_named": true,
        "duplicate_coordinate_group": "",
        "source_dataset": "Jazz official 5G KML point placemarks",
        "source_url": "https://jazz.com.pk/KML_Coverage_map/5G_Active_Sites_with_Overlay.kml",
        "retrieved_at": "2026-08-07",
        "accuracy_note": "Exact coordinate value published in the provider KML; not independently surveyed.",
        "altitude_m": 0
      }
    },
    {
      "type": "Feature",
      "id": "jazz-0486",
      "geometry": {
        "type": "Point",
        "coordinates": [
          71.56515,
          30.24779,
          0
        ]
      },
      "properties": {
        "site_uid": "jazz-0486",
        "provider": "Jazz",
        "source_index": 486,
        "site_name_source": "MUL2452",
        "display_name": "MUL2452",
        "city_source": "",
        "geometry_type": "Point",
        "record_kind": "provider_published_5g_site",
        "is_named": true,
        "duplicate_coordinate_group": "",
        "source_dataset": "Jazz official 5G KML point placemarks",
        "source_url": "https://jazz.com.pk/KML_Coverage_map/5G_Active_Sites_with_Overlay.kml",
        "retrieved_at": "2026-08-07",
        "accuracy_note": "Exact coordinate value published in the provider KML; not independently surveyed.",
        "altitude_m": 0
      }
    },
    {
      "type": "Feature",
      "id": "jazz-0487",
      "geometry": {
        "type": "Point",
        "coordinates": [
          71.38176,
          30.12954,
          0
        ]
      },
      "properties": {
        "site_uid": "jazz-0487",
        "provider": "Jazz",
        "source_index": 487,
        "site_name_source": "MUL2453",
        "display_name": "MUL2453",
        "city_source": "",
        "geometry_type": "Point",
        "record_kind": "provider_published_5g_site",
        "is_named": true,
        "duplicate_coordinate_group": "",
        "source_dataset": "Jazz official 5G KML point placemarks",
        "source_url": "https://jazz.com.pk/KML_Coverage_map/5G_Active_Sites_with_Overlay.kml",
        "retrieved_at": "2026-08-07",
        "accuracy_note": "Exact coordinate value published in the provider KML; not independently surveyed.",
        "altitude_m": 0
      }
    },
    {
      "type": "Feature",
      "id": "jazz-0488",
      "geometry": {
        "type": "Point",
        "coordinates": [
          71.5211,
          30.23261,
          0
        ]
      },
      "properties": {
        "site_uid": "jazz-0488",
        "provider": "Jazz",
        "source_index": 488,
        "site_name_source": "MUL2534",
        "display_name": "MUL2534",
        "city_source": "",
        "geometry_type": "Point",
        "record_kind": "provider_published_5g_site",
        "is_named": true,
        "duplicate_coordinate_group": "",
        "source_dataset": "Jazz official 5G KML point placemarks",
        "source_url": "https://jazz.com.pk/KML_Coverage_map/5G_Active_Sites_with_Overlay.kml",
        "retrieved_at": "2026-08-07",
        "accuracy_note": "Exact coordinate value published in the provider KML; not independently surveyed.",
        "altitude_m": 0
      }
    },
    {
      "type": "Feature",
      "id": "jazz-0489",
      "geometry": {
        "type": "Point",
        "coordinates": [
          71.5156,
          30.191,
          0
        ]
      },
      "properties": {
        "site_uid": "jazz-0489",
        "provider": "Jazz",
        "source_index": 489,
        "site_name_source": "MUL3253",
        "display_name": "MUL3253",
        "city_source": "",
        "geometry_type": "Point",
        "record_kind": "provider_published_5g_site",
        "is_named": true,
        "duplicate_coordinate_group": "",
        "source_dataset": "Jazz official 5G KML point placemarks",
        "source_url": "https://jazz.com.pk/KML_Coverage_map/5G_Active_Sites_with_Overlay.kml",
        "retrieved_at": "2026-08-07",
        "accuracy_note": "Exact coordinate value published in the provider KML; not independently surveyed.",
        "altitude_m": 0
      }
    },
    {
      "type": "Feature",
      "id": "jazz-0490",
      "geometry": {
        "type": "Point",
        "coordinates": [
          71.4691,
          30.2039,
          0
        ]
      },
      "properties": {
        "site_uid": "jazz-0490",
        "provider": "Jazz",
        "source_index": 490,
        "site_name_source": "MUL3381",
        "display_name": "MUL3381",
        "city_source": "",
        "geometry_type": "Point",
        "record_kind": "provider_published_5g_site",
        "is_named": true,
        "duplicate_coordinate_group": "",
        "source_dataset": "Jazz official 5G KML point placemarks",
        "source_url": "https://jazz.com.pk/KML_Coverage_map/5G_Active_Sites_with_Overlay.kml",
        "retrieved_at": "2026-08-07",
        "accuracy_note": "Exact coordinate value published in the provider KML; not independently surveyed.",
        "altitude_m": 0
      }
    },
    {
      "type": "Feature",
      "id": "jazz-0491",
      "geometry": {
        "type": "Point",
        "coordinates": [
          71.44677,
          30.1999,
          0
        ]
      },
      "properties": {
        "site_uid": "jazz-0491",
        "provider": "Jazz",
        "source_index": 491,
        "site_name_source": "MUL3473",
        "display_name": "MUL3473",
        "city_source": "",
        "geometry_type": "Point",
        "record_kind": "provider_published_5g_site",
        "is_named": true,
        "duplicate_coordinate_group": "",
        "source_dataset": "Jazz official 5G KML point placemarks",
        "source_url": "https://jazz.com.pk/KML_Coverage_map/5G_Active_Sites_with_Overlay.kml",
        "retrieved_at": "2026-08-07",
        "accuracy_note": "Exact coordinate value published in the provider KML; not independently surveyed.",
        "altitude_m": 0
      }
    },
    {
      "type": "Feature",
      "id": "jazz-0492",
      "geometry": {
        "type": "Point",
        "coordinates": [
          71.448977,
          30.196907,
          0
        ]
      },
      "properties": {
        "site_uid": "jazz-0492",
        "provider": "Jazz",
        "source_index": 492,
        "site_name_source": "MUL3474",
        "display_name": "MUL3474",
        "city_source": "",
        "geometry_type": "Point",
        "record_kind": "provider_published_5g_site",
        "is_named": true,
        "duplicate_coordinate_group": "",
        "source_dataset": "Jazz official 5G KML point placemarks",
        "source_url": "https://jazz.com.pk/KML_Coverage_map/5G_Active_Sites_with_Overlay.kml",
        "retrieved_at": "2026-08-07",
        "accuracy_note": "Exact coordinate value published in the provider KML; not independently surveyed.",
        "altitude_m": 0
      }
    },
    {
      "type": "Feature",
      "id": "jazz-0493",
      "geometry": {
        "type": "Point",
        "coordinates": [
          71.4755,
          30.2236,
          0
        ]
      },
      "properties": {
        "site_uid": "jazz-0493",
        "provider": "Jazz",
        "source_index": 493,
        "site_name_source": "MUL4618",
        "display_name": "MUL4618",
        "city_source": "",
        "geometry_type": "Point",
        "record_kind": "provider_published_5g_site",
        "is_named": true,
        "duplicate_coordinate_group": "",
        "source_dataset": "Jazz official 5G KML point placemarks",
        "source_url": "https://jazz.com.pk/KML_Coverage_map/5G_Active_Sites_with_Overlay.kml",
        "retrieved_at": "2026-08-07",
        "accuracy_note": "Exact coordinate value published in the provider KML; not independently surveyed.",
        "altitude_m": 0
      }
    },
    {
      "type": "Feature",
      "id": "jazz-0494",
      "geometry": {
        "type": "Point",
        "coordinates": [
          71.463,
          30.20472,
          0
        ]
      },
      "properties": {
        "site_uid": "jazz-0494",
        "provider": "Jazz",
        "source_index": 494,
        "site_name_source": "MUL4932",
        "display_name": "MUL4932",
        "city_source": "",
        "geometry_type": "Point",
        "record_kind": "provider_published_5g_site",
        "is_named": true,
        "duplicate_coordinate_group": "",
        "source_dataset": "Jazz official 5G KML point placemarks",
        "source_url": "https://jazz.com.pk/KML_Coverage_map/5G_Active_Sites_with_Overlay.kml",
        "retrieved_at": "2026-08-07",
        "accuracy_note": "Exact coordinate value published in the provider KML; not independently surveyed.",
        "altitude_m": 0
      }
    },
    {
      "type": "Feature",
      "id": "jazz-0495",
      "geometry": {
        "type": "Point",
        "coordinates": [
          71.50692,
          30.17839,
          0
        ]
      },
      "properties": {
        "site_uid": "jazz-0495",
        "provider": "Jazz",
        "source_index": 495,
        "site_name_source": "MUL7232",
        "display_name": "MUL7232",
        "city_source": "",
        "geometry_type": "Point",
        "record_kind": "provider_published_5g_site",
        "is_named": true,
        "duplicate_coordinate_group": "",
        "source_dataset": "Jazz official 5G KML point placemarks",
        "source_url": "https://jazz.com.pk/KML_Coverage_map/5G_Active_Sites_with_Overlay.kml",
        "retrieved_at": "2026-08-07",
        "accuracy_note": "Exact coordinate value published in the provider KML; not independently surveyed.",
        "altitude_m": 0
      }
    },
    {
      "type": "Feature",
      "id": "jazz-0496",
      "geometry": {
        "type": "Point",
        "coordinates": [
          71.49897,
          30.28294,
          0
        ]
      },
      "properties": {
        "site_uid": "jazz-0496",
        "provider": "Jazz",
        "source_index": 496,
        "site_name_source": "MUL9321",
        "display_name": "MUL9321",
        "city_source": "",
        "geometry_type": "Point",
        "record_kind": "provider_published_5g_site",
        "is_named": true,
        "duplicate_coordinate_group": "",
        "source_dataset": "Jazz official 5G KML point placemarks",
        "source_url": "https://jazz.com.pk/KML_Coverage_map/5G_Active_Sites_with_Overlay.kml",
        "retrieved_at": "2026-08-07",
        "accuracy_note": "Exact coordinate value published in the provider KML; not independently surveyed.",
        "altitude_m": 0
      }
    },
    {
      "type": "Feature",
      "id": "jazz-0497",
      "geometry": {
        "type": "Point",
        "coordinates": [
          71.4969,
          30.245,
          0
        ]
      },
      "properties": {
        "site_uid": "jazz-0497",
        "provider": "Jazz",
        "source_index": 497,
        "site_name_source": "MUL9371",
        "display_name": "MUL9371",
        "city_source": "",
        "geometry_type": "Point",
        "record_kind": "provider_published_5g_site",
        "is_named": true,
        "duplicate_coordinate_group": "",
        "source_dataset": "Jazz official 5G KML point placemarks",
        "source_url": "https://jazz.com.pk/KML_Coverage_map/5G_Active_Sites_with_Overlay.kml",
        "retrieved_at": "2026-08-07",
        "accuracy_note": "Exact coordinate value published in the provider KML; not independently surveyed.",
        "altitude_m": 0
      }
    },
    {
      "type": "Feature",
      "id": "jazz-0498",
      "geometry": {
        "type": "Point",
        "coordinates": [
          71.5338,
          34.0004,
          0
        ]
      },
      "properties": {
        "site_uid": "jazz-0498",
        "provider": "Jazz",
        "source_index": 498,
        "site_name_source": "PSH0073",
        "display_name": "PSH0073",
        "city_source": "",
        "geometry_type": "Point",
        "record_kind": "provider_published_5g_site",
        "is_named": true,
        "duplicate_coordinate_group": "",
        "source_dataset": "Jazz official 5G KML point placemarks",
        "source_url": "https://jazz.com.pk/KML_Coverage_map/5G_Active_Sites_with_Overlay.kml",
        "retrieved_at": "2026-08-07",
        "accuracy_note": "Exact coordinate value published in the provider KML; not independently surveyed.",
        "altitude_m": 0
      }
    },
    {
      "type": "Feature",
      "id": "jazz-0499",
      "geometry": {
        "type": "Point",
        "coordinates": [
          71.5576,
          34.0039,
          0
        ]
      },
      "properties": {
        "site_uid": "jazz-0499",
        "provider": "Jazz",
        "source_index": 499,
        "site_name_source": "PSH0090",
        "display_name": "PSH0090",
        "city_source": "",
        "geometry_type": "Point",
        "record_kind": "provider_published_5g_site",
        "is_named": true,
        "duplicate_coordinate_group": "",
        "source_dataset": "Jazz official 5G KML point placemarks",
        "source_url": "https://jazz.com.pk/KML_Coverage_map/5G_Active_Sites_with_Overlay.kml",
        "retrieved_at": "2026-08-07",
        "accuracy_note": "Exact coordinate value published in the provider KML; not independently surveyed.",
        "altitude_m": 0
      }
    },
    {
      "type": "Feature",
      "id": "jazz-0500",
      "geometry": {
        "type": "Point",
        "coordinates": [
          71.5454,
          34.001,
          0
        ]
      },
      "properties": {
        "site_uid": "jazz-0500",
        "provider": "Jazz",
        "source_index": 500,
        "site_name_source": "PSH1715",
        "display_name": "PSH1715",
        "city_source": "",
        "geometry_type": "Point",
        "record_kind": "provider_published_5g_site",
        "is_named": true,
        "duplicate_coordinate_group": "",
        "source_dataset": "Jazz official 5G KML point placemarks",
        "source_url": "https://jazz.com.pk/KML_Coverage_map/5G_Active_Sites_with_Overlay.kml",
        "retrieved_at": "2026-08-07",
        "accuracy_note": "Exact coordinate value published in the provider KML; not independently surveyed.",
        "altitude_m": 0
      }
    },
    {
      "type": "Feature",
      "id": "jazz-0501",
      "geometry": {
        "type": "Point",
        "coordinates": [
          71.5275,
          33.9896,
          0
        ]
      },
      "properties": {
        "site_uid": "jazz-0501",
        "provider": "Jazz",
        "source_index": 501,
        "site_name_source": "PSH3806",
        "display_name": "PSH3806",
        "city_source": "",
        "geometry_type": "Point",
        "record_kind": "provider_published_5g_site",
        "is_named": true,
        "duplicate_coordinate_group": "",
        "source_dataset": "Jazz official 5G KML point placemarks",
        "source_url": "https://jazz.com.pk/KML_Coverage_map/5G_Active_Sites_with_Overlay.kml",
        "retrieved_at": "2026-08-07",
        "accuracy_note": "Exact coordinate value published in the provider KML; not independently surveyed.",
        "altitude_m": 0
      }
    },
    {
      "type": "Feature",
      "id": "jazz-0502",
      "geometry": {
        "type": "Point",
        "coordinates": [
          71.5386,
          33.9962,
          0
        ]
      },
      "properties": {
        "site_uid": "jazz-0502",
        "provider": "Jazz",
        "source_index": 502,
        "site_name_source": "PSH3812",
        "display_name": "PSH3812",
        "city_source": "",
        "geometry_type": "Point",
        "record_kind": "provider_published_5g_site",
        "is_named": true,
        "duplicate_coordinate_group": "",
        "source_dataset": "Jazz official 5G KML point placemarks",
        "source_url": "https://jazz.com.pk/KML_Coverage_map/5G_Active_Sites_with_Overlay.kml",
        "retrieved_at": "2026-08-07",
        "accuracy_note": "Exact coordinate value published in the provider KML; not independently surveyed.",
        "altitude_m": 0
      }
    },
    {
      "type": "Feature",
      "id": "jazz-0503",
      "geometry": {
        "type": "Point",
        "coordinates": [
          67.0165,
          30.194,
          0
        ]
      },
      "properties": {
        "site_uid": "jazz-0503",
        "provider": "Jazz",
        "source_index": 503,
        "site_name_source": "QTA0305",
        "display_name": "QTA0305",
        "city_source": "",
        "geometry_type": "Point",
        "record_kind": "provider_published_5g_site",
        "is_named": true,
        "duplicate_coordinate_group": "",
        "source_dataset": "Jazz official 5G KML point placemarks",
        "source_url": "https://jazz.com.pk/KML_Coverage_map/5G_Active_Sites_with_Overlay.kml",
        "retrieved_at": "2026-08-07",
        "accuracy_note": "Exact coordinate value published in the provider KML; not independently surveyed.",
        "altitude_m": 0
      }
    },
    {
      "type": "Feature",
      "id": "jazz-0504",
      "geometry": {
        "type": "Point",
        "coordinates": [
          66.95444,
          30.16987,
          0
        ]
      },
      "properties": {
        "site_uid": "jazz-0504",
        "provider": "Jazz",
        "source_index": 504,
        "site_name_source": "QTA1435",
        "display_name": "QTA1435",
        "city_source": "",
        "geometry_type": "Point",
        "record_kind": "provider_published_5g_site",
        "is_named": true,
        "duplicate_coordinate_group": "",
        "source_dataset": "Jazz official 5G KML point placemarks",
        "source_url": "https://jazz.com.pk/KML_Coverage_map/5G_Active_Sites_with_Overlay.kml",
        "retrieved_at": "2026-08-07",
        "accuracy_note": "Exact coordinate value published in the provider KML; not independently surveyed.",
        "altitude_m": 0
      }
    },
    {
      "type": "Feature",
      "id": "jazz-0505",
      "geometry": {
        "type": "Point",
        "coordinates": [
          66.96176,
          30.2582,
          0
        ]
      },
      "properties": {
        "site_uid": "jazz-0505",
        "provider": "Jazz",
        "source_index": 505,
        "site_name_source": "QTA5070",
        "display_name": "QTA5070",
        "city_source": "",
        "geometry_type": "Point",
        "record_kind": "provider_published_5g_site",
        "is_named": true,
        "duplicate_coordinate_group": "",
        "source_dataset": "Jazz official 5G KML point placemarks",
        "source_url": "https://jazz.com.pk/KML_Coverage_map/5G_Active_Sites_with_Overlay.kml",
        "retrieved_at": "2026-08-07",
        "accuracy_note": "Exact coordinate value published in the provider KML; not independently surveyed.",
        "altitude_m": 0
      }
    },
    {
      "type": "Feature",
      "id": "jazz-0506",
      "geometry": {
        "type": "Point",
        "coordinates": [
          67.01503,
          30.20258,
          0
        ]
      },
      "properties": {
        "site_uid": "jazz-0506",
        "provider": "Jazz",
        "source_index": 506,
        "site_name_source": "QTA5791",
        "display_name": "QTA5791",
        "city_source": "",
        "geometry_type": "Point",
        "record_kind": "provider_published_5g_site",
        "is_named": true,
        "duplicate_coordinate_group": "",
        "source_dataset": "Jazz official 5G KML point placemarks",
        "source_url": "https://jazz.com.pk/KML_Coverage_map/5G_Active_Sites_with_Overlay.kml",
        "retrieved_at": "2026-08-07",
        "accuracy_note": "Exact coordinate value published in the provider KML; not independently surveyed.",
        "altitude_m": 0
      }
    },
    {
      "type": "Feature",
      "id": "jazz-0507",
      "geometry": {
        "type": "Point",
        "coordinates": [
          67.02274,
          30.16102,
          0
        ]
      },
      "properties": {
        "site_uid": "jazz-0507",
        "provider": "Jazz",
        "source_index": 507,
        "site_name_source": "QTA6822",
        "display_name": "QTA6822",
        "city_source": "",
        "geometry_type": "Point",
        "record_kind": "provider_published_5g_site",
        "is_named": true,
        "duplicate_coordinate_group": "",
        "source_dataset": "Jazz official 5G KML point placemarks",
        "source_url": "https://jazz.com.pk/KML_Coverage_map/5G_Active_Sites_with_Overlay.kml",
        "retrieved_at": "2026-08-07",
        "accuracy_note": "Exact coordinate value published in the provider KML; not independently surveyed.",
        "altitude_m": 0
      }
    },
    {
      "type": "Feature",
      "id": "jazz-0508",
      "geometry": {
        "type": "Point",
        "coordinates": [
          73.0884,
          33.5862,
          0
        ]
      },
      "properties": {
        "site_uid": "jazz-0508",
        "provider": "Jazz",
        "source_index": 508,
        "site_name_source": "RWP0034",
        "display_name": "RWP0034",
        "city_source": "",
        "geometry_type": "Point",
        "record_kind": "provider_published_5g_site",
        "is_named": true,
        "duplicate_coordinate_group": "",
        "source_dataset": "Jazz official 5G KML point placemarks",
        "source_url": "https://jazz.com.pk/KML_Coverage_map/5G_Active_Sites_with_Overlay.kml",
        "retrieved_at": "2026-08-07",
        "accuracy_note": "Exact coordinate value published in the provider KML; not independently surveyed.",
        "altitude_m": 0
      }
    },
    {
      "type": "Feature",
      "id": "jazz-0509",
      "geometry": {
        "type": "Point",
        "coordinates": [
          73.0554,
          33.5989,
          0
        ]
      },
      "properties": {
        "site_uid": "jazz-0509",
        "provider": "Jazz",
        "source_index": 509,
        "site_name_source": "RWP0796",
        "display_name": "RWP0796",
        "city_source": "",
        "geometry_type": "Point",
        "record_kind": "provider_published_5g_site",
        "is_named": true,
        "duplicate_coordinate_group": "",
        "source_dataset": "Jazz official 5G KML point placemarks",
        "source_url": "https://jazz.com.pk/KML_Coverage_map/5G_Active_Sites_with_Overlay.kml",
        "retrieved_at": "2026-08-07",
        "accuracy_note": "Exact coordinate value published in the provider KML; not independently surveyed.",
        "altitude_m": 0
      }
    },
    {
      "type": "Feature",
      "id": "jazz-0510",
      "geometry": {
        "type": "Point",
        "coordinates": [
          73.0447,
          33.5876,
          0
        ]
      },
      "properties": {
        "site_uid": "jazz-0510",
        "provider": "Jazz",
        "source_index": 510,
        "site_name_source": "RWP1075",
        "display_name": "RWP1075",
        "city_source": "",
        "geometry_type": "Point",
        "record_kind": "provider_published_5g_site",
        "is_named": true,
        "duplicate_coordinate_group": "",
        "source_dataset": "Jazz official 5G KML point placemarks",
        "source_url": "https://jazz.com.pk/KML_Coverage_map/5G_Active_Sites_with_Overlay.kml",
        "retrieved_at": "2026-08-07",
        "accuracy_note": "Exact coordinate value published in the provider KML; not independently surveyed.",
        "altitude_m": 0
      }
    },
    {
      "type": "Feature",
      "id": "jazz-0511",
      "geometry": {
        "type": "Point",
        "coordinates": [
          73.0557,
          33.595,
          0
        ]
      },
      "properties": {
        "site_uid": "jazz-0511",
        "provider": "Jazz",
        "source_index": 511,
        "site_name_source": "RWP1834",
        "display_name": "RWP1834",
        "city_source": "",
        "geometry_type": "Point",
        "record_kind": "provider_published_5g_site",
        "is_named": true,
        "duplicate_coordinate_group": "",
        "source_dataset": "Jazz official 5G KML point placemarks",
        "source_url": "https://jazz.com.pk/KML_Coverage_map/5G_Active_Sites_with_Overlay.kml",
        "retrieved_at": "2026-08-07",
        "accuracy_note": "Exact coordinate value published in the provider KML; not independently surveyed.",
        "altitude_m": 0
      }
    },
    {
      "type": "Feature",
      "id": "jazz-0512",
      "geometry": {
        "type": "Point",
        "coordinates": [
          73.15399,
          31.43037,
          0
        ]
      },
      "properties": {
        "site_uid": "jazz-0512",
        "provider": "Jazz",
        "source_index": 512,
        "site_name_source": "FSD2195",
        "display_name": "FSD2195",
        "city_source": "",
        "geometry_type": "Point",
        "record_kind": "provider_published_5g_site",
        "is_named": true,
        "duplicate_coordinate_group": "",
        "source_dataset": "Jazz official 5G KML point placemarks",
        "source_url": "https://jazz.com.pk/KML_Coverage_map/5G_Active_Sites_with_Overlay.kml",
        "retrieved_at": "2026-08-07",
        "accuracy_note": "Exact coordinate value published in the provider KML; not independently surveyed.",
        "altitude_m": 0
      }
    },
    {
      "type": "Feature",
      "id": "jazz-0513",
      "geometry": {
        "type": "Point",
        "coordinates": [
          73.0392,
          33.7139,
          0
        ]
      },
      "properties": {
        "site_uid": "jazz-0513",
        "provider": "Jazz",
        "source_index": 513,
        "site_name_source": "ISB7017",
        "display_name": "ISB7017",
        "city_source": "",
        "geometry_type": "Point",
        "record_kind": "provider_published_5g_site",
        "is_named": true,
        "duplicate_coordinate_group": "",
        "source_dataset": "Jazz official 5G KML point placemarks",
        "source_url": "https://jazz.com.pk/KML_Coverage_map/5G_Active_Sites_with_Overlay.kml",
        "retrieved_at": "2026-08-07",
        "accuracy_note": "Exact coordinate value published in the provider KML; not independently surveyed.",
        "altitude_m": 0
      }
    },
    {
      "type": "Feature",
      "id": "jazz-0514",
      "geometry": {
        "type": "Point",
        "coordinates": [
          73.0392,
          33.7138,
          0
        ]
      },
      "properties": {
        "site_uid": "jazz-0514",
        "provider": "Jazz",
        "source_index": 514,
        "site_name_source": "ISB7130",
        "display_name": "ISB7130",
        "city_source": "",
        "geometry_type": "Point",
        "record_kind": "provider_published_5g_site",
        "is_named": true,
        "duplicate_coordinate_group": "DUP-002",
        "source_dataset": "Jazz official 5G KML point placemarks",
        "source_url": "https://jazz.com.pk/KML_Coverage_map/5G_Active_Sites_with_Overlay.kml",
        "retrieved_at": "2026-08-07",
        "accuracy_note": "Exact coordinate value published in the provider KML; not independently surveyed.",
        "altitude_m": 0
      }
    },
    {
      "type": "Feature",
      "id": "jazz-0515",
      "geometry": {
        "type": "Point",
        "coordinates": [
          73.022933,
          33.692002,
          0
        ]
      },
      "properties": {
        "site_uid": "jazz-0515",
        "provider": "Jazz",
        "source_index": 515,
        "site_name_source": "ISB7555",
        "display_name": "ISB7555",
        "city_source": "",
        "geometry_type": "Point",
        "record_kind": "provider_published_5g_site",
        "is_named": true,
        "duplicate_coordinate_group": "DUP-001",
        "source_dataset": "Jazz official 5G KML point placemarks",
        "source_url": "https://jazz.com.pk/KML_Coverage_map/5G_Active_Sites_with_Overlay.kml",
        "retrieved_at": "2026-08-07",
        "accuracy_note": "Exact coordinate value published in the provider KML; not independently surveyed.",
        "altitude_m": 0
      }
    },
    {
      "type": "Feature",
      "id": "jazz-0516",
      "geometry": {
        "type": "Point",
        "coordinates": [
          73.0392,
          33.7138,
          0
        ]
      },
      "properties": {
        "site_uid": "jazz-0516",
        "provider": "Jazz",
        "source_index": 516,
        "site_name_source": "ISB7628",
        "display_name": "ISB7628",
        "city_source": "",
        "geometry_type": "Point",
        "record_kind": "provider_published_5g_site",
        "is_named": true,
        "duplicate_coordinate_group": "DUP-002",
        "source_dataset": "Jazz official 5G KML point placemarks",
        "source_url": "https://jazz.com.pk/KML_Coverage_map/5G_Active_Sites_with_Overlay.kml",
        "retrieved_at": "2026-08-07",
        "accuracy_note": "Exact coordinate value published in the provider KML; not independently surveyed.",
        "altitude_m": 0
      }
    },
    {
      "type": "Feature",
      "id": "jazz-0517",
      "geometry": {
        "type": "Point",
        "coordinates": [
          73.0593,
          33.6618,
          0
        ]
      },
      "properties": {
        "site_uid": "jazz-0517",
        "provider": "Jazz",
        "source_index": 517,
        "site_name_source": "ISB7785",
        "display_name": "ISB7785",
        "city_source": "",
        "geometry_type": "Point",
        "record_kind": "provider_published_5g_site",
        "is_named": true,
        "duplicate_coordinate_group": "",
        "source_dataset": "Jazz official 5G KML point placemarks",
        "source_url": "https://jazz.com.pk/KML_Coverage_map/5G_Active_Sites_with_Overlay.kml",
        "retrieved_at": "2026-08-07",
        "accuracy_note": "Exact coordinate value published in the provider KML; not independently surveyed.",
        "altitude_m": 0
      }
    },
    {
      "type": "Feature",
      "id": "jazz-0518",
      "geometry": {
        "type": "Point",
        "coordinates": [
          67.03097,
          24.80137,
          0
        ]
      },
      "properties": {
        "site_uid": "jazz-0518",
        "provider": "Jazz",
        "source_index": 518,
        "site_name_source": "KHI1400",
        "display_name": "KHI1400",
        "city_source": "",
        "geometry_type": "Point",
        "record_kind": "provider_published_5g_site",
        "is_named": true,
        "duplicate_coordinate_group": "",
        "source_dataset": "Jazz official 5G KML point placemarks",
        "source_url": "https://jazz.com.pk/KML_Coverage_map/5G_Active_Sites_with_Overlay.kml",
        "retrieved_at": "2026-08-07",
        "accuracy_note": "Exact coordinate value published in the provider KML; not independently surveyed.",
        "altitude_m": 0
      }
    },
    {
      "type": "Feature",
      "id": "jazz-0519",
      "geometry": {
        "type": "Point",
        "coordinates": [
          74.345724,
          31.534138,
          0
        ]
      },
      "properties": {
        "site_uid": "jazz-0519",
        "provider": "Jazz",
        "source_index": 519,
        "site_name_source": "LHR5067",
        "display_name": "LHR5067",
        "city_source": "",
        "geometry_type": "Point",
        "record_kind": "provider_published_5g_site",
        "is_named": true,
        "duplicate_coordinate_group": "",
        "source_dataset": "Jazz official 5G KML point placemarks",
        "source_url": "https://jazz.com.pk/KML_Coverage_map/5G_Active_Sites_with_Overlay.kml",
        "retrieved_at": "2026-08-07",
        "accuracy_note": "Exact coordinate value published in the provider KML; not independently surveyed.",
        "altitude_m": 0
      }
    },
    {
      "type": "Feature",
      "id": "jazz-0520",
      "geometry": {
        "type": "Point",
        "coordinates": [
          67.01951,
          24.816648,
          0
        ]
      },
      "properties": {
        "site_uid": "jazz-0520",
        "provider": "Jazz",
        "source_index": 520,
        "site_name_source": "KHI7385",
        "display_name": "KHI7385",
        "city_source": "",
        "geometry_type": "Point",
        "record_kind": "provider_published_5g_site",
        "is_named": true,
        "duplicate_coordinate_group": "",
        "source_dataset": "Jazz official 5G KML point placemarks",
        "source_url": "https://jazz.com.pk/KML_Coverage_map/5G_Active_Sites_with_Overlay.kml",
        "retrieved_at": "2026-08-07",
        "accuracy_note": "Exact coordinate value published in the provider KML; not independently surveyed.",
        "altitude_m": 0
      }
    },
    {
      "type": "Feature",
      "id": "jazz-0521",
      "geometry": {
        "type": "Point",
        "coordinates": [
          74.321556,
          31.543861,
          0
        ]
      },
      "properties": {
        "site_uid": "jazz-0521",
        "provider": "Jazz",
        "source_index": 521,
        "site_name_source": "LHR8240",
        "display_name": "LHR8240",
        "city_source": "",
        "geometry_type": "Point",
        "record_kind": "provider_published_5g_site",
        "is_named": true,
        "duplicate_coordinate_group": "",
        "source_dataset": "Jazz official 5G KML point placemarks",
        "source_url": "https://jazz.com.pk/KML_Coverage_map/5G_Active_Sites_with_Overlay.kml",
        "retrieved_at": "2026-08-07",
        "accuracy_note": "Exact coordinate value published in the provider KML; not independently surveyed.",
        "altitude_m": 0
      }
    },
    {
      "type": "Feature",
      "id": "jazz-0522",
      "geometry": {
        "type": "Point",
        "coordinates": [
          71.5098,
          34.0068,
          0
        ]
      },
      "properties": {
        "site_uid": "jazz-0522",
        "provider": "Jazz",
        "source_index": 522,
        "site_name_source": "PSH7956",
        "display_name": "PSH7956",
        "city_source": "",
        "geometry_type": "Point",
        "record_kind": "provider_published_5g_site",
        "is_named": true,
        "duplicate_coordinate_group": "",
        "source_dataset": "Jazz official 5G KML point placemarks",
        "source_url": "https://jazz.com.pk/KML_Coverage_map/5G_Active_Sites_with_Overlay.kml",
        "retrieved_at": "2026-08-07",
        "accuracy_note": "Exact coordinate value published in the provider KML; not independently surveyed.",
        "altitude_m": 0
      }
    },
    {
      "type": "Feature",
      "id": "jazz-0523",
      "geometry": {
        "type": "Point",
        "coordinates": [
          73.0966,
          33.73,
          0
        ]
      },
      "properties": {
        "site_uid": "jazz-0523",
        "provider": "Jazz",
        "source_index": 523,
        "site_name_source": "ISB7906",
        "display_name": "ISB7906",
        "city_source": "",
        "geometry_type": "Point",
        "record_kind": "provider_published_5g_site",
        "is_named": true,
        "duplicate_coordinate_group": "",
        "source_dataset": "Jazz official 5G KML point placemarks",
        "source_url": "https://jazz.com.pk/KML_Coverage_map/5G_Active_Sites_with_Overlay.kml",
        "retrieved_at": "2026-08-07",
        "accuracy_note": "Exact coordinate value published in the provider KML; not independently surveyed.",
        "altitude_m": 0
      }
    },
    {
      "type": "Feature",
      "id": "jazz-0524",
      "geometry": {
        "type": "Point",
        "coordinates": [
          74.326,
          31.4561,
          0
        ]
      },
      "properties": {
        "site_uid": "jazz-0524",
        "provider": "Jazz",
        "source_index": 524,
        "site_name_source": "LHR8246",
        "display_name": "LHR8246",
        "city_source": "",
        "geometry_type": "Point",
        "record_kind": "provider_published_5g_site",
        "is_named": true,
        "duplicate_coordinate_group": "",
        "source_dataset": "Jazz official 5G KML point placemarks",
        "source_url": "https://jazz.com.pk/KML_Coverage_map/5G_Active_Sites_with_Overlay.kml",
        "retrieved_at": "2026-08-07",
        "accuracy_note": "Exact coordinate value published in the provider KML; not independently surveyed.",
        "altitude_m": 0
      }
    },
    {
      "type": "Feature",
      "id": "jazz-0525",
      "geometry": {
        "type": "Point",
        "coordinates": [
          73.1048,
          33.6091,
          0
        ]
      },
      "properties": {
        "site_uid": "jazz-0525",
        "provider": "Jazz",
        "source_index": 525,
        "site_name_source": "RWP7947",
        "display_name": "RWP7947",
        "city_source": "",
        "geometry_type": "Point",
        "record_kind": "provider_published_5g_site",
        "is_named": true,
        "duplicate_coordinate_group": "",
        "source_dataset": "Jazz official 5G KML point placemarks",
        "source_url": "https://jazz.com.pk/KML_Coverage_map/5G_Active_Sites_with_Overlay.kml",
        "retrieved_at": "2026-08-07",
        "accuracy_note": "Exact coordinate value published in the provider KML; not independently surveyed.",
        "altitude_m": 0
      }
    },
    {
      "type": "Feature",
      "id": "jazz-0526",
      "geometry": {
        "type": "Point",
        "coordinates": [
          74.20306,
          31.32848,
          0
        ]
      },
      "properties": {
        "site_uid": "jazz-0526",
        "provider": "Jazz",
        "source_index": 526,
        "site_name_source": "RUR7685",
        "display_name": "RUR7685",
        "city_source": "",
        "geometry_type": "Point",
        "record_kind": "provider_published_5g_site",
        "is_named": true,
        "duplicate_coordinate_group": "",
        "source_dataset": "Jazz official 5G KML point placemarks",
        "source_url": "https://jazz.com.pk/KML_Coverage_map/5G_Active_Sites_with_Overlay.kml",
        "retrieved_at": "2026-08-07",
        "accuracy_note": "Exact coordinate value published in the provider KML; not independently surveyed.",
        "altitude_m": 0
      }
    },
    {
      "type": "Feature",
      "id": "jazz-0527",
      "geometry": {
        "type": "Point",
        "coordinates": [
          74.3513,
          31.5236,
          0
        ]
      },
      "properties": {
        "site_uid": "jazz-0527",
        "provider": "Jazz",
        "source_index": 527,
        "site_name_source": "LHR9684",
        "display_name": "LHR9684",
        "city_source": "",
        "geometry_type": "Point",
        "record_kind": "provider_published_5g_site",
        "is_named": true,
        "duplicate_coordinate_group": "",
        "source_dataset": "Jazz official 5G KML point placemarks",
        "source_url": "https://jazz.com.pk/KML_Coverage_map/5G_Active_Sites_with_Overlay.kml",
        "retrieved_at": "2026-08-07",
        "accuracy_note": "Exact coordinate value published in the provider KML; not independently surveyed.",
        "altitude_m": 0
      }
    },
    {
      "type": "Feature",
      "id": "jazz-0528",
      "geometry": {
        "type": "Point",
        "coordinates": [
          74.18585,
          32.17131,
          0
        ]
      },
      "properties": {
        "site_uid": "jazz-0528",
        "provider": "Jazz",
        "source_index": 528,
        "site_name_source": "GUJ9789",
        "display_name": "GUJ9789",
        "city_source": "",
        "geometry_type": "Point",
        "record_kind": "provider_published_5g_site",
        "is_named": true,
        "duplicate_coordinate_group": "",
        "source_dataset": "Jazz official 5G KML point placemarks",
        "source_url": "https://jazz.com.pk/KML_Coverage_map/5G_Active_Sites_with_Overlay.kml",
        "retrieved_at": "2026-08-07",
        "accuracy_note": "Exact coordinate value published in the provider KML; not independently surveyed.",
        "altitude_m": 0
      }
    },
    {
      "type": "Feature",
      "id": "jazz-0529",
      "geometry": {
        "type": "Point",
        "coordinates": [
          74.34005,
          31.54631,
          0
        ]
      },
      "properties": {
        "site_uid": "jazz-0529",
        "provider": "Jazz",
        "source_index": 529,
        "site_name_source": "LHR0147",
        "display_name": "LHR0147",
        "city_source": "",
        "geometry_type": "Point",
        "record_kind": "provider_published_5g_site",
        "is_named": true,
        "duplicate_coordinate_group": "",
        "source_dataset": "Jazz official 5G KML point placemarks",
        "source_url": "https://jazz.com.pk/KML_Coverage_map/5G_Active_Sites_with_Overlay.kml",
        "retrieved_at": "2026-08-07",
        "accuracy_note": "Exact coordinate value published in the provider KML; not independently surveyed.",
        "altitude_m": 0
      }
    },
    {
      "type": "Feature",
      "id": "jazz-0530",
      "geometry": {
        "type": "Point",
        "coordinates": [
          68.33401,
          25.37795,
          0
        ]
      },
      "properties": {
        "site_uid": "jazz-0530",
        "provider": "Jazz",
        "source_index": 530,
        "site_name_source": "HYD9985",
        "display_name": "HYD9985",
        "city_source": "",
        "geometry_type": "Point",
        "record_kind": "provider_published_5g_site",
        "is_named": true,
        "duplicate_coordinate_group": "",
        "source_dataset": "Jazz official 5G KML point placemarks",
        "source_url": "https://jazz.com.pk/KML_Coverage_map/5G_Active_Sites_with_Overlay.kml",
        "retrieved_at": "2026-08-07",
        "accuracy_note": "Exact coordinate value published in the provider KML; not independently surveyed.",
        "altitude_m": 0
      }
    },
    {
      "type": "Feature",
      "id": "jazz-0531",
      "geometry": {
        "type": "Point",
        "coordinates": [
          73.093673,
          30.670175,
          0
        ]
      },
      "properties": {
        "site_uid": "jazz-0531",
        "provider": "Jazz",
        "source_index": 531,
        "site_name_source": "SHW1548",
        "display_name": "SHW1548",
        "city_source": "",
        "geometry_type": "Point",
        "record_kind": "provider_published_5g_site",
        "is_named": true,
        "duplicate_coordinate_group": "",
        "source_dataset": "Jazz official 5G KML point placemarks",
        "source_url": "https://jazz.com.pk/KML_Coverage_map/5G_Active_Sites_with_Overlay.kml",
        "retrieved_at": "2026-08-07",
        "accuracy_note": "Exact coordinate value published in the provider KML; not independently surveyed.",
        "altitude_m": 0
      }
    },
    {
      "type": "Feature",
      "id": "jazz-0532",
      "geometry": {
        "type": "Point",
        "coordinates": [
          74.33546,
          31.557261,
          0
        ]
      },
      "properties": {
        "site_uid": "jazz-0532",
        "provider": "Jazz",
        "source_index": 532,
        "site_name_source": "LHR8171",
        "display_name": "LHR8171",
        "city_source": "",
        "geometry_type": "Point",
        "record_kind": "provider_published_5g_site",
        "is_named": true,
        "duplicate_coordinate_group": "",
        "source_dataset": "Jazz official 5G KML point placemarks",
        "source_url": "https://jazz.com.pk/KML_Coverage_map/5G_Active_Sites_with_Overlay.kml",
        "retrieved_at": "2026-08-07",
        "accuracy_note": "Exact coordinate value published in the provider KML; not independently surveyed.",
        "altitude_m": 0
      }
    },
    {
      "type": "Feature",
      "id": "jazz-0533",
      "geometry": {
        "type": "Point",
        "coordinates": [
          73.1009,
          33.6067,
          0
        ]
      },
      "properties": {
        "site_uid": "jazz-0533",
        "provider": "Jazz",
        "source_index": 533,
        "site_name_source": "RWP7135",
        "display_name": "RWP7135",
        "city_source": "",
        "geometry_type": "Point",
        "record_kind": "provider_published_5g_site",
        "is_named": true,
        "duplicate_coordinate_group": "",
        "source_dataset": "Jazz official 5G KML point placemarks",
        "source_url": "https://jazz.com.pk/KML_Coverage_map/5G_Active_Sites_with_Overlay.kml",
        "retrieved_at": "2026-08-07",
        "accuracy_note": "Exact coordinate value published in the provider KML; not independently surveyed.",
        "altitude_m": 0
      }
    },
    {
      "type": "Feature",
      "id": "jazz-0534",
      "geometry": {
        "type": "Point",
        "coordinates": [
          67.008389,
          30.200718,
          0
        ]
      },
      "properties": {
        "site_uid": "jazz-0534",
        "provider": "Jazz",
        "source_index": 534,
        "site_name_source": "QTA4405",
        "display_name": "QTA4405",
        "city_source": "",
        "geometry_type": "Point",
        "record_kind": "provider_published_5g_site",
        "is_named": true,
        "duplicate_coordinate_group": "",
        "source_dataset": "Jazz official 5G KML point placemarks",
        "source_url": "https://jazz.com.pk/KML_Coverage_map/5G_Active_Sites_with_Overlay.kml",
        "retrieved_at": "2026-08-07",
        "accuracy_note": "Exact coordinate value published in the provider KML; not independently surveyed.",
        "altitude_m": 0
      }
    },
    {
      "type": "Feature",
      "id": "jazz-0535",
      "geometry": {
        "type": "Point",
        "coordinates": [
          68.84793,
          27.70065,
          0
        ]
      },
      "properties": {
        "site_uid": "jazz-0535",
        "provider": "Jazz",
        "source_index": 535,
        "site_name_source": "SUK6674",
        "display_name": "SUK6674",
        "city_source": "",
        "geometry_type": "Point",
        "record_kind": "provider_published_5g_site",
        "is_named": true,
        "duplicate_coordinate_group": "",
        "source_dataset": "Jazz official 5G KML point placemarks",
        "source_url": "https://jazz.com.pk/KML_Coverage_map/5G_Active_Sites_with_Overlay.kml",
        "retrieved_at": "2026-08-07",
        "accuracy_note": "Exact coordinate value published in the provider KML; not independently surveyed.",
        "altitude_m": 0
      }
    },
    {
      "type": "Feature",
      "id": "jazz-0536",
      "geometry": {
        "type": "Point",
        "coordinates": [
          71.459985,
          30.205972,
          0
        ]
      },
      "properties": {
        "site_uid": "jazz-0536",
        "provider": "Jazz",
        "source_index": 536,
        "site_name_source": "Mul7472",
        "display_name": "Mul7472",
        "city_source": "",
        "geometry_type": "Point",
        "record_kind": "provider_published_5g_site",
        "is_named": true,
        "duplicate_coordinate_group": "",
        "source_dataset": "Jazz official 5G KML point placemarks",
        "source_url": "https://jazz.com.pk/KML_Coverage_map/5G_Active_Sites_with_Overlay.kml",
        "retrieved_at": "2026-08-07",
        "accuracy_note": "Exact coordinate value published in the provider KML; not independently surveyed.",
        "altitude_m": 0
      }
    },
    {
      "type": "Feature",
      "id": "jazz-0537",
      "geometry": {
        "type": "Point",
        "coordinates": [
          70.312466,
          28.423414,
          0
        ]
      },
      "properties": {
        "site_uid": "jazz-0537",
        "provider": "Jazz",
        "source_index": 537,
        "site_name_source": "RYK5153",
        "display_name": "RYK5153",
        "city_source": "",
        "geometry_type": "Point",
        "record_kind": "provider_published_5g_site",
        "is_named": true,
        "duplicate_coordinate_group": "",
        "source_dataset": "Jazz official 5G KML point placemarks",
        "source_url": "https://jazz.com.pk/KML_Coverage_map/5G_Active_Sites_with_Overlay.kml",
        "retrieved_at": "2026-08-07",
        "accuracy_note": "Exact coordinate value published in the provider KML; not independently surveyed.",
        "altitude_m": 0
      }
    },
    {
      "type": "Feature",
      "id": "jazz-0538",
      "geometry": {
        "type": "Point",
        "coordinates": [
          73.10068,
          31.40684,
          0
        ]
      },
      "properties": {
        "site_uid": "jazz-0538",
        "provider": "Jazz",
        "source_index": 538,
        "site_name_source": "FSD3738",
        "display_name": "FSD3738",
        "city_source": "",
        "geometry_type": "Point",
        "record_kind": "provider_published_5g_site",
        "is_named": true,
        "duplicate_coordinate_group": "",
        "source_dataset": "Jazz official 5G KML point placemarks",
        "source_url": "https://jazz.com.pk/KML_Coverage_map/5G_Active_Sites_with_Overlay.kml",
        "retrieved_at": "2026-08-07",
        "accuracy_note": "Exact coordinate value published in the provider KML; not independently surveyed.",
        "altitude_m": 0
      }
    },
    {
      "type": "Feature",
      "id": "zong-0000",
      "geometry": {
        "type": "Point",
        "coordinates": [
          73.09097,
          33.73346
        ]
      },
      "properties": {
        "site_uid": "zong-0000",
        "provider": "Zong",
        "source_index": 0,
        "site_name_source": "Marriot",
        "display_name": "Marriot",
        "city_source": "Islamabad",
        "geometry_type": "Point",
        "record_kind": "provider_published_5g_site",
        "is_named": true,
        "duplicate_coordinate_group": "DUP-003",
        "source_dataset": "Zong official 5G coverage map LOCS array",
        "source_url": "https://www.zong.com.pk/5g-coverage-map",
        "retrieved_at": "2026-08-07",
        "accuracy_note": "Exact coordinate value published in the provider map source; not independently surveyed.",
        "altitude_m": null
      }
    },
    {
      "type": "Feature",
      "id": "zong-0001",
      "geometry": {
        "type": "Point",
        "coordinates": [
          74.3446,
          31.5118
        ]
      },
      "properties": {
        "site_uid": "zong-0001",
        "provider": "Zong",
        "source_index": 1,
        "site_name_source": "Libery Market",
        "display_name": "Libery Market",
        "city_source": "Lahore",
        "geometry_type": "Point",
        "record_kind": "provider_published_5g_site",
        "is_named": true,
        "duplicate_coordinate_group": "",
        "source_dataset": "Zong official 5G coverage map LOCS array",
        "source_url": "https://www.zong.com.pk/5g-coverage-map",
        "retrieved_at": "2026-08-07",
        "accuracy_note": "Exact coordinate value published in the provider map source; not independently surveyed.",
        "altitude_m": null
      }
    },
    {
      "type": "Feature",
      "id": "zong-0002",
      "geometry": {
        "type": "Point",
        "coordinates": [
          73.0784,
          33.7306
        ]
      },
      "properties": {
        "site_uid": "zong-0002",
        "provider": "Zong",
        "source_index": 2,
        "site_name_source": "F-6 Markaz",
        "display_name": "F-6 Markaz",
        "city_source": "Islamabad",
        "geometry_type": "Point",
        "record_kind": "provider_published_5g_site",
        "is_named": true,
        "duplicate_coordinate_group": "",
        "source_dataset": "Zong official 5G coverage map LOCS array",
        "source_url": "https://www.zong.com.pk/5g-coverage-map",
        "retrieved_at": "2026-08-07",
        "accuracy_note": "Exact coordinate value published in the provider map source; not independently surveyed.",
        "altitude_m": null
      }
    },
    {
      "type": "Feature",
      "id": "zong-0003",
      "geometry": {
        "type": "Point",
        "coordinates": [
          73.0561,
          33.7209
        ]
      },
      "properties": {
        "site_uid": "zong-0003",
        "provider": "Zong",
        "source_index": 3,
        "site_name_source": "F-7 Markaz",
        "display_name": "F-7 Markaz",
        "city_source": "Islamabad",
        "geometry_type": "Point",
        "record_kind": "provider_published_5g_site",
        "is_named": true,
        "duplicate_coordinate_group": "",
        "source_dataset": "Zong official 5G coverage map LOCS array",
        "source_url": "https://www.zong.com.pk/5g-coverage-map",
        "retrieved_at": "2026-08-07",
        "accuracy_note": "Exact coordinate value published in the provider map source; not independently surveyed.",
        "altitude_m": null
      }
    },
    {
      "type": "Feature",
      "id": "zong-0004",
      "geometry": {
        "type": "Point",
        "coordinates": [
          73.0551,
          33.5961
        ]
      },
      "properties": {
        "site_uid": "zong-0004",
        "provider": "Zong",
        "source_index": 4,
        "site_name_source": "Monal Murre Road - Cant Board Office",
        "display_name": "Monal Murre Road - Cant Board Office",
        "city_source": "Rawalpindi",
        "geometry_type": "Point",
        "record_kind": "provider_published_5g_site",
        "is_named": true,
        "duplicate_coordinate_group": "",
        "source_dataset": "Zong official 5G coverage map LOCS array",
        "source_url": "https://www.zong.com.pk/5g-coverage-map",
        "retrieved_at": "2026-08-07",
        "accuracy_note": "Exact coordinate value published in the provider map source; not independently surveyed.",
        "altitude_m": null
      }
    },
    {
      "type": "Feature",
      "id": "zong-0005",
      "geometry": {
        "type": "Point",
        "coordinates": [
          73.08484,
          33.72955
        ]
      },
      "properties": {
        "site_uid": "zong-0005",
        "provider": "Zong",
        "source_index": 5,
        "site_name_source": "PTA HQ",
        "display_name": "PTA HQ",
        "city_source": "Islamabad",
        "geometry_type": "Point",
        "record_kind": "provider_published_5g_site",
        "is_named": true,
        "duplicate_coordinate_group": "",
        "source_dataset": "Zong official 5G coverage map LOCS array",
        "source_url": "https://www.zong.com.pk/5g-coverage-map",
        "retrieved_at": "2026-08-07",
        "accuracy_note": "Exact coordinate value published in the provider map source; not independently surveyed.",
        "altitude_m": null
      }
    },
    {
      "type": "Feature",
      "id": "zong-0006",
      "geometry": {
        "type": "Point",
        "coordinates": [
          73.01122,
          33.69671
        ]
      },
      "properties": {
        "site_uid": "zong-0006",
        "provider": "Zong",
        "source_index": 6,
        "site_name_source": "F10 Markaz",
        "display_name": "F10 Markaz",
        "city_source": "Islamabad",
        "geometry_type": "Point",
        "record_kind": "provider_published_5g_site",
        "is_named": true,
        "duplicate_coordinate_group": "",
        "source_dataset": "Zong official 5G coverage map LOCS array",
        "source_url": "https://www.zong.com.pk/5g-coverage-map",
        "retrieved_at": "2026-08-07",
        "accuracy_note": "Exact coordinate value published in the provider map source; not independently surveyed.",
        "altitude_m": null
      }
    },
    {
      "type": "Feature",
      "id": "zong-0007",
      "geometry": {
        "type": "Point",
        "coordinates": [
          67.07378,
          24.90292
        ]
      },
      "properties": {
        "site_uid": "zong-0007",
        "provider": "Zong",
        "source_index": 7,
        "site_name_source": "Civic Center",
        "display_name": "Civic Center",
        "city_source": "Karachi",
        "geometry_type": "Point",
        "record_kind": "provider_published_5g_site",
        "is_named": true,
        "duplicate_coordinate_group": "",
        "source_dataset": "Zong official 5G coverage map LOCS array",
        "source_url": "https://www.zong.com.pk/5g-coverage-map",
        "retrieved_at": "2026-08-07",
        "accuracy_note": "Exact coordinate value published in the provider map source; not independently surveyed.",
        "altitude_m": null
      }
    },
    {
      "type": "Feature",
      "id": "zong-0008",
      "geometry": {
        "type": "Point",
        "coordinates": [
          71.43677,
          30.18489
        ]
      },
      "properties": {
        "site_uid": "zong-0008",
        "provider": "Zong",
        "source_index": 8,
        "site_name_source": "Cantt Market",
        "display_name": "Cantt Market",
        "city_source": "Multan",
        "geometry_type": "Point",
        "record_kind": "provider_published_5g_site",
        "is_named": true,
        "duplicate_coordinate_group": "",
        "source_dataset": "Zong official 5G coverage map LOCS array",
        "source_url": "https://www.zong.com.pk/5g-coverage-map",
        "retrieved_at": "2026-08-07",
        "accuracy_note": "Exact coordinate value published in the provider map source; not independently surveyed.",
        "altitude_m": null
      }
    },
    {
      "type": "Feature",
      "id": "zong-0009",
      "geometry": {
        "type": "Point",
        "coordinates": [
          71.47443,
          30.21422
        ]
      },
      "properties": {
        "site_uid": "zong-0009",
        "provider": "Zong",
        "source_index": 9,
        "site_name_source": "Shah Jahan Grill Multan",
        "display_name": "Shah Jahan Grill Multan",
        "city_source": "Multan",
        "geometry_type": "Point",
        "record_kind": "provider_published_5g_site",
        "is_named": true,
        "duplicate_coordinate_group": "",
        "source_dataset": "Zong official 5G coverage map LOCS array",
        "source_url": "https://www.zong.com.pk/5g-coverage-map",
        "retrieved_at": "2026-08-07",
        "accuracy_note": "Exact coordinate value published in the provider map source; not independently surveyed.",
        "altitude_m": null
      }
    },
    {
      "type": "Feature",
      "id": "zong-0010",
      "geometry": {
        "type": "Point",
        "coordinates": [
          74.3528,
          31.5079
        ]
      },
      "properties": {
        "site_uid": "zong-0010",
        "provider": "Zong",
        "source_index": 10,
        "site_name_source": "MM Alam Road - Village Resturant",
        "display_name": "MM Alam Road - Village Resturant",
        "city_source": "Lahore",
        "geometry_type": "Point",
        "record_kind": "provider_published_5g_site",
        "is_named": true,
        "duplicate_coordinate_group": "",
        "source_dataset": "Zong official 5G coverage map LOCS array",
        "source_url": "https://www.zong.com.pk/5g-coverage-map",
        "retrieved_at": "2026-08-07",
        "accuracy_note": "Exact coordinate value published in the provider map source; not independently surveyed.",
        "altitude_m": null
      }
    },
    {
      "type": "Feature",
      "id": "zong-0011",
      "geometry": {
        "type": "Point",
        "coordinates": [
          73.09097,
          33.73346
        ]
      },
      "properties": {
        "site_uid": "zong-0011",
        "provider": "Zong",
        "source_index": 11,
        "site_name_source": "Marriot",
        "display_name": "Marriot",
        "city_source": "Islamabad",
        "geometry_type": "Point",
        "record_kind": "provider_published_5g_site",
        "is_named": true,
        "duplicate_coordinate_group": "DUP-003",
        "source_dataset": "Zong official 5G coverage map LOCS array",
        "source_url": "https://www.zong.com.pk/5g-coverage-map",
        "retrieved_at": "2026-08-07",
        "accuracy_note": "Exact coordinate value published in the provider map source; not independently surveyed.",
        "altitude_m": null
      }
    },
    {
      "type": "Feature",
      "id": "zong-0012",
      "geometry": {
        "type": "Point",
        "coordinates": [
          73.0659,
          33.7143
        ]
      },
      "properties": {
        "site_uid": "zong-0012",
        "provider": "Zong",
        "source_index": 12,
        "site_name_source": "Islamabad - CSC",
        "display_name": "Islamabad - CSC",
        "city_source": "Islamabad",
        "geometry_type": "Point",
        "record_kind": "provider_published_5g_site",
        "is_named": true,
        "duplicate_coordinate_group": "",
        "source_dataset": "Zong official 5G coverage map LOCS array",
        "source_url": "https://www.zong.com.pk/5g-coverage-map",
        "retrieved_at": "2026-08-07",
        "accuracy_note": "Exact coordinate value published in the provider map source; not independently surveyed.",
        "altitude_m": null
      }
    },
    {
      "type": "Feature",
      "id": "zong-0013",
      "geometry": {
        "type": "Point",
        "coordinates": [
          73.15567,
          33.68772
        ]
      },
      "properties": {
        "site_uid": "zong-0013",
        "provider": "Zong",
        "source_index": 13,
        "site_name_source": "CMPak HQ",
        "display_name": "CMPak HQ",
        "city_source": "Islamabad",
        "geometry_type": "Point",
        "record_kind": "provider_published_5g_site",
        "is_named": true,
        "duplicate_coordinate_group": "",
        "source_dataset": "Zong official 5G coverage map LOCS array",
        "source_url": "https://www.zong.com.pk/5g-coverage-map",
        "retrieved_at": "2026-08-07",
        "accuracy_note": "Exact coordinate value published in the provider map source; not independently surveyed.",
        "altitude_m": null
      }
    },
    {
      "type": "Feature",
      "id": "zong-0014",
      "geometry": {
        "type": "Point",
        "coordinates": [
          68.38103,
          25.36373
        ]
      },
      "properties": {
        "site_uid": "zong-0014",
        "provider": "Zong",
        "source_index": 14,
        "site_name_source": "Bulevard Mall",
        "display_name": "Bulevard Mall",
        "city_source": "Hyderabad",
        "geometry_type": "Point",
        "record_kind": "provider_published_5g_site",
        "is_named": true,
        "duplicate_coordinate_group": "",
        "source_dataset": "Zong official 5G coverage map LOCS array",
        "source_url": "https://www.zong.com.pk/5g-coverage-map",
        "retrieved_at": "2026-08-07",
        "accuracy_note": "Exact coordinate value published in the provider map source; not independently surveyed.",
        "altitude_m": null
      }
    },
    {
      "type": "Feature",
      "id": "zong-0015",
      "geometry": {
        "type": "Point",
        "coordinates": [
          73.0402,
          33.7112
        ]
      },
      "properties": {
        "site_uid": "zong-0015",
        "provider": "Zong",
        "source_index": 15,
        "site_name_source": "F8 Kacheri",
        "display_name": "F8 Kacheri",
        "city_source": "Islamabad",
        "geometry_type": "Point",
        "record_kind": "provider_published_5g_site",
        "is_named": true,
        "duplicate_coordinate_group": "",
        "source_dataset": "Zong official 5G coverage map LOCS array",
        "source_url": "https://www.zong.com.pk/5g-coverage-map",
        "retrieved_at": "2026-08-07",
        "accuracy_note": "Exact coordinate value published in the provider map source; not independently surveyed.",
        "altitude_m": null
      }
    },
    {
      "type": "Feature",
      "id": "zong-0016",
      "geometry": {
        "type": "Point",
        "coordinates": [
          67.02686,
          24.80555
        ]
      },
      "properties": {
        "site_uid": "zong-0016",
        "provider": "Zong",
        "source_index": 16,
        "site_name_source": "Clifton Sea View & Dolmen Mall area",
        "display_name": "Clifton Sea View & Dolmen Mall area",
        "city_source": "Karachi",
        "geometry_type": "Point",
        "record_kind": "provider_published_5g_site",
        "is_named": true,
        "duplicate_coordinate_group": "",
        "source_dataset": "Zong official 5G coverage map LOCS array",
        "source_url": "https://www.zong.com.pk/5g-coverage-map",
        "retrieved_at": "2026-08-07",
        "accuracy_note": "Exact coordinate value published in the provider map source; not independently surveyed.",
        "altitude_m": null
      }
    },
    {
      "type": "Feature",
      "id": "zong-0017",
      "geometry": {
        "type": "Point",
        "coordinates": [
          67.07995,
          24.90602
        ]
      },
      "properties": {
        "site_uid": "zong-0017",
        "provider": "Zong",
        "source_index": 17,
        "site_name_source": "Karachi CSC",
        "display_name": "Karachi CSC",
        "city_source": "Karachi",
        "geometry_type": "Point",
        "record_kind": "provider_published_5g_site",
        "is_named": true,
        "duplicate_coordinate_group": "",
        "source_dataset": "Zong official 5G coverage map LOCS array",
        "source_url": "https://www.zong.com.pk/5g-coverage-map",
        "retrieved_at": "2026-08-07",
        "accuracy_note": "Exact coordinate value published in the provider map source; not independently surveyed.",
        "altitude_m": null
      }
    },
    {
      "type": "Feature",
      "id": "zong-0018",
      "geometry": {
        "type": "Point",
        "coordinates": [
          67.0097,
          30.192
        ]
      },
      "properties": {
        "site_uid": "zong-0018",
        "provider": "Zong",
        "source_index": 18,
        "site_name_source": "CM Secretariat",
        "display_name": "CM Secretariat",
        "city_source": "Quetta",
        "geometry_type": "Point",
        "record_kind": "provider_published_5g_site",
        "is_named": true,
        "duplicate_coordinate_group": "",
        "source_dataset": "Zong official 5G coverage map LOCS array",
        "source_url": "https://www.zong.com.pk/5g-coverage-map",
        "retrieved_at": "2026-08-07",
        "accuracy_note": "Exact coordinate value published in the provider map source; not independently surveyed.",
        "altitude_m": null
      }
    },
    {
      "type": "Feature",
      "id": "zong-0019",
      "geometry": {
        "type": "Point",
        "coordinates": [
          74.3109,
          31.5703
        ]
      },
      "properties": {
        "site_uid": "zong-0019",
        "provider": "Zong",
        "source_index": 19,
        "site_name_source": "Anarkali - Site ID 4000",
        "display_name": "Anarkali - Site ID 4000",
        "city_source": "Lahore",
        "geometry_type": "Point",
        "record_kind": "provider_published_5g_site",
        "is_named": true,
        "duplicate_coordinate_group": "",
        "source_dataset": "Zong official 5G coverage map LOCS array",
        "source_url": "https://www.zong.com.pk/5g-coverage-map",
        "retrieved_at": "2026-08-07",
        "accuracy_note": "Exact coordinate value published in the provider map source; not independently surveyed.",
        "altitude_m": null
      }
    },
    {
      "type": "Feature",
      "id": "zong-0020",
      "geometry": {
        "type": "Point",
        "coordinates": [
          67.02731,
          24.84461
        ]
      },
      "properties": {
        "site_uid": "zong-0020",
        "provider": "Zong",
        "source_index": 20,
        "site_name_source": "CM House",
        "display_name": "CM House",
        "city_source": "Karachi",
        "geometry_type": "Point",
        "record_kind": "provider_published_5g_site",
        "is_named": true,
        "duplicate_coordinate_group": "",
        "source_dataset": "Zong official 5G coverage map LOCS array",
        "source_url": "https://www.zong.com.pk/5g-coverage-map",
        "retrieved_at": "2026-08-07",
        "accuracy_note": "Exact coordinate value published in the provider map source; not independently surveyed.",
        "altitude_m": null
      }
    },
    {
      "type": "Feature",
      "id": "zong-0021",
      "geometry": {
        "type": "Point",
        "coordinates": [
          73.1302,
          33.5488
        ]
      },
      "properties": {
        "site_uid": "zong-0021",
        "provider": "Zong",
        "source_index": 21,
        "site_name_source": "Bahria Town Phase 4 Civic Center",
        "display_name": "Bahria Town Phase 4 Civic Center",
        "city_source": "Rawalpindi",
        "geometry_type": "Point",
        "record_kind": "provider_published_5g_site",
        "is_named": true,
        "duplicate_coordinate_group": "",
        "source_dataset": "Zong official 5G coverage map LOCS array",
        "source_url": "https://www.zong.com.pk/5g-coverage-map",
        "retrieved_at": "2026-08-07",
        "accuracy_note": "Exact coordinate value published in the provider map source; not independently surveyed.",
        "altitude_m": null
      }
    },
    {
      "type": "Feature",
      "id": "zong-0022",
      "geometry": {
        "type": "Point",
        "coordinates": [
          73.0509,
          33.59629
        ]
      },
      "properties": {
        "site_uid": "zong-0022",
        "provider": "Zong",
        "source_index": 22,
        "site_name_source": "Saddar Bombeat",
        "display_name": "Saddar Bombeat",
        "city_source": "Rawalpindi",
        "geometry_type": "Point",
        "record_kind": "provider_published_5g_site",
        "is_named": true,
        "duplicate_coordinate_group": "",
        "source_dataset": "Zong official 5G coverage map LOCS array",
        "source_url": "https://www.zong.com.pk/5g-coverage-map",
        "retrieved_at": "2026-08-07",
        "accuracy_note": "Exact coordinate value published in the provider map source; not independently surveyed.",
        "altitude_m": null
      }
    },
    {
      "type": "Feature",
      "id": "zong-0023",
      "geometry": {
        "type": "Point",
        "coordinates": [
          71.50984,
          30.20105
        ]
      },
      "properties": {
        "site_uid": "zong-0023",
        "provider": "Zong",
        "source_index": 23,
        "site_name_source": "Gulshan Market",
        "display_name": "Gulshan Market",
        "city_source": "Multan",
        "geometry_type": "Point",
        "record_kind": "provider_published_5g_site",
        "is_named": true,
        "duplicate_coordinate_group": "",
        "source_dataset": "Zong official 5G coverage map LOCS array",
        "source_url": "https://www.zong.com.pk/5g-coverage-map",
        "retrieved_at": "2026-08-07",
        "accuracy_note": "Exact coordinate value published in the provider map source; not independently surveyed.",
        "altitude_m": null
      }
    },
    {
      "type": "Feature",
      "id": "zong-0024",
      "geometry": {
        "type": "Point",
        "coordinates": [
          73.06242,
          33.71237
        ]
      },
      "properties": {
        "site_uid": "zong-0024",
        "provider": "Zong",
        "source_index": 24,
        "site_name_source": "Savour Foods",
        "display_name": "Savour Foods",
        "city_source": "Islamabad",
        "geometry_type": "Point",
        "record_kind": "provider_published_5g_site",
        "is_named": true,
        "duplicate_coordinate_group": "",
        "source_dataset": "Zong official 5G coverage map LOCS array",
        "source_url": "https://www.zong.com.pk/5g-coverage-map",
        "retrieved_at": "2026-08-07",
        "accuracy_note": "Exact coordinate value published in the provider map source; not independently surveyed.",
        "altitude_m": null
      }
    },
    {
      "type": "Feature",
      "id": "zong-0025",
      "geometry": {
        "type": "Point",
        "coordinates": [
          73.07121,
          33.63866
        ]
      },
      "properties": {
        "site_uid": "zong-0025",
        "provider": "Zong",
        "source_index": 25,
        "site_name_source": "Sattelite Town Commercial Al jannat Mall",
        "display_name": "Sattelite Town Commercial Al jannat Mall",
        "city_source": "Rawalpindi",
        "geometry_type": "Point",
        "record_kind": "provider_published_5g_site",
        "is_named": true,
        "duplicate_coordinate_group": "",
        "source_dataset": "Zong official 5G coverage map LOCS array",
        "source_url": "https://www.zong.com.pk/5g-coverage-map",
        "retrieved_at": "2026-08-07",
        "accuracy_note": "Exact coordinate value published in the provider map source; not independently surveyed.",
        "altitude_m": null
      }
    },
    {
      "type": "Feature",
      "id": "zong-0026",
      "geometry": {
        "type": "Point",
        "coordinates": [
          73.0763,
          33.66866
        ]
      },
      "properties": {
        "site_uid": "zong-0026",
        "provider": "Zong",
        "source_index": 26,
        "site_name_source": "I8 Markaz",
        "display_name": "I8 Markaz",
        "city_source": "Islamabad",
        "geometry_type": "Point",
        "record_kind": "provider_published_5g_site",
        "is_named": true,
        "duplicate_coordinate_group": "",
        "source_dataset": "Zong official 5G coverage map LOCS array",
        "source_url": "https://www.zong.com.pk/5g-coverage-map",
        "retrieved_at": "2026-08-07",
        "accuracy_note": "Exact coordinate value published in the provider map source; not independently surveyed.",
        "altitude_m": null
      }
    },
    {
      "type": "Feature",
      "id": "zong-0027",
      "geometry": {
        "type": "Point",
        "coordinates": [
          74.3454,
          31.5078
        ]
      },
      "properties": {
        "site_uid": "zong-0027",
        "provider": "Zong",
        "source_index": 27,
        "site_name_source": "Liberty Round About",
        "display_name": "Liberty Round About",
        "city_source": "Lahore",
        "geometry_type": "Point",
        "record_kind": "provider_published_5g_site",
        "is_named": true,
        "duplicate_coordinate_group": "",
        "source_dataset": "Zong official 5G coverage map LOCS array",
        "source_url": "https://www.zong.com.pk/5g-coverage-map",
        "retrieved_at": "2026-08-07",
        "accuracy_note": "Exact coordinate value published in the provider map source; not independently surveyed.",
        "altitude_m": null
      }
    },
    {
      "type": "Feature",
      "id": "zong-0028",
      "geometry": {
        "type": "Point",
        "coordinates": [
          73.07152,
          33.63539
        ]
      },
      "properties": {
        "site_uid": "zong-0028",
        "provider": "Zong",
        "source_index": 28,
        "site_name_source": "Scheme 3 Commercial Market",
        "display_name": "Scheme 3 Commercial Market",
        "city_source": "Rawalpindi",
        "geometry_type": "Point",
        "record_kind": "provider_published_5g_site",
        "is_named": true,
        "duplicate_coordinate_group": "",
        "source_dataset": "Zong official 5G coverage map LOCS array",
        "source_url": "https://www.zong.com.pk/5g-coverage-map",
        "retrieved_at": "2026-08-07",
        "accuracy_note": "Exact coordinate value published in the provider map source; not independently surveyed.",
        "altitude_m": null
      }
    },
    {
      "type": "Feature",
      "id": "zong-0029",
      "geometry": {
        "type": "Point",
        "coordinates": [
          73.1452,
          33.57096
        ]
      },
      "properties": {
        "site_uid": "zong-0029",
        "provider": "Zong",
        "source_index": 29,
        "site_name_source": "PWD Market - Tandoori - Tehzeeb",
        "display_name": "PWD Market - Tandoori - Tehzeeb",
        "city_source": "Islamabad",
        "geometry_type": "Point",
        "record_kind": "provider_published_5g_site",
        "is_named": true,
        "duplicate_coordinate_group": "",
        "source_dataset": "Zong official 5G coverage map LOCS array",
        "source_url": "https://www.zong.com.pk/5g-coverage-map",
        "retrieved_at": "2026-08-07",
        "accuracy_note": "Exact coordinate value published in the provider map source; not independently surveyed.",
        "altitude_m": null
      }
    },
    {
      "type": "Feature",
      "id": "zong-0030",
      "geometry": {
        "type": "Point",
        "coordinates": [
          73.0302,
          33.69241
        ]
      },
      "properties": {
        "site_uid": "zong-0030",
        "provider": "Zong",
        "source_index": 30,
        "site_name_source": "New Blue Area - Near Jazz Office",
        "display_name": "New Blue Area - Near Jazz Office",
        "city_source": "Islamabad",
        "geometry_type": "Point",
        "record_kind": "provider_published_5g_site",
        "is_named": true,
        "duplicate_coordinate_group": "",
        "source_dataset": "Zong official 5G coverage map LOCS array",
        "source_url": "https://www.zong.com.pk/5g-coverage-map",
        "retrieved_at": "2026-08-07",
        "accuracy_note": "Exact coordinate value published in the provider map source; not independently surveyed.",
        "altitude_m": null
      }
    },
    {
      "type": "Feature",
      "id": "zong-0031",
      "geometry": {
        "type": "Point",
        "coordinates": [
          74.32197,
          31.49929
        ]
      },
      "properties": {
        "site_uid": "zong-0031",
        "provider": "Zong",
        "source_index": 31,
        "site_name_source": "Barkat Market",
        "display_name": "Barkat Market",
        "city_source": "Lahore",
        "geometry_type": "Point",
        "record_kind": "provider_published_5g_site",
        "is_named": true,
        "duplicate_coordinate_group": "",
        "source_dataset": "Zong official 5G coverage map LOCS array",
        "source_url": "https://www.zong.com.pk/5g-coverage-map",
        "retrieved_at": "2026-08-07",
        "accuracy_note": "Exact coordinate value published in the provider map source; not independently surveyed.",
        "altitude_m": null
      }
    },
    {
      "type": "Feature",
      "id": "zong-0032",
      "geometry": {
        "type": "Point",
        "coordinates": [
          73.2384,
          34.19142
        ]
      },
      "properties": {
        "site_uid": "zong-0032",
        "provider": "Zong",
        "source_index": 32,
        "site_name_source": "Jadoon Plaza",
        "display_name": "Jadoon Plaza",
        "city_source": "Abbottabad",
        "geometry_type": "Point",
        "record_kind": "provider_published_5g_site",
        "is_named": true,
        "duplicate_coordinate_group": "",
        "source_dataset": "Zong official 5G coverage map LOCS array",
        "source_url": "https://www.zong.com.pk/5g-coverage-map",
        "retrieved_at": "2026-08-07",
        "accuracy_note": "Exact coordinate value published in the provider map source; not independently surveyed.",
        "altitude_m": null
      }
    },
    {
      "type": "Feature",
      "id": "zong-0033",
      "geometry": {
        "type": "Point",
        "coordinates": [
          73.07297,
          33.65092
        ]
      },
      "properties": {
        "site_uid": "zong-0033",
        "provider": "Zong",
        "source_index": 33,
        "site_name_source": "Stadium - Food Street",
        "display_name": "Stadium - Food Street",
        "city_source": "Rawalpindi",
        "geometry_type": "Point",
        "record_kind": "provider_published_5g_site",
        "is_named": true,
        "duplicate_coordinate_group": "",
        "source_dataset": "Zong official 5G coverage map LOCS array",
        "source_url": "https://www.zong.com.pk/5g-coverage-map",
        "retrieved_at": "2026-08-07",
        "accuracy_note": "Exact coordinate value published in the provider map source; not independently surveyed.",
        "altitude_m": null
      }
    },
    {
      "type": "Feature",
      "id": "zong-0034",
      "geometry": {
        "type": "Point",
        "coordinates": [
          74.3955,
          31.4833
        ]
      },
      "properties": {
        "site_uid": "zong-0034",
        "provider": "Zong",
        "source_index": 34,
        "site_name_source": "H Block DHA Market",
        "display_name": "H Block DHA Market",
        "city_source": "Lahore",
        "geometry_type": "Point",
        "record_kind": "provider_published_5g_site",
        "is_named": true,
        "duplicate_coordinate_group": "",
        "source_dataset": "Zong official 5G coverage map LOCS array",
        "source_url": "https://www.zong.com.pk/5g-coverage-map",
        "retrieved_at": "2026-08-07",
        "accuracy_note": "Exact coordinate value published in the provider map source; not independently surveyed.",
        "altitude_m": null
      }
    },
    {
      "type": "Feature",
      "id": "zong-0035",
      "geometry": {
        "type": "Point",
        "coordinates": [
          74.3685,
          31.5345
        ]
      },
      "properties": {
        "site_uid": "zong-0035",
        "provider": "Zong",
        "source_index": 35,
        "site_name_source": "Fortress Stadium",
        "display_name": "Fortress Stadium",
        "city_source": "Lahore",
        "geometry_type": "Point",
        "record_kind": "provider_published_5g_site",
        "is_named": true,
        "duplicate_coordinate_group": "",
        "source_dataset": "Zong official 5G coverage map LOCS array",
        "source_url": "https://www.zong.com.pk/5g-coverage-map",
        "retrieved_at": "2026-08-07",
        "accuracy_note": "Exact coordinate value published in the provider map source; not independently surveyed.",
        "altitude_m": null
      }
    },
    {
      "type": "Feature",
      "id": "zong-0036",
      "geometry": {
        "type": "Point",
        "coordinates": [
          71.48609,
          30.24719
        ]
      },
      "properties": {
        "site_uid": "zong-0036",
        "provider": "Zong",
        "source_index": 36,
        "site_name_source": "Mall of Multan",
        "display_name": "Mall of Multan",
        "city_source": "Multan",
        "geometry_type": "Point",
        "record_kind": "provider_published_5g_site",
        "is_named": true,
        "duplicate_coordinate_group": "",
        "source_dataset": "Zong official 5G coverage map LOCS array",
        "source_url": "https://www.zong.com.pk/5g-coverage-map",
        "retrieved_at": "2026-08-07",
        "accuracy_note": "Exact coordinate value published in the provider map source; not independently surveyed.",
        "altitude_m": null
      }
    },
    {
      "type": "Feature",
      "id": "zong-0037",
      "geometry": {
        "type": "Point",
        "coordinates": [
          71.45968,
          30.20721
        ]
      },
      "properties": {
        "site_uid": "zong-0037",
        "provider": "Zong",
        "source_index": 37,
        "site_name_source": "Commissioner Office",
        "display_name": "Commissioner Office",
        "city_source": "Multan",
        "geometry_type": "Point",
        "record_kind": "provider_published_5g_site",
        "is_named": true,
        "duplicate_coordinate_group": "",
        "source_dataset": "Zong official 5G coverage map LOCS array",
        "source_url": "https://www.zong.com.pk/5g-coverage-map",
        "retrieved_at": "2026-08-07",
        "accuracy_note": "Exact coordinate value published in the provider map source; not independently surveyed.",
        "altitude_m": null
      }
    },
    {
      "type": "Feature",
      "id": "zong-0038",
      "geometry": {
        "type": "Point",
        "coordinates": [
          74.3205,
          31.4784
        ]
      },
      "properties": {
        "site_uid": "zong-0038",
        "provider": "Zong",
        "source_index": 38,
        "site_name_source": "Model Town",
        "display_name": "Model Town",
        "city_source": "Lahore",
        "geometry_type": "Point",
        "record_kind": "provider_published_5g_site",
        "is_named": true,
        "duplicate_coordinate_group": "",
        "source_dataset": "Zong official 5G coverage map LOCS array",
        "source_url": "https://www.zong.com.pk/5g-coverage-map",
        "retrieved_at": "2026-08-07",
        "accuracy_note": "Exact coordinate value published in the provider map source; not independently surveyed.",
        "altitude_m": null
      }
    },
    {
      "type": "Feature",
      "id": "zong-0039",
      "geometry": {
        "type": "Point",
        "coordinates": [
          73.06704,
          33.61435
        ]
      },
      "properties": {
        "site_uid": "zong-0039",
        "provider": "Zong",
        "source_index": 39,
        "site_name_source": "Commetie Chowk",
        "display_name": "Commetie Chowk",
        "city_source": "Rawalpindi",
        "geometry_type": "Point",
        "record_kind": "provider_published_5g_site",
        "is_named": true,
        "duplicate_coordinate_group": "",
        "source_dataset": "Zong official 5G coverage map LOCS array",
        "source_url": "https://www.zong.com.pk/5g-coverage-map",
        "retrieved_at": "2026-08-07",
        "accuracy_note": "Exact coordinate value published in the provider map source; not independently surveyed.",
        "altitude_m": null
      }
    },
    {
      "type": "Feature",
      "id": "zong-0040",
      "geometry": {
        "type": "Point",
        "coordinates": [
          73.099,
          33.7181
        ]
      },
      "properties": {
        "site_uid": "zong-0040",
        "provider": "Zong",
        "source_index": 40,
        "site_name_source": "Serena",
        "display_name": "Serena",
        "city_source": "Islamabad",
        "geometry_type": "Point",
        "record_kind": "provider_published_5g_site",
        "is_named": true,
        "duplicate_coordinate_group": "",
        "source_dataset": "Zong official 5G coverage map LOCS array",
        "source_url": "https://www.zong.com.pk/5g-coverage-map",
        "retrieved_at": "2026-08-07",
        "accuracy_note": "Exact coordinate value published in the provider map source; not independently surveyed.",
        "altitude_m": null
      }
    },
    {
      "type": "Feature",
      "id": "zong-0041",
      "geometry": {
        "type": "Point",
        "coordinates": [
          73.05554,
          33.70898
        ]
      },
      "properties": {
        "site_uid": "zong-0041",
        "provider": "Zong",
        "source_index": 41,
        "site_name_source": "D-Watson/Nadra Office",
        "display_name": "D-Watson/Nadra Office",
        "city_source": "Islamabad",
        "geometry_type": "Point",
        "record_kind": "provider_published_5g_site",
        "is_named": true,
        "duplicate_coordinate_group": "",
        "source_dataset": "Zong official 5G coverage map LOCS array",
        "source_url": "https://www.zong.com.pk/5g-coverage-map",
        "retrieved_at": "2026-08-07",
        "accuracy_note": "Exact coordinate value published in the provider map source; not independently surveyed.",
        "altitude_m": null
      }
    },
    {
      "type": "Feature",
      "id": "zong-0042",
      "geometry": {
        "type": "Point",
        "coordinates": [
          74.3371,
          31.5517
        ]
      },
      "properties": {
        "site_uid": "zong-0042",
        "provider": "Zong",
        "source_index": 42,
        "site_name_source": "PC Lahore",
        "display_name": "PC Lahore",
        "city_source": "Lahore",
        "geometry_type": "Point",
        "record_kind": "provider_published_5g_site",
        "is_named": true,
        "duplicate_coordinate_group": "",
        "source_dataset": "Zong official 5G coverage map LOCS array",
        "source_url": "https://www.zong.com.pk/5g-coverage-map",
        "retrieved_at": "2026-08-07",
        "accuracy_note": "Exact coordinate value published in the provider map source; not independently surveyed.",
        "altitude_m": null
      }
    },
    {
      "type": "Feature",
      "id": "zong-0043",
      "geometry": {
        "type": "Point",
        "coordinates": [
          74.3197,
          31.5642
        ]
      },
      "properties": {
        "site_uid": "zong-0043",
        "provider": "Zong",
        "source_index": 43,
        "site_name_source": "Lahore CSC",
        "display_name": "Lahore CSC",
        "city_source": "Lahore",
        "geometry_type": "Point",
        "record_kind": "provider_published_5g_site",
        "is_named": true,
        "duplicate_coordinate_group": "",
        "source_dataset": "Zong official 5G coverage map LOCS array",
        "source_url": "https://www.zong.com.pk/5g-coverage-map",
        "retrieved_at": "2026-08-07",
        "accuracy_note": "Exact coordinate value published in the provider map source; not independently surveyed.",
        "altitude_m": null
      }
    },
    {
      "type": "Feature",
      "id": "zong-0044",
      "geometry": {
        "type": "Point",
        "coordinates": [
          73.0796,
          33.59422
        ]
      },
      "properties": {
        "site_uid": "zong-0044",
        "provider": "Zong",
        "source_index": 44,
        "site_name_source": "Chaklala Garison",
        "display_name": "Chaklala Garison",
        "city_source": "Rawalpindi",
        "geometry_type": "Point",
        "record_kind": "provider_published_5g_site",
        "is_named": true,
        "duplicate_coordinate_group": "",
        "source_dataset": "Zong official 5G coverage map LOCS array",
        "source_url": "https://www.zong.com.pk/5g-coverage-map",
        "retrieved_at": "2026-08-07",
        "accuracy_note": "Exact coordinate value published in the provider map source; not independently surveyed.",
        "altitude_m": null
      }
    },
    {
      "type": "Feature",
      "id": "zong-0045",
      "geometry": {
        "type": "Point",
        "coordinates": [
          74.46166,
          31.475765
        ]
      },
      "properties": {
        "site_uid": "zong-0045",
        "provider": "Zong",
        "source_index": 45,
        "site_name_source": "DHA Raiha Food Hub",
        "display_name": "DHA Raiha Food Hub",
        "city_source": "Lahore",
        "geometry_type": "Point",
        "record_kind": "provider_published_5g_site",
        "is_named": true,
        "duplicate_coordinate_group": "",
        "source_dataset": "Zong official 5G coverage map LOCS array",
        "source_url": "https://www.zong.com.pk/5g-coverage-map",
        "retrieved_at": "2026-08-07",
        "accuracy_note": "Exact coordinate value published in the provider map source; not independently surveyed.",
        "altitude_m": null
      }
    },
    {
      "type": "Feature",
      "id": "zong-0046",
      "geometry": {
        "type": "Point",
        "coordinates": [
          67.02164,
          24.81609
        ]
      },
      "properties": {
        "site_uid": "zong-0046",
        "provider": "Zong",
        "source_index": 46,
        "site_name_source": "Bilawal Chowrangi",
        "display_name": "Bilawal Chowrangi",
        "city_source": "Karachi",
        "geometry_type": "Point",
        "record_kind": "provider_published_5g_site",
        "is_named": true,
        "duplicate_coordinate_group": "",
        "source_dataset": "Zong official 5G coverage map LOCS array",
        "source_url": "https://www.zong.com.pk/5g-coverage-map",
        "retrieved_at": "2026-08-07",
        "accuracy_note": "Exact coordinate value published in the provider map source; not independently surveyed.",
        "altitude_m": null
      }
    },
    {
      "type": "Feature",
      "id": "zong-0047",
      "geometry": {
        "type": "Point",
        "coordinates": [
          74.441,
          31.468
        ]
      },
      "properties": {
        "site_uid": "zong-0047",
        "provider": "Zong",
        "source_index": 47,
        "site_name_source": "Dolmen Mall",
        "display_name": "Dolmen Mall",
        "city_source": "Lahore",
        "geometry_type": "Point",
        "record_kind": "provider_published_5g_site",
        "is_named": true,
        "duplicate_coordinate_group": "",
        "source_dataset": "Zong official 5G coverage map LOCS array",
        "source_url": "https://www.zong.com.pk/5g-coverage-map",
        "retrieved_at": "2026-08-07",
        "accuracy_note": "Exact coordinate value published in the provider map source; not independently surveyed.",
        "altitude_m": null
      }
    },
    {
      "type": "Feature",
      "id": "zong-0048",
      "geometry": {
        "type": "Point",
        "coordinates": [
          73.01479,
          33.69414
        ]
      },
      "properties": {
        "site_uid": "zong-0048",
        "provider": "Zong",
        "source_index": 48,
        "site_name_source": "F9 - Mcdonalds",
        "display_name": "F9 - Mcdonalds",
        "city_source": "Islamabad",
        "geometry_type": "Point",
        "record_kind": "provider_published_5g_site",
        "is_named": true,
        "duplicate_coordinate_group": "",
        "source_dataset": "Zong official 5G coverage map LOCS array",
        "source_url": "https://www.zong.com.pk/5g-coverage-map",
        "retrieved_at": "2026-08-07",
        "accuracy_note": "Exact coordinate value published in the provider map source; not independently surveyed.",
        "altitude_m": null
      }
    },
    {
      "type": "Feature",
      "id": "zong-0049",
      "geometry": {
        "type": "Point",
        "coordinates": [
          73.21326,
          34.14042
        ]
      },
      "properties": {
        "site_uid": "zong-0049",
        "provider": "Zong",
        "source_index": 49,
        "site_name_source": "Fawara Chowk",
        "display_name": "Fawara Chowk",
        "city_source": "Abbottabad",
        "geometry_type": "Point",
        "record_kind": "provider_published_5g_site",
        "is_named": true,
        "duplicate_coordinate_group": "",
        "source_dataset": "Zong official 5G coverage map LOCS array",
        "source_url": "https://www.zong.com.pk/5g-coverage-map",
        "retrieved_at": "2026-08-07",
        "accuracy_note": "Exact coordinate value published in the provider map source; not independently surveyed.",
        "altitude_m": null
      }
    },
    {
      "type": "Feature",
      "id": "zong-0050",
      "geometry": {
        "type": "Point",
        "coordinates": [
          73.0478,
          33.7277
        ]
      },
      "properties": {
        "site_uid": "zong-0050",
        "provider": "Zong",
        "source_index": 50,
        "site_name_source": "E7 Markaz",
        "display_name": "E7 Markaz",
        "city_source": "Islamabad",
        "geometry_type": "Point",
        "record_kind": "provider_published_5g_site",
        "is_named": true,
        "duplicate_coordinate_group": "",
        "source_dataset": "Zong official 5G coverage map LOCS array",
        "source_url": "https://www.zong.com.pk/5g-coverage-map",
        "retrieved_at": "2026-08-07",
        "accuracy_note": "Exact coordinate value published in the provider map source; not independently surveyed.",
        "altitude_m": null
      }
    },
    {
      "type": "Feature",
      "id": "zong-0051",
      "geometry": {
        "type": "Point",
        "coordinates": [
          67.02584,
          24.85575
        ]
      },
      "properties": {
        "site_uid": "zong-0051",
        "provider": "Zong",
        "source_index": 51,
        "site_name_source": "Zainab Market",
        "display_name": "Zainab Market",
        "city_source": "Karachi",
        "geometry_type": "Point",
        "record_kind": "provider_published_5g_site",
        "is_named": true,
        "duplicate_coordinate_group": "",
        "source_dataset": "Zong official 5G coverage map LOCS array",
        "source_url": "https://www.zong.com.pk/5g-coverage-map",
        "retrieved_at": "2026-08-07",
        "accuracy_note": "Exact coordinate value published in the provider map source; not independently surveyed.",
        "altitude_m": null
      }
    },
    {
      "type": "Feature",
      "id": "zong-0052",
      "geometry": {
        "type": "Point",
        "coordinates": [
          67.07767,
          24.89722
        ]
      },
      "properties": {
        "site_uid": "zong-0052",
        "provider": "Zong",
        "source_index": 52,
        "site_name_source": "Agha Khan Hospital",
        "display_name": "Agha Khan Hospital",
        "city_source": "Karachi",
        "geometry_type": "Point",
        "record_kind": "provider_published_5g_site",
        "is_named": true,
        "duplicate_coordinate_group": "",
        "source_dataset": "Zong official 5G coverage map LOCS array",
        "source_url": "https://www.zong.com.pk/5g-coverage-map",
        "retrieved_at": "2026-08-07",
        "accuracy_note": "Exact coordinate value published in the provider map source; not independently surveyed.",
        "altitude_m": null
      }
    },
    {
      "type": "Feature",
      "id": "zong-0053",
      "geometry": {
        "type": "Point",
        "coordinates": [
          67.11562,
          24.93837
        ]
      },
      "properties": {
        "site_uid": "zong-0053",
        "provider": "Zong",
        "source_index": 53,
        "site_name_source": "IBA Karachi",
        "display_name": "IBA Karachi",
        "city_source": "Karachi",
        "geometry_type": "Point",
        "record_kind": "provider_published_5g_site",
        "is_named": true,
        "duplicate_coordinate_group": "",
        "source_dataset": "Zong official 5G coverage map LOCS array",
        "source_url": "https://www.zong.com.pk/5g-coverage-map",
        "retrieved_at": "2026-08-07",
        "accuracy_note": "Exact coordinate value published in the provider map source; not independently surveyed.",
        "altitude_m": null
      }
    },
    {
      "type": "Feature",
      "id": "zong-0054",
      "geometry": {
        "type": "Point",
        "coordinates": [
          67.02947,
          24.84987
        ]
      },
      "properties": {
        "site_uid": "zong-0054",
        "provider": "Zong",
        "source_index": 54,
        "site_name_source": "Governor House",
        "display_name": "Governor House",
        "city_source": "Karachi",
        "geometry_type": "Point",
        "record_kind": "provider_published_5g_site",
        "is_named": true,
        "duplicate_coordinate_group": "",
        "source_dataset": "Zong official 5G coverage map LOCS array",
        "source_url": "https://www.zong.com.pk/5g-coverage-map",
        "retrieved_at": "2026-08-07",
        "accuracy_note": "Exact coordinate value published in the provider map source; not independently surveyed.",
        "altitude_m": null
      }
    },
    {
      "type": "Feature",
      "id": "zong-0055",
      "geometry": {
        "type": "Point",
        "coordinates": [
          67.03582,
          24.81572
        ]
      },
      "properties": {
        "site_uid": "zong-0055",
        "provider": "Zong",
        "source_index": 55,
        "site_name_source": "Teen Talwar",
        "display_name": "Teen Talwar",
        "city_source": "Karachi",
        "geometry_type": "Point",
        "record_kind": "provider_published_5g_site",
        "is_named": true,
        "duplicate_coordinate_group": "",
        "source_dataset": "Zong official 5G coverage map LOCS array",
        "source_url": "https://www.zong.com.pk/5g-coverage-map",
        "retrieved_at": "2026-08-07",
        "accuracy_note": "Exact coordinate value published in the provider map source; not independently surveyed.",
        "altitude_m": null
      }
    },
    {
      "type": "Feature",
      "id": "zong-0056",
      "geometry": {
        "type": "Point",
        "coordinates": [
          67.01697,
          24.85579
        ]
      },
      "properties": {
        "site_uid": "zong-0056",
        "provider": "Zong",
        "source_index": 56,
        "site_name_source": "Burns Road",
        "display_name": "Burns Road",
        "city_source": "Karachi",
        "geometry_type": "Point",
        "record_kind": "provider_published_5g_site",
        "is_named": true,
        "duplicate_coordinate_group": "",
        "source_dataset": "Zong official 5G coverage map LOCS array",
        "source_url": "https://www.zong.com.pk/5g-coverage-map",
        "retrieved_at": "2026-08-07",
        "accuracy_note": "Exact coordinate value published in the provider map source; not independently surveyed.",
        "altitude_m": null
      }
    },
    {
      "type": "Feature",
      "id": "zong-0057",
      "geometry": {
        "type": "Point",
        "coordinates": [
          72.9986,
          33.6692
        ]
      },
      "properties": {
        "site_uid": "zong-0057",
        "provider": "Zong",
        "source_index": 57,
        "site_name_source": "G11 Markaz",
        "display_name": "G11 Markaz",
        "city_source": "Islamabad",
        "geometry_type": "Point",
        "record_kind": "provider_published_5g_site",
        "is_named": true,
        "duplicate_coordinate_group": "",
        "source_dataset": "Zong official 5G coverage map LOCS array",
        "source_url": "https://www.zong.com.pk/5g-coverage-map",
        "retrieved_at": "2026-08-07",
        "accuracy_note": "Exact coordinate value published in the provider map source; not independently surveyed.",
        "altitude_m": null
      }
    },
    {
      "type": "Feature",
      "id": "zong-0058",
      "geometry": {
        "type": "Point",
        "coordinates": [
          68.37086,
          25.38966
        ]
      },
      "properties": {
        "site_uid": "zong-0058",
        "provider": "Zong",
        "source_index": 58,
        "site_name_source": "Shahi Bazzar",
        "display_name": "Shahi Bazzar",
        "city_source": "Hyderabad",
        "geometry_type": "Point",
        "record_kind": "provider_published_5g_site",
        "is_named": true,
        "duplicate_coordinate_group": "",
        "source_dataset": "Zong official 5G coverage map LOCS array",
        "source_url": "https://www.zong.com.pk/5g-coverage-map",
        "retrieved_at": "2026-08-07",
        "accuracy_note": "Exact coordinate value published in the provider map source; not independently surveyed.",
        "altitude_m": null
      }
    },
    {
      "type": "Feature",
      "id": "zong-0059",
      "geometry": {
        "type": "Point",
        "coordinates": [
          67.01861,
          30.19772
        ]
      },
      "properties": {
        "site_uid": "zong-0059",
        "provider": "Zong",
        "source_index": 59,
        "site_name_source": "Millennium Mall",
        "display_name": "Millennium Mall",
        "city_source": "Quetta",
        "geometry_type": "Point",
        "record_kind": "provider_published_5g_site",
        "is_named": true,
        "duplicate_coordinate_group": "",
        "source_dataset": "Zong official 5G coverage map LOCS array",
        "source_url": "https://www.zong.com.pk/5g-coverage-map",
        "retrieved_at": "2026-08-07",
        "accuracy_note": "Exact coordinate value published in the provider map source; not independently surveyed.",
        "altitude_m": null
      }
    },
    {
      "type": "Feature",
      "id": "zong-0060",
      "geometry": {
        "type": "Point",
        "coordinates": [
          73.72781,
          32.94215
        ]
      },
      "properties": {
        "site_uid": "zong-0060",
        "provider": "Zong",
        "source_index": 60,
        "site_name_source": "Dist Court",
        "display_name": "Dist Court",
        "city_source": "Jhelum",
        "geometry_type": "Point",
        "record_kind": "provider_published_5g_site",
        "is_named": true,
        "duplicate_coordinate_group": "",
        "source_dataset": "Zong official 5G coverage map LOCS array",
        "source_url": "https://www.zong.com.pk/5g-coverage-map",
        "retrieved_at": "2026-08-07",
        "accuracy_note": "Exact coordinate value published in the provider map source; not independently surveyed.",
        "altitude_m": null
      }
    },
    {
      "type": "Feature",
      "id": "zong-0061",
      "geometry": {
        "type": "Point",
        "coordinates": [
          67.04274,
          24.85422
        ]
      },
      "properties": {
        "site_uid": "zong-0061",
        "provider": "Zong",
        "source_index": 61,
        "site_name_source": "Karachi",
        "display_name": "Karachi",
        "city_source": "Karachi",
        "geometry_type": "Point",
        "record_kind": "provider_published_5g_site",
        "is_named": true,
        "duplicate_coordinate_group": "",
        "source_dataset": "Zong official 5G coverage map LOCS array",
        "source_url": "https://www.zong.com.pk/5g-coverage-map",
        "retrieved_at": "2026-08-07",
        "accuracy_note": "Exact coordinate value published in the provider map source; not independently surveyed.",
        "altitude_m": null
      }
    },
    {
      "type": "Feature",
      "id": "zong-0062",
      "geometry": {
        "type": "Point",
        "coordinates": [
          74.3237,
          31.559
        ]
      },
      "properties": {
        "site_uid": "zong-0062",
        "provider": "Zong",
        "source_index": 62,
        "site_name_source": "Lahore",
        "display_name": "Lahore",
        "city_source": "Lahore",
        "geometry_type": "Point",
        "record_kind": "provider_published_5g_site",
        "is_named": true,
        "duplicate_coordinate_group": "",
        "source_dataset": "Zong official 5G coverage map LOCS array",
        "source_url": "https://www.zong.com.pk/5g-coverage-map",
        "retrieved_at": "2026-08-07",
        "accuracy_note": "Exact coordinate value published in the provider map source; not independently surveyed.",
        "altitude_m": null
      }
    },
    {
      "type": "Feature",
      "id": "zong-0063",
      "geometry": {
        "type": "Point",
        "coordinates": [
          72.35549,
          33.77013
        ]
      },
      "properties": {
        "site_uid": "zong-0063",
        "provider": "Zong",
        "source_index": 63,
        "site_name_source": "Fawara Chowk",
        "display_name": "Fawara Chowk",
        "city_source": "Attock",
        "geometry_type": "Point",
        "record_kind": "provider_published_5g_site",
        "is_named": true,
        "duplicate_coordinate_group": "",
        "source_dataset": "Zong official 5G coverage map LOCS array",
        "source_url": "https://www.zong.com.pk/5g-coverage-map",
        "retrieved_at": "2026-08-07",
        "accuracy_note": "Exact coordinate value published in the provider map source; not independently surveyed.",
        "altitude_m": null
      }
    },
    {
      "type": "Feature",
      "id": "zong-0064",
      "geometry": {
        "type": "Point",
        "coordinates": [
          73.21121,
          34.14697
        ]
      },
      "properties": {
        "site_uid": "zong-0064",
        "provider": "Zong",
        "source_index": 64,
        "site_name_source": "Abbotabad Club",
        "display_name": "Abbotabad Club",
        "city_source": "Abbottabad",
        "geometry_type": "Point",
        "record_kind": "provider_published_5g_site",
        "is_named": true,
        "duplicate_coordinate_group": "",
        "source_dataset": "Zong official 5G coverage map LOCS array",
        "source_url": "https://www.zong.com.pk/5g-coverage-map",
        "retrieved_at": "2026-08-07",
        "accuracy_note": "Exact coordinate value published in the provider map source; not independently surveyed.",
        "altitude_m": null
      }
    },
    {
      "type": "Feature",
      "id": "zong-0065",
      "geometry": {
        "type": "Point",
        "coordinates": [
          73.0325,
          33.6877
        ]
      },
      "properties": {
        "site_uid": "zong-0065",
        "provider": "Zong",
        "source_index": 65,
        "site_name_source": "Karachi Company",
        "display_name": "Karachi Company",
        "city_source": "Islamabad",
        "geometry_type": "Point",
        "record_kind": "provider_published_5g_site",
        "is_named": true,
        "duplicate_coordinate_group": "",
        "source_dataset": "Zong official 5G coverage map LOCS array",
        "source_url": "https://www.zong.com.pk/5g-coverage-map",
        "retrieved_at": "2026-08-07",
        "accuracy_note": "Exact coordinate value published in the provider map source; not independently surveyed.",
        "altitude_m": null
      }
    },
    {
      "type": "Feature",
      "id": "zong-0066",
      "geometry": {
        "type": "Point",
        "coordinates": [
          67.00392,
          30.18732
        ]
      },
      "properties": {
        "site_uid": "zong-0066",
        "provider": "Zong",
        "source_index": 66,
        "site_name_source": "Zarghoon Road - BMC",
        "display_name": "Zarghoon Road - BMC",
        "city_source": "Quetta",
        "geometry_type": "Point",
        "record_kind": "provider_published_5g_site",
        "is_named": true,
        "duplicate_coordinate_group": "",
        "source_dataset": "Zong official 5G coverage map LOCS array",
        "source_url": "https://www.zong.com.pk/5g-coverage-map",
        "retrieved_at": "2026-08-07",
        "accuracy_note": "Exact coordinate value published in the provider map source; not independently surveyed.",
        "altitude_m": null
      }
    },
    {
      "type": "Feature",
      "id": "zong-0067",
      "geometry": {
        "type": "Point",
        "coordinates": [
          74.37846,
          31.52929
        ]
      },
      "properties": {
        "site_uid": "zong-0067",
        "provider": "Zong",
        "source_index": 67,
        "site_name_source": "Mall of Lahore",
        "display_name": "Mall of Lahore",
        "city_source": "Lahore",
        "geometry_type": "Point",
        "record_kind": "provider_published_5g_site",
        "is_named": true,
        "duplicate_coordinate_group": "",
        "source_dataset": "Zong official 5G coverage map LOCS array",
        "source_url": "https://www.zong.com.pk/5g-coverage-map",
        "retrieved_at": "2026-08-07",
        "accuracy_note": "Exact coordinate value published in the provider map source; not independently surveyed.",
        "altitude_m": null
      }
    },
    {
      "type": "Feature",
      "id": "zong-0068",
      "geometry": {
        "type": "Point",
        "coordinates": [
          73.05653,
          33.58856
        ]
      },
      "properties": {
        "site_uid": "zong-0068",
        "provider": "Zong",
        "source_index": 68,
        "site_name_source": "GHQ - PC Hotel",
        "display_name": "GHQ - PC Hotel",
        "city_source": "Rawalpindi",
        "geometry_type": "Point",
        "record_kind": "provider_published_5g_site",
        "is_named": true,
        "duplicate_coordinate_group": "",
        "source_dataset": "Zong official 5G coverage map LOCS array",
        "source_url": "https://www.zong.com.pk/5g-coverage-map",
        "retrieved_at": "2026-08-07",
        "accuracy_note": "Exact coordinate value published in the provider map source; not independently surveyed.",
        "altitude_m": null
      }
    },
    {
      "type": "Feature",
      "id": "zong-0069",
      "geometry": {
        "type": "Point",
        "coordinates": [
          73.1002,
          33.494133
        ]
      },
      "properties": {
        "site_uid": "zong-0069",
        "provider": "Zong",
        "source_index": 69,
        "site_name_source": "Bahria Town 7 Commercial -Food Hub",
        "display_name": "Bahria Town 7 Commercial -Food Hub",
        "city_source": "Rawalpindi",
        "geometry_type": "Point",
        "record_kind": "provider_published_5g_site",
        "is_named": true,
        "duplicate_coordinate_group": "",
        "source_dataset": "Zong official 5G coverage map LOCS array",
        "source_url": "https://www.zong.com.pk/5g-coverage-map",
        "retrieved_at": "2026-08-07",
        "accuracy_note": "Exact coordinate value published in the provider map source; not independently surveyed.",
        "altitude_m": null
      }
    },
    {
      "type": "Feature",
      "id": "zong-0070",
      "geometry": {
        "type": "Point",
        "coordinates": [
          72.9889,
          33.6822
        ]
      },
      "properties": {
        "site_uid": "zong-0070",
        "provider": "Zong",
        "source_index": 70,
        "site_name_source": "F11 Markaz",
        "display_name": "F11 Markaz",
        "city_source": "Islamabad",
        "geometry_type": "Point",
        "record_kind": "provider_published_5g_site",
        "is_named": true,
        "duplicate_coordinate_group": "",
        "source_dataset": "Zong official 5G coverage map LOCS array",
        "source_url": "https://www.zong.com.pk/5g-coverage-map",
        "retrieved_at": "2026-08-07",
        "accuracy_note": "Exact coordinate value published in the provider map source; not independently surveyed.",
        "altitude_m": null
      }
    },
    {
      "type": "Feature",
      "id": "zong-0071",
      "geometry": {
        "type": "Point",
        "coordinates": [
          72.97145,
          33.69828
        ]
      },
      "properties": {
        "site_uid": "zong-0071",
        "provider": "Zong",
        "source_index": 71,
        "site_name_source": "E11 Markaz",
        "display_name": "E11 Markaz",
        "city_source": "Islamabad",
        "geometry_type": "Point",
        "record_kind": "provider_published_5g_site",
        "is_named": true,
        "duplicate_coordinate_group": "",
        "source_dataset": "Zong official 5G coverage map LOCS array",
        "source_url": "https://www.zong.com.pk/5g-coverage-map",
        "retrieved_at": "2026-08-07",
        "accuracy_note": "Exact coordinate value published in the provider map source; not independently surveyed.",
        "altitude_m": null
      }
    },
    {
      "type": "Feature",
      "id": "zong-0072",
      "geometry": {
        "type": "Point",
        "coordinates": [
          73.16201,
          33.530815
        ]
      },
      "properties": {
        "site_uid": "zong-0072",
        "provider": "Zong",
        "source_index": 72,
        "site_name_source": "DHA Phase 2 Central Park",
        "display_name": "DHA Phase 2 Central Park",
        "city_source": "Islamabad",
        "geometry_type": "Point",
        "record_kind": "provider_published_5g_site",
        "is_named": true,
        "duplicate_coordinate_group": "",
        "source_dataset": "Zong official 5G coverage map LOCS array",
        "source_url": "https://www.zong.com.pk/5g-coverage-map",
        "retrieved_at": "2026-08-07",
        "accuracy_note": "Exact coordinate value published in the provider map source; not independently surveyed.",
        "altitude_m": null
      }
    },
    {
      "type": "Feature",
      "id": "zong-0073",
      "geometry": {
        "type": "Point",
        "coordinates": [
          67.0147,
          30.19112
        ]
      },
      "properties": {
        "site_uid": "zong-0073",
        "provider": "Zong",
        "source_index": 73,
        "site_name_source": "Liaquat Bazar",
        "display_name": "Liaquat Bazar",
        "city_source": "Quetta",
        "geometry_type": "Point",
        "record_kind": "provider_published_5g_site",
        "is_named": true,
        "duplicate_coordinate_group": "",
        "source_dataset": "Zong official 5G coverage map LOCS array",
        "source_url": "https://www.zong.com.pk/5g-coverage-map",
        "retrieved_at": "2026-08-07",
        "accuracy_note": "Exact coordinate value published in the provider map source; not independently surveyed.",
        "altitude_m": null
      }
    },
    {
      "type": "Feature",
      "id": "zong-0074",
      "geometry": {
        "type": "Point",
        "coordinates": [
          67.02163,
          24.8539
        ]
      },
      "properties": {
        "site_uid": "zong-0074",
        "provider": "Zong",
        "source_index": 74,
        "site_name_source": "Sindh Assembly",
        "display_name": "Sindh Assembly",
        "city_source": "Karachi",
        "geometry_type": "Point",
        "record_kind": "provider_published_5g_site",
        "is_named": true,
        "duplicate_coordinate_group": "",
        "source_dataset": "Zong official 5G coverage map LOCS array",
        "source_url": "https://www.zong.com.pk/5g-coverage-map",
        "retrieved_at": "2026-08-07",
        "accuracy_note": "Exact coordinate value published in the provider map source; not independently surveyed.",
        "altitude_m": null
      }
    },
    {
      "type": "Feature",
      "id": "zong-0075",
      "geometry": {
        "type": "Point",
        "coordinates": [
          74.2695,
          31.4764
        ]
      },
      "properties": {
        "site_uid": "zong-0075",
        "provider": "Zong",
        "source_index": 75,
        "site_name_source": "Punjab Univesity",
        "display_name": "Punjab Univesity",
        "city_source": "Lahore",
        "geometry_type": "Point",
        "record_kind": "provider_published_5g_site",
        "is_named": true,
        "duplicate_coordinate_group": "",
        "source_dataset": "Zong official 5G coverage map LOCS array",
        "source_url": "https://www.zong.com.pk/5g-coverage-map",
        "retrieved_at": "2026-08-07",
        "accuracy_note": "Exact coordinate value published in the provider map source; not independently surveyed.",
        "altitude_m": null
      }
    },
    {
      "type": "Feature",
      "id": "zong-0076",
      "geometry": {
        "type": "Point",
        "coordinates": [
          66.99303,
          24.84397
        ]
      },
      "properties": {
        "site_uid": "zong-0076",
        "provider": "Zong",
        "source_index": 76,
        "site_name_source": "Port Grand",
        "display_name": "Port Grand",
        "city_source": "Karachi",
        "geometry_type": "Point",
        "record_kind": "provider_published_5g_site",
        "is_named": true,
        "duplicate_coordinate_group": "",
        "source_dataset": "Zong official 5G coverage map LOCS array",
        "source_url": "https://www.zong.com.pk/5g-coverage-map",
        "retrieved_at": "2026-08-07",
        "accuracy_note": "Exact coordinate value published in the provider map source; not independently surveyed.",
        "altitude_m": null
      }
    },
    {
      "type": "Feature",
      "id": "zong-0077",
      "geometry": {
        "type": "Point",
        "coordinates": [
          71.4796,
          30.22773
        ]
      },
      "properties": {
        "site_uid": "zong-0077",
        "provider": "Zong",
        "source_index": 77,
        "site_name_source": "Multan",
        "display_name": "Multan",
        "city_source": "Multan",
        "geometry_type": "Point",
        "record_kind": "provider_published_5g_site",
        "is_named": true,
        "duplicate_coordinate_group": "",
        "source_dataset": "Zong official 5G coverage map LOCS array",
        "source_url": "https://www.zong.com.pk/5g-coverage-map",
        "retrieved_at": "2026-08-07",
        "accuracy_note": "Exact coordinate value published in the provider map source; not independently surveyed.",
        "altitude_m": null
      }
    },
    {
      "type": "Feature",
      "id": "zong-0078",
      "geometry": {
        "type": "Point",
        "coordinates": [
          71.46705,
          30.19588
        ]
      },
      "properties": {
        "site_uid": "zong-0078",
        "provider": "Zong",
        "source_index": 78,
        "site_name_source": "Multan",
        "display_name": "Multan",
        "city_source": "Multan",
        "geometry_type": "Point",
        "record_kind": "provider_published_5g_site",
        "is_named": true,
        "duplicate_coordinate_group": "",
        "source_dataset": "Zong official 5G coverage map LOCS array",
        "source_url": "https://www.zong.com.pk/5g-coverage-map",
        "retrieved_at": "2026-08-07",
        "accuracy_note": "Exact coordinate value published in the provider map source; not independently surveyed.",
        "altitude_m": null
      }
    },
    {
      "type": "Feature",
      "id": "zong-0079",
      "geometry": {
        "type": "Point",
        "coordinates": [
          67.01003,
          30.20049
        ]
      },
      "properties": {
        "site_uid": "zong-0079",
        "provider": "Zong",
        "source_index": 79,
        "site_name_source": "High Court",
        "display_name": "High Court",
        "city_source": "Quetta",
        "geometry_type": "Point",
        "record_kind": "provider_published_5g_site",
        "is_named": true,
        "duplicate_coordinate_group": "",
        "source_dataset": "Zong official 5G coverage map LOCS array",
        "source_url": "https://www.zong.com.pk/5g-coverage-map",
        "retrieved_at": "2026-08-07",
        "accuracy_note": "Exact coordinate value published in the provider map source; not independently surveyed.",
        "altitude_m": null
      }
    },
    {
      "type": "Feature",
      "id": "zong-0080",
      "geometry": {
        "type": "Point",
        "coordinates": [
          67.00504,
          30.20513
        ]
      },
      "properties": {
        "site_uid": "zong-0080",
        "provider": "Zong",
        "source_index": 80,
        "site_name_source": "Balochistan Assembly",
        "display_name": "Balochistan Assembly",
        "city_source": "Quetta",
        "geometry_type": "Point",
        "record_kind": "provider_published_5g_site",
        "is_named": true,
        "duplicate_coordinate_group": "",
        "source_dataset": "Zong official 5G coverage map LOCS array",
        "source_url": "https://www.zong.com.pk/5g-coverage-map",
        "retrieved_at": "2026-08-07",
        "accuracy_note": "Exact coordinate value published in the provider map source; not independently surveyed.",
        "altitude_m": null
      }
    },
    {
      "type": "Feature",
      "id": "zong-0081",
      "geometry": {
        "type": "Point",
        "coordinates": [
          67.03475,
          24.85237
        ]
      },
      "properties": {
        "site_uid": "zong-0081",
        "provider": "Zong",
        "source_index": 81,
        "site_name_source": "Avari Tower",
        "display_name": "Avari Tower",
        "city_source": "Karachi",
        "geometry_type": "Point",
        "record_kind": "provider_published_5g_site",
        "is_named": true,
        "duplicate_coordinate_group": "",
        "source_dataset": "Zong official 5G coverage map LOCS array",
        "source_url": "https://www.zong.com.pk/5g-coverage-map",
        "retrieved_at": "2026-08-07",
        "accuracy_note": "Exact coordinate value published in the provider map source; not independently surveyed.",
        "altitude_m": null
      }
    },
    {
      "type": "Feature",
      "id": "zong-0082",
      "geometry": {
        "type": "Point",
        "coordinates": [
          73.0696,
          33.5824
        ]
      },
      "properties": {
        "site_uid": "zong-0082",
        "provider": "Zong",
        "source_index": 82,
        "site_name_source": "Jinnah Park",
        "display_name": "Jinnah Park",
        "city_source": "Rawalpindi",
        "geometry_type": "Point",
        "record_kind": "provider_published_5g_site",
        "is_named": true,
        "duplicate_coordinate_group": "",
        "source_dataset": "Zong official 5G coverage map LOCS array",
        "source_url": "https://www.zong.com.pk/5g-coverage-map",
        "retrieved_at": "2026-08-07",
        "accuracy_note": "Exact coordinate value published in the provider map source; not independently surveyed.",
        "altitude_m": null
      }
    },
    {
      "type": "Feature",
      "id": "zong-0083",
      "geometry": {
        "type": "Point",
        "coordinates": [
          72.83745,
          33.56049
        ]
      },
      "properties": {
        "site_uid": "zong-0083",
        "provider": "Zong",
        "source_index": 83,
        "site_name_source": "Isb New Airport",
        "display_name": "Isb New Airport",
        "city_source": "Islamabad",
        "geometry_type": "Point",
        "record_kind": "provider_published_5g_site",
        "is_named": true,
        "duplicate_coordinate_group": "",
        "source_dataset": "Zong official 5G coverage map LOCS array",
        "source_url": "https://www.zong.com.pk/5g-coverage-map",
        "retrieved_at": "2026-08-07",
        "accuracy_note": "Exact coordinate value published in the provider map source; not independently surveyed.",
        "altitude_m": null
      }
    },
    {
      "type": "Feature",
      "id": "zong-0084",
      "geometry": {
        "type": "Point",
        "coordinates": [
          67.00543,
          24.84846
        ]
      },
      "properties": {
        "site_uid": "zong-0084",
        "provider": "Zong",
        "source_index": 84,
        "site_name_source": "Karachi",
        "display_name": "Karachi",
        "city_source": "Karachi",
        "geometry_type": "Point",
        "record_kind": "provider_published_5g_site",
        "is_named": true,
        "duplicate_coordinate_group": "",
        "source_dataset": "Zong official 5G coverage map LOCS array",
        "source_url": "https://www.zong.com.pk/5g-coverage-map",
        "retrieved_at": "2026-08-07",
        "accuracy_note": "Exact coordinate value published in the provider map source; not independently surveyed.",
        "altitude_m": null
      }
    },
    {
      "type": "Feature",
      "id": "zong-0085",
      "geometry": {
        "type": "Point",
        "coordinates": [
          74.4119,
          31.5235
        ]
      },
      "properties": {
        "site_uid": "zong-0085",
        "provider": "Zong",
        "source_index": 85,
        "site_name_source": "Allama Iqbal Int Airport",
        "display_name": "Allama Iqbal Int Airport",
        "city_source": "Lahore",
        "geometry_type": "Point",
        "record_kind": "provider_published_5g_site",
        "is_named": true,
        "duplicate_coordinate_group": "",
        "source_dataset": "Zong official 5G coverage map LOCS array",
        "source_url": "https://www.zong.com.pk/5g-coverage-map",
        "retrieved_at": "2026-08-07",
        "accuracy_note": "Exact coordinate value published in the provider map source; not independently surveyed.",
        "altitude_m": null
      }
    },
    {
      "type": "Feature",
      "id": "zong-0086",
      "geometry": {
        "type": "Point",
        "coordinates": [
          67.01191,
          30.19656
        ]
      },
      "properties": {
        "site_uid": "zong-0086",
        "provider": "Zong",
        "source_index": 86,
        "site_name_source": "Quetta ZONG CSC",
        "display_name": "Quetta ZONG CSC",
        "city_source": "Quetta",
        "geometry_type": "Point",
        "record_kind": "provider_published_5g_site",
        "is_named": true,
        "duplicate_coordinate_group": "",
        "source_dataset": "Zong official 5G coverage map LOCS array",
        "source_url": "https://www.zong.com.pk/5g-coverage-map",
        "retrieved_at": "2026-08-07",
        "accuracy_note": "Exact coordinate value published in the provider map source; not independently surveyed.",
        "altitude_m": null
      }
    },
    {
      "type": "Feature",
      "id": "zong-0087",
      "geometry": {
        "type": "Point",
        "coordinates": [
          66.98705,
          30.21143
        ]
      },
      "properties": {
        "site_uid": "zong-0087",
        "provider": "Zong",
        "source_index": 87,
        "site_name_source": "Quetta",
        "display_name": "Quetta",
        "city_source": "Quetta",
        "geometry_type": "Point",
        "record_kind": "provider_published_5g_site",
        "is_named": true,
        "duplicate_coordinate_group": "",
        "source_dataset": "Zong official 5G coverage map LOCS array",
        "source_url": "https://www.zong.com.pk/5g-coverage-map",
        "retrieved_at": "2026-08-07",
        "accuracy_note": "Exact coordinate value published in the provider map source; not independently surveyed.",
        "altitude_m": null
      }
    },
    {
      "type": "Feature",
      "id": "zong-0088",
      "geometry": {
        "type": "Point",
        "coordinates": [
          67.11335,
          24.92806
        ]
      },
      "properties": {
        "site_uid": "zong-0088",
        "provider": "Zong",
        "source_index": 88,
        "site_name_source": "NED University",
        "display_name": "NED University",
        "city_source": "Karachi",
        "geometry_type": "Point",
        "record_kind": "provider_published_5g_site",
        "is_named": true,
        "duplicate_coordinate_group": "",
        "source_dataset": "Zong official 5G coverage map LOCS array",
        "source_url": "https://www.zong.com.pk/5g-coverage-map",
        "retrieved_at": "2026-08-07",
        "accuracy_note": "Exact coordinate value published in the provider map source; not independently surveyed.",
        "altitude_m": null
      }
    },
    {
      "type": "Feature",
      "id": "zong-0089",
      "geometry": {
        "type": "Point",
        "coordinates": [
          73.0777,
          30.676
        ]
      },
      "properties": {
        "site_uid": "zong-0089",
        "provider": "Zong",
        "source_index": 89,
        "site_name_source": "Sahiwal",
        "display_name": "Sahiwal",
        "city_source": "Sahiwal",
        "geometry_type": "Point",
        "record_kind": "provider_published_5g_site",
        "is_named": true,
        "duplicate_coordinate_group": "",
        "source_dataset": "Zong official 5G coverage map LOCS array",
        "source_url": "https://www.zong.com.pk/5g-coverage-map",
        "retrieved_at": "2026-08-07",
        "accuracy_note": "Exact coordinate value published in the provider map source; not independently surveyed.",
        "altitude_m": null
      }
    },
    {
      "type": "Feature",
      "id": "zong-0090",
      "geometry": {
        "type": "Point",
        "coordinates": [
          74.3463,
          31.5233
        ]
      },
      "properties": {
        "site_uid": "zong-0090",
        "provider": "Zong",
        "source_index": 90,
        "site_name_source": "Main Market Gulberg",
        "display_name": "Main Market Gulberg",
        "city_source": "Lahore",
        "geometry_type": "Point",
        "record_kind": "provider_published_5g_site",
        "is_named": true,
        "duplicate_coordinate_group": "",
        "source_dataset": "Zong official 5G coverage map LOCS array",
        "source_url": "https://www.zong.com.pk/5g-coverage-map",
        "retrieved_at": "2026-08-07",
        "accuracy_note": "Exact coordinate value published in the provider map source; not independently surveyed.",
        "altitude_m": null
      }
    },
    {
      "type": "Feature",
      "id": "zong-0091",
      "geometry": {
        "type": "Point",
        "coordinates": [
          72.98926,
          33.64289
        ]
      },
      "properties": {
        "site_uid": "zong-0091",
        "provider": "Zong",
        "source_index": 91,
        "site_name_source": "NUST",
        "display_name": "NUST",
        "city_source": "Islamabad",
        "geometry_type": "Point",
        "record_kind": "provider_published_5g_site",
        "is_named": true,
        "duplicate_coordinate_group": "",
        "source_dataset": "Zong official 5G coverage map LOCS array",
        "source_url": "https://www.zong.com.pk/5g-coverage-map",
        "retrieved_at": "2026-08-07",
        "accuracy_note": "Exact coordinate value published in the provider map source; not independently surveyed.",
        "altitude_m": null
      }
    },
    {
      "type": "Feature",
      "id": "zong-0092",
      "geometry": {
        "type": "Point",
        "coordinates": [
          67.03005,
          24.85561
        ]
      },
      "properties": {
        "site_uid": "zong-0092",
        "provider": "Zong",
        "source_index": 92,
        "site_name_source": "Atrium Mall",
        "display_name": "Atrium Mall",
        "city_source": "Karachi",
        "geometry_type": "Point",
        "record_kind": "provider_published_5g_site",
        "is_named": true,
        "duplicate_coordinate_group": "",
        "source_dataset": "Zong official 5G coverage map LOCS array",
        "source_url": "https://www.zong.com.pk/5g-coverage-map",
        "retrieved_at": "2026-08-07",
        "accuracy_note": "Exact coordinate value published in the provider map source; not independently surveyed.",
        "altitude_m": null
      }
    },
    {
      "type": "Feature",
      "id": "zong-0093",
      "geometry": {
        "type": "Point",
        "coordinates": [
          74.44816,
          31.134
        ]
      },
      "properties": {
        "site_uid": "zong-0093",
        "provider": "Zong",
        "source_index": 93,
        "site_name_source": "Kasur",
        "display_name": "Kasur",
        "city_source": "Kasur",
        "geometry_type": "Point",
        "record_kind": "provider_published_5g_site",
        "is_named": true,
        "duplicate_coordinate_group": "",
        "source_dataset": "Zong official 5G coverage map LOCS array",
        "source_url": "https://www.zong.com.pk/5g-coverage-map",
        "retrieved_at": "2026-08-07",
        "accuracy_note": "Exact coordinate value published in the provider map source; not independently surveyed.",
        "altitude_m": null
      }
    },
    {
      "type": "Feature",
      "id": "zong-0094",
      "geometry": {
        "type": "Point",
        "coordinates": [
          73.10659,
          33.72162
        ]
      },
      "properties": {
        "site_uid": "zong-0094",
        "provider": "Zong",
        "source_index": 94,
        "site_name_source": "Diplomatic Enclave",
        "display_name": "Diplomatic Enclave",
        "city_source": "Islamabad",
        "geometry_type": "Point",
        "record_kind": "provider_published_5g_site",
        "is_named": true,
        "duplicate_coordinate_group": "",
        "source_dataset": "Zong official 5G coverage map LOCS array",
        "source_url": "https://www.zong.com.pk/5g-coverage-map",
        "retrieved_at": "2026-08-07",
        "accuracy_note": "Exact coordinate value published in the provider map source; not independently surveyed.",
        "altitude_m": null
      }
    },
    {
      "type": "Feature",
      "id": "zong-0095",
      "geometry": {
        "type": "Point",
        "coordinates": [
          67.03204,
          24.84128
        ]
      },
      "properties": {
        "site_uid": "zong-0095",
        "provider": "Zong",
        "source_index": 95,
        "site_name_source": "Gymkhana/Karachi Club",
        "display_name": "Gymkhana/Karachi Club",
        "city_source": "Karachi",
        "geometry_type": "Point",
        "record_kind": "provider_published_5g_site",
        "is_named": true,
        "duplicate_coordinate_group": "",
        "source_dataset": "Zong official 5G coverage map LOCS array",
        "source_url": "https://www.zong.com.pk/5g-coverage-map",
        "retrieved_at": "2026-08-07",
        "accuracy_note": "Exact coordinate value published in the provider map source; not independently surveyed.",
        "altitude_m": null
      }
    },
    {
      "type": "Feature",
      "id": "zong-0096",
      "geometry": {
        "type": "Point",
        "coordinates": [
          73.995675,
          31.70953
        ]
      },
      "properties": {
        "site_uid": "zong-0096",
        "provider": "Zong",
        "source_index": 96,
        "site_name_source": "Sheikhupura",
        "display_name": "Sheikhupura",
        "city_source": "Sheikhupura",
        "geometry_type": "Point",
        "record_kind": "provider_published_5g_site",
        "is_named": true,
        "duplicate_coordinate_group": "",
        "source_dataset": "Zong official 5G coverage map LOCS array",
        "source_url": "https://www.zong.com.pk/5g-coverage-map",
        "retrieved_at": "2026-08-07",
        "accuracy_note": "Exact coordinate value published in the provider map source; not independently surveyed.",
        "altitude_m": null
      }
    },
    {
      "type": "Feature",
      "id": "zong-0097",
      "geometry": {
        "type": "Point",
        "coordinates": [
          73.05249,
          33.702984
        ]
      },
      "properties": {
        "site_uid": "zong-0097",
        "provider": "Zong",
        "source_index": 97,
        "site_name_source": "",
        "display_name": "Zong unnamed site 097",
        "city_source": "Islamabad",
        "geometry_type": "Point",
        "record_kind": "provider_published_5g_site",
        "is_named": false,
        "duplicate_coordinate_group": "",
        "source_dataset": "Zong official 5G coverage map LOCS array",
        "source_url": "https://www.zong.com.pk/5g-coverage-map",
        "retrieved_at": "2026-08-07",
        "accuracy_note": "Exact coordinate value published in the provider map source; not independently surveyed.",
        "altitude_m": null
      }
    },
    {
      "type": "Feature",
      "id": "zong-0098",
      "geometry": {
        "type": "Point",
        "coordinates": [
          68.47851,
          27.25101
        ]
      },
      "properties": {
        "site_uid": "zong-0098",
        "provider": "Zong",
        "source_index": 98,
        "site_name_source": "Jinnah Int Airport",
        "display_name": "Jinnah Int Airport",
        "city_source": "Karachi",
        "geometry_type": "Point",
        "record_kind": "provider_published_5g_site",
        "is_named": true,
        "duplicate_coordinate_group": "",
        "source_dataset": "Zong official 5G coverage map LOCS array",
        "source_url": "https://www.zong.com.pk/5g-coverage-map",
        "retrieved_at": "2026-08-07",
        "accuracy_note": "Exact coordinate value published in the provider map source; not independently surveyed.",
        "altitude_m": null
      }
    },
    {
      "type": "Feature",
      "id": "zong-0099",
      "geometry": {
        "type": "Point",
        "coordinates": [
          73.012,
          33.66901
        ]
      },
      "properties": {
        "site_uid": "zong-0099",
        "provider": "Zong",
        "source_index": 99,
        "site_name_source": "High Court G10",
        "display_name": "High Court G10",
        "city_source": "Islamabad",
        "geometry_type": "Point",
        "record_kind": "provider_published_5g_site",
        "is_named": true,
        "duplicate_coordinate_group": "",
        "source_dataset": "Zong official 5G coverage map LOCS array",
        "source_url": "https://www.zong.com.pk/5g-coverage-map",
        "retrieved_at": "2026-08-07",
        "accuracy_note": "Exact coordinate value published in the provider map source; not independently surveyed.",
        "altitude_m": null
      }
    },
    {
      "type": "Feature",
      "id": "zong-0100",
      "geometry": {
        "type": "Point",
        "coordinates": [
          73.09282,
          33.72714
        ]
      },
      "properties": {
        "site_uid": "zong-0100",
        "provider": "Zong",
        "source_index": 100,
        "site_name_source": "Parliament Lodges",
        "display_name": "Parliament Lodges",
        "city_source": "Islamabad",
        "geometry_type": "Point",
        "record_kind": "provider_published_5g_site",
        "is_named": true,
        "duplicate_coordinate_group": "",
        "source_dataset": "Zong official 5G coverage map LOCS array",
        "source_url": "https://www.zong.com.pk/5g-coverage-map",
        "retrieved_at": "2026-08-07",
        "accuracy_note": "Exact coordinate value published in the provider map source; not independently surveyed.",
        "altitude_m": null
      }
    },
    {
      "type": "Feature",
      "id": "zong-0101",
      "geometry": {
        "type": "Point",
        "coordinates": [
          67.03986,
          24.81874
        ]
      },
      "properties": {
        "site_uid": "zong-0101",
        "provider": "Zong",
        "source_index": 101,
        "site_name_source": "Zamzamma",
        "display_name": "Zamzamma",
        "city_source": "Karachi",
        "geometry_type": "Point",
        "record_kind": "provider_published_5g_site",
        "is_named": true,
        "duplicate_coordinate_group": "",
        "source_dataset": "Zong official 5G coverage map LOCS array",
        "source_url": "https://www.zong.com.pk/5g-coverage-map",
        "retrieved_at": "2026-08-07",
        "accuracy_note": "Exact coordinate value published in the provider map source; not independently surveyed.",
        "altitude_m": null
      }
    },
    {
      "type": "Feature",
      "id": "zong-0102",
      "geometry": {
        "type": "Point",
        "coordinates": [
          67.03587,
          24.84379
        ]
      },
      "properties": {
        "site_uid": "zong-0102",
        "provider": "Zong",
        "source_index": 102,
        "site_name_source": "Sheraton/PC Hotel/Moven Pik",
        "display_name": "Sheraton/PC Hotel/Moven Pik",
        "city_source": "Karachi",
        "geometry_type": "Point",
        "record_kind": "provider_published_5g_site",
        "is_named": true,
        "duplicate_coordinate_group": "",
        "source_dataset": "Zong official 5G coverage map LOCS array",
        "source_url": "https://www.zong.com.pk/5g-coverage-map",
        "retrieved_at": "2026-08-07",
        "accuracy_note": "Exact coordinate value published in the provider map source; not independently surveyed.",
        "altitude_m": null
      }
    },
    {
      "type": "Feature",
      "id": "zong-0103",
      "geometry": {
        "type": "Point",
        "coordinates": [
          67.07495,
          24.78503
        ]
      },
      "properties": {
        "site_uid": "zong-0103",
        "provider": "Zong",
        "source_index": 103,
        "site_name_source": "Creek Vista Apartments",
        "display_name": "Creek Vista Apartments",
        "city_source": "Karachi",
        "geometry_type": "Point",
        "record_kind": "provider_published_5g_site",
        "is_named": true,
        "duplicate_coordinate_group": "",
        "source_dataset": "Zong official 5G coverage map LOCS array",
        "source_url": "https://www.zong.com.pk/5g-coverage-map",
        "retrieved_at": "2026-08-07",
        "accuracy_note": "Exact coordinate value published in the provider map source; not independently surveyed.",
        "altitude_m": null
      }
    },
    {
      "type": "Feature",
      "id": "zong-0104",
      "geometry": {
        "type": "Point",
        "coordinates": [
          68.86309,
          27.695099
        ]
      },
      "properties": {
        "site_uid": "zong-0104",
        "provider": "Zong",
        "source_index": 104,
        "site_name_source": "Sukkur",
        "display_name": "Sukkur",
        "city_source": "Sukkur",
        "geometry_type": "Point",
        "record_kind": "provider_published_5g_site",
        "is_named": true,
        "duplicate_coordinate_group": "",
        "source_dataset": "Zong official 5G coverage map LOCS array",
        "source_url": "https://www.zong.com.pk/5g-coverage-map",
        "retrieved_at": "2026-08-07",
        "accuracy_note": "Exact coordinate value published in the provider map source; not independently surveyed.",
        "altitude_m": null
      }
    },
    {
      "type": "Feature",
      "id": "zong-0105",
      "geometry": {
        "type": "Point",
        "coordinates": [
          72.96914,
          33.63708
        ]
      },
      "properties": {
        "site_uid": "zong-0105",
        "provider": "Zong",
        "source_index": 105,
        "site_name_source": "Islamabad",
        "display_name": "Islamabad",
        "city_source": "Islamabad",
        "geometry_type": "Point",
        "record_kind": "provider_published_5g_site",
        "is_named": true,
        "duplicate_coordinate_group": "",
        "source_dataset": "Zong official 5G coverage map LOCS array",
        "source_url": "https://www.zong.com.pk/5g-coverage-map",
        "retrieved_at": "2026-08-07",
        "accuracy_note": "Exact coordinate value published in the provider map source; not independently surveyed.",
        "altitude_m": null
      }
    },
    {
      "type": "Feature",
      "id": "zong-0106",
      "geometry": {
        "type": "Point",
        "coordinates": [
          72.90826,
          33.68338
        ]
      },
      "properties": {
        "site_uid": "zong-0106",
        "provider": "Zong",
        "source_index": 106,
        "site_name_source": "Islamabad",
        "display_name": "Islamabad",
        "city_source": "Islamabad",
        "geometry_type": "Point",
        "record_kind": "provider_published_5g_site",
        "is_named": true,
        "duplicate_coordinate_group": "",
        "source_dataset": "Zong official 5G coverage map LOCS array",
        "source_url": "https://www.zong.com.pk/5g-coverage-map",
        "retrieved_at": "2026-08-07",
        "accuracy_note": "Exact coordinate value published in the provider map source; not independently surveyed.",
        "altitude_m": null
      }
    },
    {
      "type": "Feature",
      "id": "zong-0107",
      "geometry": {
        "type": "Point",
        "coordinates": [
          72.9701,
          33.628
        ]
      },
      "properties": {
        "site_uid": "zong-0107",
        "provider": "Zong",
        "source_index": 107,
        "site_name_source": "Islamabad",
        "display_name": "Islamabad",
        "city_source": "Islamabad",
        "geometry_type": "Point",
        "record_kind": "provider_published_5g_site",
        "is_named": true,
        "duplicate_coordinate_group": "",
        "source_dataset": "Zong official 5G coverage map LOCS array",
        "source_url": "https://www.zong.com.pk/5g-coverage-map",
        "retrieved_at": "2026-08-07",
        "accuracy_note": "Exact coordinate value published in the provider map source; not independently surveyed.",
        "altitude_m": null
      }
    },
    {
      "type": "Feature",
      "id": "zong-0108",
      "geometry": {
        "type": "Point",
        "coordinates": [
          72.9742,
          33.61823
        ]
      },
      "properties": {
        "site_uid": "zong-0108",
        "provider": "Zong",
        "source_index": 108,
        "site_name_source": "Islamabad",
        "display_name": "Islamabad",
        "city_source": "Islamabad",
        "geometry_type": "Point",
        "record_kind": "provider_published_5g_site",
        "is_named": true,
        "duplicate_coordinate_group": "",
        "source_dataset": "Zong official 5G coverage map LOCS array",
        "source_url": "https://www.zong.com.pk/5g-coverage-map",
        "retrieved_at": "2026-08-07",
        "accuracy_note": "Exact coordinate value published in the provider map source; not independently surveyed.",
        "altitude_m": null
      }
    },
    {
      "type": "Feature",
      "id": "zong-0109",
      "geometry": {
        "type": "Point",
        "coordinates": [
          72.98166,
          33.66613
        ]
      },
      "properties": {
        "site_uid": "zong-0109",
        "provider": "Zong",
        "source_index": 109,
        "site_name_source": "Islamabad",
        "display_name": "Islamabad",
        "city_source": "Islamabad",
        "geometry_type": "Point",
        "record_kind": "provider_published_5g_site",
        "is_named": true,
        "duplicate_coordinate_group": "",
        "source_dataset": "Zong official 5G coverage map LOCS array",
        "source_url": "https://www.zong.com.pk/5g-coverage-map",
        "retrieved_at": "2026-08-07",
        "accuracy_note": "Exact coordinate value published in the provider map source; not independently surveyed.",
        "altitude_m": null
      }
    },
    {
      "type": "Feature",
      "id": "zong-0110",
      "geometry": {
        "type": "Point",
        "coordinates": [
          72.98549,
          33.66767
        ]
      },
      "properties": {
        "site_uid": "zong-0110",
        "provider": "Zong",
        "source_index": 110,
        "site_name_source": "Islamabad",
        "display_name": "Islamabad",
        "city_source": "Islamabad",
        "geometry_type": "Point",
        "record_kind": "provider_published_5g_site",
        "is_named": true,
        "duplicate_coordinate_group": "",
        "source_dataset": "Zong official 5G coverage map LOCS array",
        "source_url": "https://www.zong.com.pk/5g-coverage-map",
        "retrieved_at": "2026-08-07",
        "accuracy_note": "Exact coordinate value published in the provider map source; not independently surveyed.",
        "altitude_m": null
      }
    },
    {
      "type": "Feature",
      "id": "zong-0111",
      "geometry": {
        "type": "Point",
        "coordinates": [
          72.96554,
          33.66769
        ]
      },
      "properties": {
        "site_uid": "zong-0111",
        "provider": "Zong",
        "source_index": 111,
        "site_name_source": "Islamabad",
        "display_name": "Islamabad",
        "city_source": "Islamabad",
        "geometry_type": "Point",
        "record_kind": "provider_published_5g_site",
        "is_named": true,
        "duplicate_coordinate_group": "",
        "source_dataset": "Zong official 5G coverage map LOCS array",
        "source_url": "https://www.zong.com.pk/5g-coverage-map",
        "retrieved_at": "2026-08-07",
        "accuracy_note": "Exact coordinate value published in the provider map source; not independently surveyed.",
        "altitude_m": null
      }
    },
    {
      "type": "Feature",
      "id": "zong-0112",
      "geometry": {
        "type": "Point",
        "coordinates": [
          73.12939,
          33.61245
        ]
      },
      "properties": {
        "site_uid": "zong-0112",
        "provider": "Zong",
        "source_index": 112,
        "site_name_source": "Islamabad",
        "display_name": "Islamabad",
        "city_source": "Islamabad",
        "geometry_type": "Point",
        "record_kind": "provider_published_5g_site",
        "is_named": true,
        "duplicate_coordinate_group": "",
        "source_dataset": "Zong official 5G coverage map LOCS array",
        "source_url": "https://www.zong.com.pk/5g-coverage-map",
        "retrieved_at": "2026-08-07",
        "accuracy_note": "Exact coordinate value published in the provider map source; not independently surveyed.",
        "altitude_m": null
      }
    },
    {
      "type": "Feature",
      "id": "zong-0113",
      "geometry": {
        "type": "Point",
        "coordinates": [
          73.12008,
          33.62629
        ]
      },
      "properties": {
        "site_uid": "zong-0113",
        "provider": "Zong",
        "source_index": 113,
        "site_name_source": "Rawalpindi",
        "display_name": "Rawalpindi",
        "city_source": "Rawalpindi",
        "geometry_type": "Point",
        "record_kind": "provider_published_5g_site",
        "is_named": true,
        "duplicate_coordinate_group": "",
        "source_dataset": "Zong official 5G coverage map LOCS array",
        "source_url": "https://www.zong.com.pk/5g-coverage-map",
        "retrieved_at": "2026-08-07",
        "accuracy_note": "Exact coordinate value published in the provider map source; not independently surveyed.",
        "altitude_m": null
      }
    },
    {
      "type": "Feature",
      "id": "zong-0114",
      "geometry": {
        "type": "Point",
        "coordinates": [
          72.92428,
          33.67632
        ]
      },
      "properties": {
        "site_uid": "zong-0114",
        "provider": "Zong",
        "source_index": 114,
        "site_name_source": "Islamabad",
        "display_name": "Islamabad",
        "city_source": "Islamabad",
        "geometry_type": "Point",
        "record_kind": "provider_published_5g_site",
        "is_named": true,
        "duplicate_coordinate_group": "",
        "source_dataset": "Zong official 5G coverage map LOCS array",
        "source_url": "https://www.zong.com.pk/5g-coverage-map",
        "retrieved_at": "2026-08-07",
        "accuracy_note": "Exact coordinate value published in the provider map source; not independently surveyed.",
        "altitude_m": null
      }
    },
    {
      "type": "Feature",
      "id": "zong-0115",
      "geometry": {
        "type": "Point",
        "coordinates": [
          73.11004,
          33.605293
        ]
      },
      "properties": {
        "site_uid": "zong-0115",
        "provider": "Zong",
        "source_index": 115,
        "site_name_source": "Rawalpindi",
        "display_name": "Rawalpindi",
        "city_source": "Rawalpindi",
        "geometry_type": "Point",
        "record_kind": "provider_published_5g_site",
        "is_named": true,
        "duplicate_coordinate_group": "",
        "source_dataset": "Zong official 5G coverage map LOCS array",
        "source_url": "https://www.zong.com.pk/5g-coverage-map",
        "retrieved_at": "2026-08-07",
        "accuracy_note": "Exact coordinate value published in the provider map source; not independently surveyed.",
        "altitude_m": null
      }
    },
    {
      "type": "Feature",
      "id": "zong-0116",
      "geometry": {
        "type": "Point",
        "coordinates": [
          72.98022,
          33.62171
        ]
      },
      "properties": {
        "site_uid": "zong-0116",
        "provider": "Zong",
        "source_index": 116,
        "site_name_source": "Rawalpindi",
        "display_name": "Rawalpindi",
        "city_source": "Rawalpindi",
        "geometry_type": "Point",
        "record_kind": "provider_published_5g_site",
        "is_named": true,
        "duplicate_coordinate_group": "",
        "source_dataset": "Zong official 5G coverage map LOCS array",
        "source_url": "https://www.zong.com.pk/5g-coverage-map",
        "retrieved_at": "2026-08-07",
        "accuracy_note": "Exact coordinate value published in the provider map source; not independently surveyed.",
        "altitude_m": null
      }
    },
    {
      "type": "Feature",
      "id": "zong-0117",
      "geometry": {
        "type": "Point",
        "coordinates": [
          73.10247,
          33.63211
        ]
      },
      "properties": {
        "site_uid": "zong-0117",
        "provider": "Zong",
        "source_index": 117,
        "site_name_source": "Rawalpindi",
        "display_name": "Rawalpindi",
        "city_source": "Rawalpindi",
        "geometry_type": "Point",
        "record_kind": "provider_published_5g_site",
        "is_named": true,
        "duplicate_coordinate_group": "",
        "source_dataset": "Zong official 5G coverage map LOCS array",
        "source_url": "https://www.zong.com.pk/5g-coverage-map",
        "retrieved_at": "2026-08-07",
        "accuracy_note": "Exact coordinate value published in the provider map source; not independently surveyed.",
        "altitude_m": null
      }
    },
    {
      "type": "Feature",
      "id": "zong-0118",
      "geometry": {
        "type": "Point",
        "coordinates": [
          73.10198,
          33.5976
        ]
      },
      "properties": {
        "site_uid": "zong-0118",
        "provider": "Zong",
        "source_index": 118,
        "site_name_source": "Rawalpindi",
        "display_name": "Rawalpindi",
        "city_source": "Rawalpindi",
        "geometry_type": "Point",
        "record_kind": "provider_published_5g_site",
        "is_named": true,
        "duplicate_coordinate_group": "",
        "source_dataset": "Zong official 5G coverage map LOCS array",
        "source_url": "https://www.zong.com.pk/5g-coverage-map",
        "retrieved_at": "2026-08-07",
        "accuracy_note": "Exact coordinate value published in the provider map source; not independently surveyed.",
        "altitude_m": null
      }
    },
    {
      "type": "Feature",
      "id": "zong-0119",
      "geometry": {
        "type": "Point",
        "coordinates": [
          73.10868,
          33.63185
        ]
      },
      "properties": {
        "site_uid": "zong-0119",
        "provider": "Zong",
        "source_index": 119,
        "site_name_source": "Rawalpindi",
        "display_name": "Rawalpindi",
        "city_source": "Rawalpindi",
        "geometry_type": "Point",
        "record_kind": "provider_published_5g_site",
        "is_named": true,
        "duplicate_coordinate_group": "",
        "source_dataset": "Zong official 5G coverage map LOCS array",
        "source_url": "https://www.zong.com.pk/5g-coverage-map",
        "retrieved_at": "2026-08-07",
        "accuracy_note": "Exact coordinate value published in the provider map source; not independently surveyed.",
        "altitude_m": null
      }
    },
    {
      "type": "Feature",
      "id": "zong-0120",
      "geometry": {
        "type": "Point",
        "coordinates": [
          72.98502,
          33.61786
        ]
      },
      "properties": {
        "site_uid": "zong-0120",
        "provider": "Zong",
        "source_index": 120,
        "site_name_source": "Rawalpindi",
        "display_name": "Rawalpindi",
        "city_source": "Rawalpindi",
        "geometry_type": "Point",
        "record_kind": "provider_published_5g_site",
        "is_named": true,
        "duplicate_coordinate_group": "",
        "source_dataset": "Zong official 5G coverage map LOCS array",
        "source_url": "https://www.zong.com.pk/5g-coverage-map",
        "retrieved_at": "2026-08-07",
        "accuracy_note": "Exact coordinate value published in the provider map source; not independently surveyed.",
        "altitude_m": null
      }
    },
    {
      "type": "Feature",
      "id": "zong-0121",
      "geometry": {
        "type": "Point",
        "coordinates": [
          72.9857,
          33.62258
        ]
      },
      "properties": {
        "site_uid": "zong-0121",
        "provider": "Zong",
        "source_index": 121,
        "site_name_source": "Rawalpindi",
        "display_name": "Rawalpindi",
        "city_source": "Rawalpindi",
        "geometry_type": "Point",
        "record_kind": "provider_published_5g_site",
        "is_named": true,
        "duplicate_coordinate_group": "",
        "source_dataset": "Zong official 5G coverage map LOCS array",
        "source_url": "https://www.zong.com.pk/5g-coverage-map",
        "retrieved_at": "2026-08-07",
        "accuracy_note": "Exact coordinate value published in the provider map source; not independently surveyed.",
        "altitude_m": null
      }
    },
    {
      "type": "Feature",
      "id": "zong-0122",
      "geometry": {
        "type": "Point",
        "coordinates": [
          67.26428,
          24.85545
        ]
      },
      "properties": {
        "site_uid": "zong-0122",
        "provider": "Zong",
        "source_index": 122,
        "site_name_source": "Malir",
        "display_name": "Malir",
        "city_source": "Karachi",
        "geometry_type": "Point",
        "record_kind": "provider_published_5g_site",
        "is_named": true,
        "duplicate_coordinate_group": "",
        "source_dataset": "Zong official 5G coverage map LOCS array",
        "source_url": "https://www.zong.com.pk/5g-coverage-map",
        "retrieved_at": "2026-08-07",
        "accuracy_note": "Exact coordinate value published in the provider map source; not independently surveyed.",
        "altitude_m": null
      }
    },
    {
      "type": "Feature",
      "id": "zong-0123",
      "geometry": {
        "type": "Point",
        "coordinates": [
          67.19502,
          24.85391
        ]
      },
      "properties": {
        "site_uid": "zong-0123",
        "provider": "Zong",
        "source_index": 123,
        "site_name_source": "Malir",
        "display_name": "Malir",
        "city_source": "Karachi",
        "geometry_type": "Point",
        "record_kind": "provider_published_5g_site",
        "is_named": true,
        "duplicate_coordinate_group": "",
        "source_dataset": "Zong official 5G coverage map LOCS array",
        "source_url": "https://www.zong.com.pk/5g-coverage-map",
        "retrieved_at": "2026-08-07",
        "accuracy_note": "Exact coordinate value published in the provider map source; not independently surveyed.",
        "altitude_m": null
      }
    },
    {
      "type": "Feature",
      "id": "zong-0124",
      "geometry": {
        "type": "Point",
        "coordinates": [
          67.21302,
          24.85524
        ]
      },
      "properties": {
        "site_uid": "zong-0124",
        "provider": "Zong",
        "source_index": 124,
        "site_name_source": "Malir",
        "display_name": "Malir",
        "city_source": "Karachi",
        "geometry_type": "Point",
        "record_kind": "provider_published_5g_site",
        "is_named": true,
        "duplicate_coordinate_group": "",
        "source_dataset": "Zong official 5G coverage map LOCS array",
        "source_url": "https://www.zong.com.pk/5g-coverage-map",
        "retrieved_at": "2026-08-07",
        "accuracy_note": "Exact coordinate value published in the provider map source; not independently surveyed.",
        "altitude_m": null
      }
    },
    {
      "type": "Feature",
      "id": "zong-0125",
      "geometry": {
        "type": "Point",
        "coordinates": [
          67.22602,
          24.85566
        ]
      },
      "properties": {
        "site_uid": "zong-0125",
        "provider": "Zong",
        "source_index": 125,
        "site_name_source": "Malir",
        "display_name": "Malir",
        "city_source": "Karachi",
        "geometry_type": "Point",
        "record_kind": "provider_published_5g_site",
        "is_named": true,
        "duplicate_coordinate_group": "",
        "source_dataset": "Zong official 5G coverage map LOCS array",
        "source_url": "https://www.zong.com.pk/5g-coverage-map",
        "retrieved_at": "2026-08-07",
        "accuracy_note": "Exact coordinate value published in the provider map source; not independently surveyed.",
        "altitude_m": null
      }
    },
    {
      "type": "Feature",
      "id": "zong-0126",
      "geometry": {
        "type": "Point",
        "coordinates": [
          67.24392,
          24.85373
        ]
      },
      "properties": {
        "site_uid": "zong-0126",
        "provider": "Zong",
        "source_index": 126,
        "site_name_source": "Malir",
        "display_name": "Malir",
        "city_source": "Karachi",
        "geometry_type": "Point",
        "record_kind": "provider_published_5g_site",
        "is_named": true,
        "duplicate_coordinate_group": "",
        "source_dataset": "Zong official 5G coverage map LOCS array",
        "source_url": "https://www.zong.com.pk/5g-coverage-map",
        "retrieved_at": "2026-08-07",
        "accuracy_note": "Exact coordinate value published in the provider map source; not independently surveyed.",
        "altitude_m": null
      }
    },
    {
      "type": "Feature",
      "id": "zong-0127",
      "geometry": {
        "type": "Point",
        "coordinates": [
          67.0645,
          25.02315
        ]
      },
      "properties": {
        "site_uid": "zong-0127",
        "provider": "Zong",
        "source_index": 127,
        "site_name_source": "Karachi West",
        "display_name": "Karachi West",
        "city_source": "Karachi",
        "geometry_type": "Point",
        "record_kind": "provider_published_5g_site",
        "is_named": true,
        "duplicate_coordinate_group": "",
        "source_dataset": "Zong official 5G coverage map LOCS array",
        "source_url": "https://www.zong.com.pk/5g-coverage-map",
        "retrieved_at": "2026-08-07",
        "accuracy_note": "Exact coordinate value published in the provider map source; not independently surveyed.",
        "altitude_m": null
      }
    },
    {
      "type": "Feature",
      "id": "zong-0128",
      "geometry": {
        "type": "Point",
        "coordinates": [
          67.08737,
          25.03129
        ]
      },
      "properties": {
        "site_uid": "zong-0128",
        "provider": "Zong",
        "source_index": 128,
        "site_name_source": "Karachi West",
        "display_name": "Karachi West",
        "city_source": "Karachi",
        "geometry_type": "Point",
        "record_kind": "provider_published_5g_site",
        "is_named": true,
        "duplicate_coordinate_group": "",
        "source_dataset": "Zong official 5G coverage map LOCS array",
        "source_url": "https://www.zong.com.pk/5g-coverage-map",
        "retrieved_at": "2026-08-07",
        "accuracy_note": "Exact coordinate value published in the provider map source; not independently surveyed.",
        "altitude_m": null
      }
    },
    {
      "type": "Feature",
      "id": "zong-0129",
      "geometry": {
        "type": "Point",
        "coordinates": [
          67.21232,
          24.85872
        ]
      },
      "properties": {
        "site_uid": "zong-0129",
        "provider": "Zong",
        "source_index": 129,
        "site_name_source": "Malir",
        "display_name": "Malir",
        "city_source": "Karachi",
        "geometry_type": "Point",
        "record_kind": "provider_published_5g_site",
        "is_named": true,
        "duplicate_coordinate_group": "",
        "source_dataset": "Zong official 5G coverage map LOCS array",
        "source_url": "https://www.zong.com.pk/5g-coverage-map",
        "retrieved_at": "2026-08-07",
        "accuracy_note": "Exact coordinate value published in the provider map source; not independently surveyed.",
        "altitude_m": null
      }
    },
    {
      "type": "Feature",
      "id": "zong-0130",
      "geometry": {
        "type": "Point",
        "coordinates": [
          67.0718,
          25.03617
        ]
      },
      "properties": {
        "site_uid": "zong-0130",
        "provider": "Zong",
        "source_index": 130,
        "site_name_source": "Karachi West",
        "display_name": "Karachi West",
        "city_source": "Karachi",
        "geometry_type": "Point",
        "record_kind": "provider_published_5g_site",
        "is_named": true,
        "duplicate_coordinate_group": "",
        "source_dataset": "Zong official 5G coverage map LOCS array",
        "source_url": "https://www.zong.com.pk/5g-coverage-map",
        "retrieved_at": "2026-08-07",
        "accuracy_note": "Exact coordinate value published in the provider map source; not independently surveyed.",
        "altitude_m": null
      }
    },
    {
      "type": "Feature",
      "id": "zong-0131",
      "geometry": {
        "type": "Point",
        "coordinates": [
          67.0535,
          25.0068
        ]
      },
      "properties": {
        "site_uid": "zong-0131",
        "provider": "Zong",
        "source_index": 131,
        "site_name_source": "Karachi West",
        "display_name": "Karachi West",
        "city_source": "Karachi",
        "geometry_type": "Point",
        "record_kind": "provider_published_5g_site",
        "is_named": true,
        "duplicate_coordinate_group": "",
        "source_dataset": "Zong official 5G coverage map LOCS array",
        "source_url": "https://www.zong.com.pk/5g-coverage-map",
        "retrieved_at": "2026-08-07",
        "accuracy_note": "Exact coordinate value published in the provider map source; not independently surveyed.",
        "altitude_m": null
      }
    },
    {
      "type": "Feature",
      "id": "zong-0132",
      "geometry": {
        "type": "Point",
        "coordinates": [
          67.20605,
          24.8532
        ]
      },
      "properties": {
        "site_uid": "zong-0132",
        "provider": "Zong",
        "source_index": 132,
        "site_name_source": "Malir",
        "display_name": "Malir",
        "city_source": "Karachi",
        "geometry_type": "Point",
        "record_kind": "provider_published_5g_site",
        "is_named": true,
        "duplicate_coordinate_group": "",
        "source_dataset": "Zong official 5G coverage map LOCS array",
        "source_url": "https://www.zong.com.pk/5g-coverage-map",
        "retrieved_at": "2026-08-07",
        "accuracy_note": "Exact coordinate value published in the provider map source; not independently surveyed.",
        "altitude_m": null
      }
    },
    {
      "type": "Feature",
      "id": "zong-0133",
      "geometry": {
        "type": "Point",
        "coordinates": [
          67.25787,
          24.85487
        ]
      },
      "properties": {
        "site_uid": "zong-0133",
        "provider": "Zong",
        "source_index": 133,
        "site_name_source": "Malir",
        "display_name": "Malir",
        "city_source": "Karachi",
        "geometry_type": "Point",
        "record_kind": "provider_published_5g_site",
        "is_named": true,
        "duplicate_coordinate_group": "",
        "source_dataset": "Zong official 5G coverage map LOCS array",
        "source_url": "https://www.zong.com.pk/5g-coverage-map",
        "retrieved_at": "2026-08-07",
        "accuracy_note": "Exact coordinate value published in the provider map source; not independently surveyed.",
        "altitude_m": null
      }
    },
    {
      "type": "Feature",
      "id": "zong-0134",
      "geometry": {
        "type": "Point",
        "coordinates": [
          67.26221,
          24.85105
        ]
      },
      "properties": {
        "site_uid": "zong-0134",
        "provider": "Zong",
        "source_index": 134,
        "site_name_source": "Malir",
        "display_name": "Malir",
        "city_source": "Karachi",
        "geometry_type": "Point",
        "record_kind": "provider_published_5g_site",
        "is_named": true,
        "duplicate_coordinate_group": "",
        "source_dataset": "Zong official 5G coverage map LOCS array",
        "source_url": "https://www.zong.com.pk/5g-coverage-map",
        "retrieved_at": "2026-08-07",
        "accuracy_note": "Exact coordinate value published in the provider map source; not independently surveyed.",
        "altitude_m": null
      }
    },
    {
      "type": "Feature",
      "id": "zong-0135",
      "geometry": {
        "type": "Point",
        "coordinates": [
          67.27101,
          24.85608
        ]
      },
      "properties": {
        "site_uid": "zong-0135",
        "provider": "Zong",
        "source_index": 135,
        "site_name_source": "Malir",
        "display_name": "Malir",
        "city_source": "Karachi",
        "geometry_type": "Point",
        "record_kind": "provider_published_5g_site",
        "is_named": true,
        "duplicate_coordinate_group": "",
        "source_dataset": "Zong official 5G coverage map LOCS array",
        "source_url": "https://www.zong.com.pk/5g-coverage-map",
        "retrieved_at": "2026-08-07",
        "accuracy_note": "Exact coordinate value published in the provider map source; not independently surveyed.",
        "altitude_m": null
      }
    },
    {
      "type": "Feature",
      "id": "zong-0136",
      "geometry": {
        "type": "Point",
        "coordinates": [
          67.27513,
          24.85446
        ]
      },
      "properties": {
        "site_uid": "zong-0136",
        "provider": "Zong",
        "source_index": 136,
        "site_name_source": "Malir",
        "display_name": "Malir",
        "city_source": "Karachi",
        "geometry_type": "Point",
        "record_kind": "provider_published_5g_site",
        "is_named": true,
        "duplicate_coordinate_group": "",
        "source_dataset": "Zong official 5G coverage map LOCS array",
        "source_url": "https://www.zong.com.pk/5g-coverage-map",
        "retrieved_at": "2026-08-07",
        "accuracy_note": "Exact coordinate value published in the provider map source; not independently surveyed.",
        "altitude_m": null
      }
    },
    {
      "type": "Feature",
      "id": "zong-0137",
      "geometry": {
        "type": "Point",
        "coordinates": [
          67.2159,
          24.86303
        ]
      },
      "properties": {
        "site_uid": "zong-0137",
        "provider": "Zong",
        "source_index": 137,
        "site_name_source": "Malir",
        "display_name": "Malir",
        "city_source": "Karachi",
        "geometry_type": "Point",
        "record_kind": "provider_published_5g_site",
        "is_named": true,
        "duplicate_coordinate_group": "",
        "source_dataset": "Zong official 5G coverage map LOCS array",
        "source_url": "https://www.zong.com.pk/5g-coverage-map",
        "retrieved_at": "2026-08-07",
        "accuracy_note": "Exact coordinate value published in the provider map source; not independently surveyed.",
        "altitude_m": null
      }
    },
    {
      "type": "Feature",
      "id": "zong-0138",
      "geometry": {
        "type": "Point",
        "coordinates": [
          67.27338,
          24.85151
        ]
      },
      "properties": {
        "site_uid": "zong-0138",
        "provider": "Zong",
        "source_index": 138,
        "site_name_source": "Malir",
        "display_name": "Malir",
        "city_source": "Karachi",
        "geometry_type": "Point",
        "record_kind": "provider_published_5g_site",
        "is_named": true,
        "duplicate_coordinate_group": "",
        "source_dataset": "Zong official 5G coverage map LOCS array",
        "source_url": "https://www.zong.com.pk/5g-coverage-map",
        "retrieved_at": "2026-08-07",
        "accuracy_note": "Exact coordinate value published in the provider map source; not independently surveyed.",
        "altitude_m": null
      }
    },
    {
      "type": "Feature",
      "id": "zong-0139",
      "geometry": {
        "type": "Point",
        "coordinates": [
          67.09411,
          25.0276
        ]
      },
      "properties": {
        "site_uid": "zong-0139",
        "provider": "Zong",
        "source_index": 139,
        "site_name_source": "Malir",
        "display_name": "Malir",
        "city_source": "Karachi",
        "geometry_type": "Point",
        "record_kind": "provider_published_5g_site",
        "is_named": true,
        "duplicate_coordinate_group": "",
        "source_dataset": "Zong official 5G coverage map LOCS array",
        "source_url": "https://www.zong.com.pk/5g-coverage-map",
        "retrieved_at": "2026-08-07",
        "accuracy_note": "Exact coordinate value published in the provider map source; not independently surveyed.",
        "altitude_m": null
      }
    },
    {
      "type": "Feature",
      "id": "zong-0140",
      "geometry": {
        "type": "Point",
        "coordinates": [
          67.08268,
          25.01649
        ]
      },
      "properties": {
        "site_uid": "zong-0140",
        "provider": "Zong",
        "source_index": 140,
        "site_name_source": "Karachi West",
        "display_name": "Karachi West",
        "city_source": "Karachi",
        "geometry_type": "Point",
        "record_kind": "provider_published_5g_site",
        "is_named": true,
        "duplicate_coordinate_group": "",
        "source_dataset": "Zong official 5G coverage map LOCS array",
        "source_url": "https://www.zong.com.pk/5g-coverage-map",
        "retrieved_at": "2026-08-07",
        "accuracy_note": "Exact coordinate value published in the provider map source; not independently surveyed.",
        "altitude_m": null
      }
    },
    {
      "type": "Feature",
      "id": "zong-0141",
      "geometry": {
        "type": "Point",
        "coordinates": [
          67.23528,
          24.86252
        ]
      },
      "properties": {
        "site_uid": "zong-0141",
        "provider": "Zong",
        "source_index": 141,
        "site_name_source": "Malir",
        "display_name": "Malir",
        "city_source": "Karachi",
        "geometry_type": "Point",
        "record_kind": "provider_published_5g_site",
        "is_named": true,
        "duplicate_coordinate_group": "",
        "source_dataset": "Zong official 5G coverage map LOCS array",
        "source_url": "https://www.zong.com.pk/5g-coverage-map",
        "retrieved_at": "2026-08-07",
        "accuracy_note": "Exact coordinate value published in the provider map source; not independently surveyed.",
        "altitude_m": null
      }
    },
    {
      "type": "Feature",
      "id": "zong-0142",
      "geometry": {
        "type": "Point",
        "coordinates": [
          67.259514,
          24.848825
        ]
      },
      "properties": {
        "site_uid": "zong-0142",
        "provider": "Zong",
        "source_index": 142,
        "site_name_source": "Malir",
        "display_name": "Malir",
        "city_source": "Karachi",
        "geometry_type": "Point",
        "record_kind": "provider_published_5g_site",
        "is_named": true,
        "duplicate_coordinate_group": "",
        "source_dataset": "Zong official 5G coverage map LOCS array",
        "source_url": "https://www.zong.com.pk/5g-coverage-map",
        "retrieved_at": "2026-08-07",
        "accuracy_note": "Exact coordinate value published in the provider map source; not independently surveyed.",
        "altitude_m": null
      }
    },
    {
      "type": "Feature",
      "id": "zong-0143",
      "geometry": {
        "type": "Point",
        "coordinates": [
          67.20734,
          24.85996
        ]
      },
      "properties": {
        "site_uid": "zong-0143",
        "provider": "Zong",
        "source_index": 143,
        "site_name_source": "Malir",
        "display_name": "Malir",
        "city_source": "Karachi",
        "geometry_type": "Point",
        "record_kind": "provider_published_5g_site",
        "is_named": true,
        "duplicate_coordinate_group": "",
        "source_dataset": "Zong official 5G coverage map LOCS array",
        "source_url": "https://www.zong.com.pk/5g-coverage-map",
        "retrieved_at": "2026-08-07",
        "accuracy_note": "Exact coordinate value published in the provider map source; not independently surveyed.",
        "altitude_m": null
      }
    },
    {
      "type": "Feature",
      "id": "zong-0144",
      "geometry": {
        "type": "Point",
        "coordinates": [
          67.09533,
          25.04778
        ]
      },
      "properties": {
        "site_uid": "zong-0144",
        "provider": "Zong",
        "source_index": 144,
        "site_name_source": "Karachi West",
        "display_name": "Karachi West",
        "city_source": "Karachi",
        "geometry_type": "Point",
        "record_kind": "provider_published_5g_site",
        "is_named": true,
        "duplicate_coordinate_group": "",
        "source_dataset": "Zong official 5G coverage map LOCS array",
        "source_url": "https://www.zong.com.pk/5g-coverage-map",
        "retrieved_at": "2026-08-07",
        "accuracy_note": "Exact coordinate value published in the provider map source; not independently surveyed.",
        "altitude_m": null
      }
    },
    {
      "type": "Feature",
      "id": "zong-0145",
      "geometry": {
        "type": "Point",
        "coordinates": [
          67.08857,
          25.02491
        ]
      },
      "properties": {
        "site_uid": "zong-0145",
        "provider": "Zong",
        "source_index": 145,
        "site_name_source": "Karachi West",
        "display_name": "Karachi West",
        "city_source": "Karachi",
        "geometry_type": "Point",
        "record_kind": "provider_published_5g_site",
        "is_named": true,
        "duplicate_coordinate_group": "",
        "source_dataset": "Zong official 5G coverage map LOCS array",
        "source_url": "https://www.zong.com.pk/5g-coverage-map",
        "retrieved_at": "2026-08-07",
        "accuracy_note": "Exact coordinate value published in the provider map source; not independently surveyed.",
        "altitude_m": null
      }
    },
    {
      "type": "Feature",
      "id": "zong-0146",
      "geometry": {
        "type": "Point",
        "coordinates": [
          67.23808,
          24.85401
        ]
      },
      "properties": {
        "site_uid": "zong-0146",
        "provider": "Zong",
        "source_index": 146,
        "site_name_source": "Malir",
        "display_name": "Malir",
        "city_source": "Karachi",
        "geometry_type": "Point",
        "record_kind": "provider_published_5g_site",
        "is_named": true,
        "duplicate_coordinate_group": "",
        "source_dataset": "Zong official 5G coverage map LOCS array",
        "source_url": "https://www.zong.com.pk/5g-coverage-map",
        "retrieved_at": "2026-08-07",
        "accuracy_note": "Exact coordinate value published in the provider map source; not independently surveyed.",
        "altitude_m": null
      }
    },
    {
      "type": "Feature",
      "id": "zong-0147",
      "geometry": {
        "type": "Point",
        "coordinates": [
          67.28448,
          24.86416
        ]
      },
      "properties": {
        "site_uid": "zong-0147",
        "provider": "Zong",
        "source_index": 147,
        "site_name_source": "Malir",
        "display_name": "Malir",
        "city_source": "Karachi",
        "geometry_type": "Point",
        "record_kind": "provider_published_5g_site",
        "is_named": true,
        "duplicate_coordinate_group": "",
        "source_dataset": "Zong official 5G coverage map LOCS array",
        "source_url": "https://www.zong.com.pk/5g-coverage-map",
        "retrieved_at": "2026-08-07",
        "accuracy_note": "Exact coordinate value published in the provider map source; not independently surveyed.",
        "altitude_m": null
      }
    },
    {
      "type": "Feature",
      "id": "zong-0148",
      "geometry": {
        "type": "Point",
        "coordinates": [
          72.98211,
          33.67132
        ]
      },
      "properties": {
        "site_uid": "zong-0148",
        "provider": "Zong",
        "source_index": 148,
        "site_name_source": "Islamabad",
        "display_name": "Islamabad",
        "city_source": "Islamabad",
        "geometry_type": "Point",
        "record_kind": "provider_published_5g_site",
        "is_named": true,
        "duplicate_coordinate_group": "",
        "source_dataset": "Zong official 5G coverage map LOCS array",
        "source_url": "https://www.zong.com.pk/5g-coverage-map",
        "retrieved_at": "2026-08-07",
        "accuracy_note": "Exact coordinate value published in the provider map source; not independently surveyed.",
        "altitude_m": null
      }
    },
    {
      "type": "Feature",
      "id": "zong-0149",
      "geometry": {
        "type": "Point",
        "coordinates": [
          73.10721,
          33.60674
        ]
      },
      "properties": {
        "site_uid": "zong-0149",
        "provider": "Zong",
        "source_index": 149,
        "site_name_source": "Rawalpindi",
        "display_name": "Rawalpindi",
        "city_source": "Rawalpindi",
        "geometry_type": "Point",
        "record_kind": "provider_published_5g_site",
        "is_named": true,
        "duplicate_coordinate_group": "",
        "source_dataset": "Zong official 5G coverage map LOCS array",
        "source_url": "https://www.zong.com.pk/5g-coverage-map",
        "retrieved_at": "2026-08-07",
        "accuracy_note": "Exact coordinate value published in the provider map source; not independently surveyed.",
        "altitude_m": null
      }
    },
    {
      "type": "Feature",
      "id": "zong-0150",
      "geometry": {
        "type": "Point",
        "coordinates": [
          73.11562,
          33.62969
        ]
      },
      "properties": {
        "site_uid": "zong-0150",
        "provider": "Zong",
        "source_index": 150,
        "site_name_source": "Islamabad",
        "display_name": "Islamabad",
        "city_source": "Islamabad",
        "geometry_type": "Point",
        "record_kind": "provider_published_5g_site",
        "is_named": true,
        "duplicate_coordinate_group": "",
        "source_dataset": "Zong official 5G coverage map LOCS array",
        "source_url": "https://www.zong.com.pk/5g-coverage-map",
        "retrieved_at": "2026-08-07",
        "accuracy_note": "Exact coordinate value published in the provider map source; not independently surveyed.",
        "altitude_m": null
      }
    },
    {
      "type": "Feature",
      "id": "zong-0151",
      "geometry": {
        "type": "Point",
        "coordinates": [
          72.97873,
          33.654213
        ]
      },
      "properties": {
        "site_uid": "zong-0151",
        "provider": "Zong",
        "source_index": 151,
        "site_name_source": "Islamabad",
        "display_name": "Islamabad",
        "city_source": "Islamabad",
        "geometry_type": "Point",
        "record_kind": "provider_published_5g_site",
        "is_named": true,
        "duplicate_coordinate_group": "",
        "source_dataset": "Zong official 5G coverage map LOCS array",
        "source_url": "https://www.zong.com.pk/5g-coverage-map",
        "retrieved_at": "2026-08-07",
        "accuracy_note": "Exact coordinate value published in the provider map source; not independently surveyed.",
        "altitude_m": null
      }
    },
    {
      "type": "Feature",
      "id": "zong-0152",
      "geometry": {
        "type": "Point",
        "coordinates": [
          72.93957,
          33.69796
        ]
      },
      "properties": {
        "site_uid": "zong-0152",
        "provider": "Zong",
        "source_index": 152,
        "site_name_source": "Islamabad",
        "display_name": "Islamabad",
        "city_source": "Islamabad",
        "geometry_type": "Point",
        "record_kind": "provider_published_5g_site",
        "is_named": true,
        "duplicate_coordinate_group": "",
        "source_dataset": "Zong official 5G coverage map LOCS array",
        "source_url": "https://www.zong.com.pk/5g-coverage-map",
        "retrieved_at": "2026-08-07",
        "accuracy_note": "Exact coordinate value published in the provider map source; not independently surveyed.",
        "altitude_m": null
      }
    },
    {
      "type": "Feature",
      "id": "zong-0153",
      "geometry": {
        "type": "Point",
        "coordinates": [
          73.10936,
          33.60173
        ]
      },
      "properties": {
        "site_uid": "zong-0153",
        "provider": "Zong",
        "source_index": 153,
        "site_name_source": "Rawalpindi",
        "display_name": "Rawalpindi",
        "city_source": "Rawalpindi",
        "geometry_type": "Point",
        "record_kind": "provider_published_5g_site",
        "is_named": true,
        "duplicate_coordinate_group": "",
        "source_dataset": "Zong official 5G coverage map LOCS array",
        "source_url": "https://www.zong.com.pk/5g-coverage-map",
        "retrieved_at": "2026-08-07",
        "accuracy_note": "Exact coordinate value published in the provider map source; not independently surveyed.",
        "altitude_m": null
      }
    },
    {
      "type": "Feature",
      "id": "zong-0154",
      "geometry": {
        "type": "Point",
        "coordinates": [
          73.11913,
          33.61195
        ]
      },
      "properties": {
        "site_uid": "zong-0154",
        "provider": "Zong",
        "source_index": 154,
        "site_name_source": "Rawalpindi",
        "display_name": "Rawalpindi",
        "city_source": "Rawalpindi",
        "geometry_type": "Point",
        "record_kind": "provider_published_5g_site",
        "is_named": true,
        "duplicate_coordinate_group": "",
        "source_dataset": "Zong official 5G coverage map LOCS array",
        "source_url": "https://www.zong.com.pk/5g-coverage-map",
        "retrieved_at": "2026-08-07",
        "accuracy_note": "Exact coordinate value published in the provider map source; not independently surveyed.",
        "altitude_m": null
      }
    },
    {
      "type": "Feature",
      "id": "zong-0155",
      "geometry": {
        "type": "Point",
        "coordinates": [
          72.98628,
          33.63467
        ]
      },
      "properties": {
        "site_uid": "zong-0155",
        "provider": "Zong",
        "source_index": 155,
        "site_name_source": "Islamabad",
        "display_name": "Islamabad",
        "city_source": "Islamabad",
        "geometry_type": "Point",
        "record_kind": "provider_published_5g_site",
        "is_named": true,
        "duplicate_coordinate_group": "",
        "source_dataset": "Zong official 5G coverage map LOCS array",
        "source_url": "https://www.zong.com.pk/5g-coverage-map",
        "retrieved_at": "2026-08-07",
        "accuracy_note": "Exact coordinate value published in the provider map source; not independently surveyed.",
        "altitude_m": null
      }
    },
    {
      "type": "Feature",
      "id": "zong-0156",
      "geometry": {
        "type": "Point",
        "coordinates": [
          74.26466,
          31.62116
        ]
      },
      "properties": {
        "site_uid": "zong-0156",
        "provider": "Zong",
        "source_index": 156,
        "site_name_source": "Sheikhupura",
        "display_name": "Sheikhupura",
        "city_source": "Sheikhupura",
        "geometry_type": "Point",
        "record_kind": "provider_published_5g_site",
        "is_named": true,
        "duplicate_coordinate_group": "",
        "source_dataset": "Zong official 5G coverage map LOCS array",
        "source_url": "https://www.zong.com.pk/5g-coverage-map",
        "retrieved_at": "2026-08-07",
        "accuracy_note": "Exact coordinate value published in the provider map source; not independently surveyed.",
        "altitude_m": null
      }
    },
    {
      "type": "Feature",
      "id": "zong-0157",
      "geometry": {
        "type": "Point",
        "coordinates": [
          74.24115,
          31.62477
        ]
      },
      "properties": {
        "site_uid": "zong-0157",
        "provider": "Zong",
        "source_index": 157,
        "site_name_source": "Sheikhupura",
        "display_name": "Sheikhupura",
        "city_source": "Sheikhupura",
        "geometry_type": "Point",
        "record_kind": "provider_published_5g_site",
        "is_named": true,
        "duplicate_coordinate_group": "",
        "source_dataset": "Zong official 5G coverage map LOCS array",
        "source_url": "https://www.zong.com.pk/5g-coverage-map",
        "retrieved_at": "2026-08-07",
        "accuracy_note": "Exact coordinate value published in the provider map source; not independently surveyed.",
        "altitude_m": null
      }
    },
    {
      "type": "Feature",
      "id": "zong-0158",
      "geometry": {
        "type": "Point",
        "coordinates": [
          74.255468,
          31.606162
        ]
      },
      "properties": {
        "site_uid": "zong-0158",
        "provider": "Zong",
        "source_index": 158,
        "site_name_source": "Sheikhupura",
        "display_name": "Sheikhupura",
        "city_source": "Sheikhupura",
        "geometry_type": "Point",
        "record_kind": "provider_published_5g_site",
        "is_named": true,
        "duplicate_coordinate_group": "",
        "source_dataset": "Zong official 5G coverage map LOCS array",
        "source_url": "https://www.zong.com.pk/5g-coverage-map",
        "retrieved_at": "2026-08-07",
        "accuracy_note": "Exact coordinate value published in the provider map source; not independently surveyed.",
        "altitude_m": null
      }
    },
    {
      "type": "Feature",
      "id": "zong-0159",
      "geometry": {
        "type": "Point",
        "coordinates": [
          74.22865,
          31.63281
        ]
      },
      "properties": {
        "site_uid": "zong-0159",
        "provider": "Zong",
        "source_index": 159,
        "site_name_source": "Sheikhupura",
        "display_name": "Sheikhupura",
        "city_source": "Kot Abdul Malik",
        "geometry_type": "Point",
        "record_kind": "provider_published_5g_site",
        "is_named": true,
        "duplicate_coordinate_group": "",
        "source_dataset": "Zong official 5G coverage map LOCS array",
        "source_url": "https://www.zong.com.pk/5g-coverage-map",
        "retrieved_at": "2026-08-07",
        "accuracy_note": "Exact coordinate value published in the provider map source; not independently surveyed.",
        "altitude_m": null
      }
    },
    {
      "type": "Feature",
      "id": "zong-0160",
      "geometry": {
        "type": "Point",
        "coordinates": [
          74.25833,
          31.62304
        ]
      },
      "properties": {
        "site_uid": "zong-0160",
        "provider": "Zong",
        "source_index": 160,
        "site_name_source": "Lahore",
        "display_name": "Lahore",
        "city_source": "Lahore",
        "geometry_type": "Point",
        "record_kind": "provider_published_5g_site",
        "is_named": true,
        "duplicate_coordinate_group": "",
        "source_dataset": "Zong official 5G coverage map LOCS array",
        "source_url": "https://www.zong.com.pk/5g-coverage-map",
        "retrieved_at": "2026-08-07",
        "accuracy_note": "Exact coordinate value published in the provider map source; not independently surveyed.",
        "altitude_m": null
      }
    },
    {
      "type": "Feature",
      "id": "zong-0161",
      "geometry": {
        "type": "Point",
        "coordinates": [
          72.98288,
          33.62555
        ]
      },
      "properties": {
        "site_uid": "zong-0161",
        "provider": "Zong",
        "source_index": 161,
        "site_name_source": "Islamabad",
        "display_name": "Islamabad",
        "city_source": "Islamabad",
        "geometry_type": "Point",
        "record_kind": "provider_published_5g_site",
        "is_named": true,
        "duplicate_coordinate_group": "",
        "source_dataset": "Zong official 5G coverage map LOCS array",
        "source_url": "https://www.zong.com.pk/5g-coverage-map",
        "retrieved_at": "2026-08-07",
        "accuracy_note": "Exact coordinate value published in the provider map source; not independently surveyed.",
        "altitude_m": null
      }
    },
    {
      "type": "Feature",
      "id": "zong-0162",
      "geometry": {
        "type": "Point",
        "coordinates": [
          72.96892,
          33.64179
        ]
      },
      "properties": {
        "site_uid": "zong-0162",
        "provider": "Zong",
        "source_index": 162,
        "site_name_source": "Islamabad",
        "display_name": "Islamabad",
        "city_source": "Islamabad",
        "geometry_type": "Point",
        "record_kind": "provider_published_5g_site",
        "is_named": true,
        "duplicate_coordinate_group": "",
        "source_dataset": "Zong official 5G coverage map LOCS array",
        "source_url": "https://www.zong.com.pk/5g-coverage-map",
        "retrieved_at": "2026-08-07",
        "accuracy_note": "Exact coordinate value published in the provider map source; not independently surveyed.",
        "altitude_m": null
      }
    },
    {
      "type": "Feature",
      "id": "zong-0163",
      "geometry": {
        "type": "Point",
        "coordinates": [
          73.11111,
          33.62116
        ]
      },
      "properties": {
        "site_uid": "zong-0163",
        "provider": "Zong",
        "source_index": 163,
        "site_name_source": "Rawalpindi",
        "display_name": "Rawalpindi",
        "city_source": "Rawalpindi",
        "geometry_type": "Point",
        "record_kind": "provider_published_5g_site",
        "is_named": true,
        "duplicate_coordinate_group": "",
        "source_dataset": "Zong official 5G coverage map LOCS array",
        "source_url": "https://www.zong.com.pk/5g-coverage-map",
        "retrieved_at": "2026-08-07",
        "accuracy_note": "Exact coordinate value published in the provider map source; not independently surveyed.",
        "altitude_m": null
      }
    },
    {
      "type": "Feature",
      "id": "zong-0164",
      "geometry": {
        "type": "Point",
        "coordinates": [
          73.1054,
          33.6295
        ]
      },
      "properties": {
        "site_uid": "zong-0164",
        "provider": "Zong",
        "source_index": 164,
        "site_name_source": "Rawalpindi",
        "display_name": "Rawalpindi",
        "city_source": "Rawalpindi",
        "geometry_type": "Point",
        "record_kind": "provider_published_5g_site",
        "is_named": true,
        "duplicate_coordinate_group": "",
        "source_dataset": "Zong official 5G coverage map LOCS array",
        "source_url": "https://www.zong.com.pk/5g-coverage-map",
        "retrieved_at": "2026-08-07",
        "accuracy_note": "Exact coordinate value published in the provider map source; not independently surveyed.",
        "altitude_m": null
      }
    },
    {
      "type": "Feature",
      "id": "zong-0165",
      "geometry": {
        "type": "Point",
        "coordinates": [
          72.96815,
          33.63325
        ]
      },
      "properties": {
        "site_uid": "zong-0165",
        "provider": "Zong",
        "source_index": 165,
        "site_name_source": "Islamabad",
        "display_name": "Islamabad",
        "city_source": "Islamabad",
        "geometry_type": "Point",
        "record_kind": "provider_published_5g_site",
        "is_named": true,
        "duplicate_coordinate_group": "",
        "source_dataset": "Zong official 5G coverage map LOCS array",
        "source_url": "https://www.zong.com.pk/5g-coverage-map",
        "retrieved_at": "2026-08-07",
        "accuracy_note": "Exact coordinate value published in the provider map source; not independently surveyed.",
        "altitude_m": null
      }
    },
    {
      "type": "Feature",
      "id": "zong-0166",
      "geometry": {
        "type": "Point",
        "coordinates": [
          67.06622,
          25.00819
        ]
      },
      "properties": {
        "site_uid": "zong-0166",
        "provider": "Zong",
        "source_index": 166,
        "site_name_source": "Karachi West",
        "display_name": "Karachi West",
        "city_source": "Karachi",
        "geometry_type": "Point",
        "record_kind": "provider_published_5g_site",
        "is_named": true,
        "duplicate_coordinate_group": "",
        "source_dataset": "Zong official 5G coverage map LOCS array",
        "source_url": "https://www.zong.com.pk/5g-coverage-map",
        "retrieved_at": "2026-08-07",
        "accuracy_note": "Exact coordinate value published in the provider map source; not independently surveyed.",
        "altitude_m": null
      }
    },
    {
      "type": "Feature",
      "id": "zong-0167",
      "geometry": {
        "type": "Point",
        "coordinates": [
          67.07262,
          25.02312
        ]
      },
      "properties": {
        "site_uid": "zong-0167",
        "provider": "Zong",
        "source_index": 167,
        "site_name_source": "Karachi West",
        "display_name": "Karachi West",
        "city_source": "Karachi",
        "geometry_type": "Point",
        "record_kind": "provider_published_5g_site",
        "is_named": true,
        "duplicate_coordinate_group": "",
        "source_dataset": "Zong official 5G coverage map LOCS array",
        "source_url": "https://www.zong.com.pk/5g-coverage-map",
        "retrieved_at": "2026-08-07",
        "accuracy_note": "Exact coordinate value published in the provider map source; not independently surveyed.",
        "altitude_m": null
      }
    },
    {
      "type": "Feature",
      "id": "zong-0168",
      "geometry": {
        "type": "Point",
        "coordinates": [
          67.20705,
          24.856388
        ]
      },
      "properties": {
        "site_uid": "zong-0168",
        "provider": "Zong",
        "source_index": 168,
        "site_name_source": "Malir",
        "display_name": "Malir",
        "city_source": "Karachi",
        "geometry_type": "Point",
        "record_kind": "provider_published_5g_site",
        "is_named": true,
        "duplicate_coordinate_group": "",
        "source_dataset": "Zong official 5G coverage map LOCS array",
        "source_url": "https://www.zong.com.pk/5g-coverage-map",
        "retrieved_at": "2026-08-07",
        "accuracy_note": "Exact coordinate value published in the provider map source; not independently surveyed.",
        "altitude_m": null
      }
    },
    {
      "type": "Feature",
      "id": "zong-0169",
      "geometry": {
        "type": "Point",
        "coordinates": [
          67.26589,
          24.85124
        ]
      },
      "properties": {
        "site_uid": "zong-0169",
        "provider": "Zong",
        "source_index": 169,
        "site_name_source": "Malir",
        "display_name": "Malir",
        "city_source": "Karachi",
        "geometry_type": "Point",
        "record_kind": "provider_published_5g_site",
        "is_named": true,
        "duplicate_coordinate_group": "",
        "source_dataset": "Zong official 5G coverage map LOCS array",
        "source_url": "https://www.zong.com.pk/5g-coverage-map",
        "retrieved_at": "2026-08-07",
        "accuracy_note": "Exact coordinate value published in the provider map source; not independently surveyed.",
        "altitude_m": null
      }
    },
    {
      "type": "Feature",
      "id": "zong-0170",
      "geometry": {
        "type": "Point",
        "coordinates": [
          67.26836,
          24.85368
        ]
      },
      "properties": {
        "site_uid": "zong-0170",
        "provider": "Zong",
        "source_index": 170,
        "site_name_source": "Malir",
        "display_name": "Malir",
        "city_source": "Karachi",
        "geometry_type": "Point",
        "record_kind": "provider_published_5g_site",
        "is_named": true,
        "duplicate_coordinate_group": "",
        "source_dataset": "Zong official 5G coverage map LOCS array",
        "source_url": "https://www.zong.com.pk/5g-coverage-map",
        "retrieved_at": "2026-08-07",
        "accuracy_note": "Exact coordinate value published in the provider map source; not independently surveyed.",
        "altitude_m": null
      }
    },
    {
      "type": "Feature",
      "id": "zong-0171",
      "geometry": {
        "type": "Point",
        "coordinates": [
          67.18688,
          24.85292
        ]
      },
      "properties": {
        "site_uid": "zong-0171",
        "provider": "Zong",
        "source_index": 171,
        "site_name_source": "Malir",
        "display_name": "Malir",
        "city_source": "Karachi",
        "geometry_type": "Point",
        "record_kind": "provider_published_5g_site",
        "is_named": true,
        "duplicate_coordinate_group": "",
        "source_dataset": "Zong official 5G coverage map LOCS array",
        "source_url": "https://www.zong.com.pk/5g-coverage-map",
        "retrieved_at": "2026-08-07",
        "accuracy_note": "Exact coordinate value published in the provider map source; not independently surveyed.",
        "altitude_m": null
      }
    },
    {
      "type": "Feature",
      "id": "zong-0172",
      "geometry": {
        "type": "Point",
        "coordinates": [
          67.05477,
          25.01796
        ]
      },
      "properties": {
        "site_uid": "zong-0172",
        "provider": "Zong",
        "source_index": 172,
        "site_name_source": "Karachi West",
        "display_name": "Karachi West",
        "city_source": "Karachi",
        "geometry_type": "Point",
        "record_kind": "provider_published_5g_site",
        "is_named": true,
        "duplicate_coordinate_group": "",
        "source_dataset": "Zong official 5G coverage map LOCS array",
        "source_url": "https://www.zong.com.pk/5g-coverage-map",
        "retrieved_at": "2026-08-07",
        "accuracy_note": "Exact coordinate value published in the provider map source; not independently surveyed.",
        "altitude_m": null
      }
    },
    {
      "type": "Feature",
      "id": "zong-0173",
      "geometry": {
        "type": "Point",
        "coordinates": [
          67.25893,
          24.8604
        ]
      },
      "properties": {
        "site_uid": "zong-0173",
        "provider": "Zong",
        "source_index": 173,
        "site_name_source": "Malir",
        "display_name": "Malir",
        "city_source": "Karachi",
        "geometry_type": "Point",
        "record_kind": "provider_published_5g_site",
        "is_named": true,
        "duplicate_coordinate_group": "",
        "source_dataset": "Zong official 5G coverage map LOCS array",
        "source_url": "https://www.zong.com.pk/5g-coverage-map",
        "retrieved_at": "2026-08-07",
        "accuracy_note": "Exact coordinate value published in the provider map source; not independently surveyed.",
        "altitude_m": null
      }
    },
    {
      "type": "Feature",
      "id": "zong-0174",
      "geometry": {
        "type": "Point",
        "coordinates": [
          73.10867,
          33.62921
        ]
      },
      "properties": {
        "site_uid": "zong-0174",
        "provider": "Zong",
        "source_index": 174,
        "site_name_source": "Rawalpindi",
        "display_name": "Rawalpindi",
        "city_source": "Rawalpindi",
        "geometry_type": "Point",
        "record_kind": "provider_published_5g_site",
        "is_named": true,
        "duplicate_coordinate_group": "",
        "source_dataset": "Zong official 5G coverage map LOCS array",
        "source_url": "https://www.zong.com.pk/5g-coverage-map",
        "retrieved_at": "2026-08-07",
        "accuracy_note": "Exact coordinate value published in the provider map source; not independently surveyed.",
        "altitude_m": null
      }
    },
    {
      "type": "Feature",
      "id": "zong-0175",
      "geometry": {
        "type": "Point",
        "coordinates": [
          72.98907,
          33.65945
        ]
      },
      "properties": {
        "site_uid": "zong-0175",
        "provider": "Zong",
        "source_index": 175,
        "site_name_source": "Islamabad",
        "display_name": "Islamabad",
        "city_source": "Islamabad",
        "geometry_type": "Point",
        "record_kind": "provider_published_5g_site",
        "is_named": true,
        "duplicate_coordinate_group": "",
        "source_dataset": "Zong official 5G coverage map LOCS array",
        "source_url": "https://www.zong.com.pk/5g-coverage-map",
        "retrieved_at": "2026-08-07",
        "accuracy_note": "Exact coordinate value published in the provider map source; not independently surveyed.",
        "altitude_m": null
      }
    },
    {
      "type": "Feature",
      "id": "zong-0176",
      "geometry": {
        "type": "Point",
        "coordinates": [
          73.10009,
          33.59496
        ]
      },
      "properties": {
        "site_uid": "zong-0176",
        "provider": "Zong",
        "source_index": 176,
        "site_name_source": "Rawalpindi",
        "display_name": "Rawalpindi",
        "city_source": "Rawalpindi",
        "geometry_type": "Point",
        "record_kind": "provider_published_5g_site",
        "is_named": true,
        "duplicate_coordinate_group": "",
        "source_dataset": "Zong official 5G coverage map LOCS array",
        "source_url": "https://www.zong.com.pk/5g-coverage-map",
        "retrieved_at": "2026-08-07",
        "accuracy_note": "Exact coordinate value published in the provider map source; not independently surveyed.",
        "altitude_m": null
      }
    },
    {
      "type": "Feature",
      "id": "zong-0177",
      "geometry": {
        "type": "Point",
        "coordinates": [
          73.12962,
          33.61622
        ]
      },
      "properties": {
        "site_uid": "zong-0177",
        "provider": "Zong",
        "source_index": 177,
        "site_name_source": "Islamabad",
        "display_name": "Islamabad",
        "city_source": "Islamabad",
        "geometry_type": "Point",
        "record_kind": "provider_published_5g_site",
        "is_named": true,
        "duplicate_coordinate_group": "",
        "source_dataset": "Zong official 5G coverage map LOCS array",
        "source_url": "https://www.zong.com.pk/5g-coverage-map",
        "retrieved_at": "2026-08-07",
        "accuracy_note": "Exact coordinate value published in the provider map source; not independently surveyed.",
        "altitude_m": null
      }
    },
    {
      "type": "Feature",
      "id": "zong-0178",
      "geometry": {
        "type": "Point",
        "coordinates": [
          72.93532,
          33.690754
        ]
      },
      "properties": {
        "site_uid": "zong-0178",
        "provider": "Zong",
        "source_index": 178,
        "site_name_source": "Islamabad",
        "display_name": "Islamabad",
        "city_source": "Islamabad",
        "geometry_type": "Point",
        "record_kind": "provider_published_5g_site",
        "is_named": true,
        "duplicate_coordinate_group": "",
        "source_dataset": "Zong official 5G coverage map LOCS array",
        "source_url": "https://www.zong.com.pk/5g-coverage-map",
        "retrieved_at": "2026-08-07",
        "accuracy_note": "Exact coordinate value published in the provider map source; not independently surveyed.",
        "altitude_m": null
      }
    },
    {
      "type": "Feature",
      "id": "zong-0179",
      "geometry": {
        "type": "Point",
        "coordinates": [
          73.1074,
          33.62633
        ]
      },
      "properties": {
        "site_uid": "zong-0179",
        "provider": "Zong",
        "source_index": 179,
        "site_name_source": "Rawalpindi",
        "display_name": "Rawalpindi",
        "city_source": "Rawalpindi",
        "geometry_type": "Point",
        "record_kind": "provider_published_5g_site",
        "is_named": true,
        "duplicate_coordinate_group": "",
        "source_dataset": "Zong official 5G coverage map LOCS array",
        "source_url": "https://www.zong.com.pk/5g-coverage-map",
        "retrieved_at": "2026-08-07",
        "accuracy_note": "Exact coordinate value published in the provider map source; not independently surveyed.",
        "altitude_m": null
      }
    },
    {
      "type": "Feature",
      "id": "zong-0180",
      "geometry": {
        "type": "Point",
        "coordinates": [
          67.06918,
          25.02147
        ]
      },
      "properties": {
        "site_uid": "zong-0180",
        "provider": "Zong",
        "source_index": 180,
        "site_name_source": "Karachi West",
        "display_name": "Karachi West",
        "city_source": "Karachi",
        "geometry_type": "Point",
        "record_kind": "provider_published_5g_site",
        "is_named": true,
        "duplicate_coordinate_group": "",
        "source_dataset": "Zong official 5G coverage map LOCS array",
        "source_url": "https://www.zong.com.pk/5g-coverage-map",
        "retrieved_at": "2026-08-07",
        "accuracy_note": "Exact coordinate value published in the provider map source; not independently surveyed.",
        "altitude_m": null
      }
    },
    {
      "type": "Feature",
      "id": "zong-0181",
      "geometry": {
        "type": "Point",
        "coordinates": [
          67.06813,
          25.01612
        ]
      },
      "properties": {
        "site_uid": "zong-0181",
        "provider": "Zong",
        "source_index": 181,
        "site_name_source": "Karachi West",
        "display_name": "Karachi West",
        "city_source": "Karachi",
        "geometry_type": "Point",
        "record_kind": "provider_published_5g_site",
        "is_named": true,
        "duplicate_coordinate_group": "",
        "source_dataset": "Zong official 5G coverage map LOCS array",
        "source_url": "https://www.zong.com.pk/5g-coverage-map",
        "retrieved_at": "2026-08-07",
        "accuracy_note": "Exact coordinate value published in the provider map source; not independently surveyed.",
        "altitude_m": null
      }
    },
    {
      "type": "Feature",
      "id": "zong-0182",
      "geometry": {
        "type": "Point",
        "coordinates": [
          67.08137,
          25.00981
        ]
      },
      "properties": {
        "site_uid": "zong-0182",
        "provider": "Zong",
        "source_index": 182,
        "site_name_source": "Karachi West",
        "display_name": "Karachi West",
        "city_source": "Karachi",
        "geometry_type": "Point",
        "record_kind": "provider_published_5g_site",
        "is_named": true,
        "duplicate_coordinate_group": "",
        "source_dataset": "Zong official 5G coverage map LOCS array",
        "source_url": "https://www.zong.com.pk/5g-coverage-map",
        "retrieved_at": "2026-08-07",
        "accuracy_note": "Exact coordinate value published in the provider map source; not independently surveyed.",
        "altitude_m": null
      }
    },
    {
      "type": "Feature",
      "id": "zong-0183",
      "geometry": {
        "type": "Point",
        "coordinates": [
          67.06843,
          25.02598
        ]
      },
      "properties": {
        "site_uid": "zong-0183",
        "provider": "Zong",
        "source_index": 183,
        "site_name_source": "Karachi West",
        "display_name": "Karachi West",
        "city_source": "Karachi",
        "geometry_type": "Point",
        "record_kind": "provider_published_5g_site",
        "is_named": true,
        "duplicate_coordinate_group": "",
        "source_dataset": "Zong official 5G coverage map LOCS array",
        "source_url": "https://www.zong.com.pk/5g-coverage-map",
        "retrieved_at": "2026-08-07",
        "accuracy_note": "Exact coordinate value published in the provider map source; not independently surveyed.",
        "altitude_m": null
      }
    },
    {
      "type": "Feature",
      "id": "zong-0184",
      "geometry": {
        "type": "Point",
        "coordinates": [
          67.07846,
          25.03145
        ]
      },
      "properties": {
        "site_uid": "zong-0184",
        "provider": "Zong",
        "source_index": 184,
        "site_name_source": "Karachi South",
        "display_name": "Karachi South",
        "city_source": "Karachi",
        "geometry_type": "Point",
        "record_kind": "provider_published_5g_site",
        "is_named": true,
        "duplicate_coordinate_group": "",
        "source_dataset": "Zong official 5G coverage map LOCS array",
        "source_url": "https://www.zong.com.pk/5g-coverage-map",
        "retrieved_at": "2026-08-07",
        "accuracy_note": "Exact coordinate value published in the provider map source; not independently surveyed.",
        "altitude_m": null
      }
    },
    {
      "type": "Feature",
      "id": "zong-0185",
      "geometry": {
        "type": "Point",
        "coordinates": [
          67.275089,
          24.857794
        ]
      },
      "properties": {
        "site_uid": "zong-0185",
        "provider": "Zong",
        "source_index": 185,
        "site_name_source": "Malir",
        "display_name": "Malir",
        "city_source": "Karachi",
        "geometry_type": "Point",
        "record_kind": "provider_published_5g_site",
        "is_named": true,
        "duplicate_coordinate_group": "",
        "source_dataset": "Zong official 5G coverage map LOCS array",
        "source_url": "https://www.zong.com.pk/5g-coverage-map",
        "retrieved_at": "2026-08-07",
        "accuracy_note": "Exact coordinate value published in the provider map source; not independently surveyed.",
        "altitude_m": null
      }
    },
    {
      "type": "Feature",
      "id": "zong-0186",
      "geometry": {
        "type": "Point",
        "coordinates": [
          67.292095,
          24.852829
        ]
      },
      "properties": {
        "site_uid": "zong-0186",
        "provider": "Zong",
        "source_index": 186,
        "site_name_source": "Malir",
        "display_name": "Malir",
        "city_source": "Karachi",
        "geometry_type": "Point",
        "record_kind": "provider_published_5g_site",
        "is_named": true,
        "duplicate_coordinate_group": "",
        "source_dataset": "Zong official 5G coverage map LOCS array",
        "source_url": "https://www.zong.com.pk/5g-coverage-map",
        "retrieved_at": "2026-08-07",
        "accuracy_note": "Exact coordinate value published in the provider map source; not independently surveyed.",
        "altitude_m": null
      }
    },
    {
      "type": "Feature",
      "id": "zong-0187",
      "geometry": {
        "type": "Point",
        "coordinates": [
          67.04115,
          25.01821
        ]
      },
      "properties": {
        "site_uid": "zong-0187",
        "provider": "Zong",
        "source_index": 187,
        "site_name_source": "Karachi West",
        "display_name": "Karachi West",
        "city_source": "Karachi",
        "geometry_type": "Point",
        "record_kind": "provider_published_5g_site",
        "is_named": true,
        "duplicate_coordinate_group": "",
        "source_dataset": "Zong official 5G coverage map LOCS array",
        "source_url": "https://www.zong.com.pk/5g-coverage-map",
        "retrieved_at": "2026-08-07",
        "accuracy_note": "Exact coordinate value published in the provider map source; not independently surveyed.",
        "altitude_m": null
      }
    },
    {
      "type": "Feature",
      "id": "zong-0188",
      "geometry": {
        "type": "Point",
        "coordinates": [
          74.2735,
          31.6305
        ]
      },
      "properties": {
        "site_uid": "zong-0188",
        "provider": "Zong",
        "source_index": 188,
        "site_name_source": "Sheikhupura",
        "display_name": "Sheikhupura",
        "city_source": "Shahdrah",
        "geometry_type": "Point",
        "record_kind": "provider_published_5g_site",
        "is_named": true,
        "duplicate_coordinate_group": "",
        "source_dataset": "Zong official 5G coverage map LOCS array",
        "source_url": "https://www.zong.com.pk/5g-coverage-map",
        "retrieved_at": "2026-08-07",
        "accuracy_note": "Exact coordinate value published in the provider map source; not independently surveyed.",
        "altitude_m": null
      }
    },
    {
      "type": "Feature",
      "id": "zong-0189",
      "geometry": {
        "type": "Point",
        "coordinates": [
          74.279,
          31.648
        ]
      },
      "properties": {
        "site_uid": "zong-0189",
        "provider": "Zong",
        "source_index": 189,
        "site_name_source": "Sheikhupura",
        "display_name": "Sheikhupura",
        "city_source": "Shahdrah",
        "geometry_type": "Point",
        "record_kind": "provider_published_5g_site",
        "is_named": true,
        "duplicate_coordinate_group": "",
        "source_dataset": "Zong official 5G coverage map LOCS array",
        "source_url": "https://www.zong.com.pk/5g-coverage-map",
        "retrieved_at": "2026-08-07",
        "accuracy_note": "Exact coordinate value published in the provider map source; not independently surveyed.",
        "altitude_m": null
      }
    },
    {
      "type": "Feature",
      "id": "zong-0190",
      "geometry": {
        "type": "Point",
        "coordinates": [
          74.30922,
          31.628805
        ]
      },
      "properties": {
        "site_uid": "zong-0190",
        "provider": "Zong",
        "source_index": 190,
        "site_name_source": "Sheikhupura",
        "display_name": "Sheikhupura",
        "city_source": "Shahdrah",
        "geometry_type": "Point",
        "record_kind": "provider_published_5g_site",
        "is_named": true,
        "duplicate_coordinate_group": "",
        "source_dataset": "Zong official 5G coverage map LOCS array",
        "source_url": "https://www.zong.com.pk/5g-coverage-map",
        "retrieved_at": "2026-08-07",
        "accuracy_note": "Exact coordinate value published in the provider map source; not independently surveyed.",
        "altitude_m": null
      }
    },
    {
      "type": "Feature",
      "id": "zong-0191",
      "geometry": {
        "type": "Point",
        "coordinates": [
          74.288,
          31.6194
        ]
      },
      "properties": {
        "site_uid": "zong-0191",
        "provider": "Zong",
        "source_index": 191,
        "site_name_source": "Lahore",
        "display_name": "Lahore",
        "city_source": "Shahdrah",
        "geometry_type": "Point",
        "record_kind": "provider_published_5g_site",
        "is_named": true,
        "duplicate_coordinate_group": "",
        "source_dataset": "Zong official 5G coverage map LOCS array",
        "source_url": "https://www.zong.com.pk/5g-coverage-map",
        "retrieved_at": "2026-08-07",
        "accuracy_note": "Exact coordinate value published in the provider map source; not independently surveyed.",
        "altitude_m": null
      }
    },
    {
      "type": "Feature",
      "id": "zong-0192",
      "geometry": {
        "type": "Point",
        "coordinates": [
          74.27465,
          31.634718
        ]
      },
      "properties": {
        "site_uid": "zong-0192",
        "provider": "Zong",
        "source_index": 192,
        "site_name_source": "Sheikhupura",
        "display_name": "Sheikhupura",
        "city_source": "Shahdra",
        "geometry_type": "Point",
        "record_kind": "provider_published_5g_site",
        "is_named": true,
        "duplicate_coordinate_group": "",
        "source_dataset": "Zong official 5G coverage map LOCS array",
        "source_url": "https://www.zong.com.pk/5g-coverage-map",
        "retrieved_at": "2026-08-07",
        "accuracy_note": "Exact coordinate value published in the provider map source; not independently surveyed.",
        "altitude_m": null
      }
    },
    {
      "type": "Feature",
      "id": "zong-0193",
      "geometry": {
        "type": "Point",
        "coordinates": [
          74.29079,
          31.641556
        ]
      },
      "properties": {
        "site_uid": "zong-0193",
        "provider": "Zong",
        "source_index": 193,
        "site_name_source": "Sheikhupura",
        "display_name": "Sheikhupura",
        "city_source": "Lahore",
        "geometry_type": "Point",
        "record_kind": "provider_published_5g_site",
        "is_named": true,
        "duplicate_coordinate_group": "",
        "source_dataset": "Zong official 5G coverage map LOCS array",
        "source_url": "https://www.zong.com.pk/5g-coverage-map",
        "retrieved_at": "2026-08-07",
        "accuracy_note": "Exact coordinate value published in the provider map source; not independently surveyed.",
        "altitude_m": null
      }
    },
    {
      "type": "Feature",
      "id": "zong-0194",
      "geometry": {
        "type": "Point",
        "coordinates": [
          74.2878,
          31.6107
        ]
      },
      "properties": {
        "site_uid": "zong-0194",
        "provider": "Zong",
        "source_index": 194,
        "site_name_source": "Lahore",
        "display_name": "Lahore",
        "city_source": "Shahdrah",
        "geometry_type": "Point",
        "record_kind": "provider_published_5g_site",
        "is_named": true,
        "duplicate_coordinate_group": "",
        "source_dataset": "Zong official 5G coverage map LOCS array",
        "source_url": "https://www.zong.com.pk/5g-coverage-map",
        "retrieved_at": "2026-08-07",
        "accuracy_note": "Exact coordinate value published in the provider map source; not independently surveyed.",
        "altitude_m": null
      }
    },
    {
      "type": "Feature",
      "id": "zong-0195",
      "geometry": {
        "type": "Point",
        "coordinates": [
          74.27887,
          31.64381
        ]
      },
      "properties": {
        "site_uid": "zong-0195",
        "provider": "Zong",
        "source_index": 195,
        "site_name_source": "Sheikhupura",
        "display_name": "Sheikhupura",
        "city_source": "Sheikhupura",
        "geometry_type": "Point",
        "record_kind": "provider_published_5g_site",
        "is_named": true,
        "duplicate_coordinate_group": "",
        "source_dataset": "Zong official 5G coverage map LOCS array",
        "source_url": "https://www.zong.com.pk/5g-coverage-map",
        "retrieved_at": "2026-08-07",
        "accuracy_note": "Exact coordinate value published in the provider map source; not independently surveyed.",
        "altitude_m": null
      }
    },
    {
      "type": "Feature",
      "id": "zong-0196",
      "geometry": {
        "type": "Point",
        "coordinates": [
          74.269136,
          31.608292
        ]
      },
      "properties": {
        "site_uid": "zong-0196",
        "provider": "Zong",
        "source_index": 196,
        "site_name_source": "Lahore",
        "display_name": "Lahore",
        "city_source": "Lahore",
        "geometry_type": "Point",
        "record_kind": "provider_published_5g_site",
        "is_named": true,
        "duplicate_coordinate_group": "",
        "source_dataset": "Zong official 5G coverage map LOCS array",
        "source_url": "https://www.zong.com.pk/5g-coverage-map",
        "retrieved_at": "2026-08-07",
        "accuracy_note": "Exact coordinate value published in the provider map source; not independently surveyed.",
        "altitude_m": null
      }
    },
    {
      "type": "Feature",
      "id": "zong-0197",
      "geometry": {
        "type": "Point",
        "coordinates": [
          67.10612,
          25.04683
        ]
      },
      "properties": {
        "site_uid": "zong-0197",
        "provider": "Zong",
        "source_index": 197,
        "site_name_source": "Karachi West",
        "display_name": "Karachi West",
        "city_source": "Karachi",
        "geometry_type": "Point",
        "record_kind": "provider_published_5g_site",
        "is_named": true,
        "duplicate_coordinate_group": "",
        "source_dataset": "Zong official 5G coverage map LOCS array",
        "source_url": "https://www.zong.com.pk/5g-coverage-map",
        "retrieved_at": "2026-08-07",
        "accuracy_note": "Exact coordinate value published in the provider map source; not independently surveyed.",
        "altitude_m": null
      }
    },
    {
      "type": "Feature",
      "id": "zong-0198",
      "geometry": {
        "type": "Point",
        "coordinates": [
          67.10641,
          25.05255
        ]
      },
      "properties": {
        "site_uid": "zong-0198",
        "provider": "Zong",
        "source_index": 198,
        "site_name_source": "Karachi West",
        "display_name": "Karachi West",
        "city_source": "Karachi",
        "geometry_type": "Point",
        "record_kind": "provider_published_5g_site",
        "is_named": true,
        "duplicate_coordinate_group": "",
        "source_dataset": "Zong official 5G coverage map LOCS array",
        "source_url": "https://www.zong.com.pk/5g-coverage-map",
        "retrieved_at": "2026-08-07",
        "accuracy_note": "Exact coordinate value published in the provider map source; not independently surveyed.",
        "altitude_m": null
      }
    },
    {
      "type": "Feature",
      "id": "zong-0199",
      "geometry": {
        "type": "Point",
        "coordinates": [
          67.297,
          24.86606
        ]
      },
      "properties": {
        "site_uid": "zong-0199",
        "provider": "Zong",
        "source_index": 199,
        "site_name_source": "Malir",
        "display_name": "Malir",
        "city_source": "Karachi",
        "geometry_type": "Point",
        "record_kind": "provider_published_5g_site",
        "is_named": true,
        "duplicate_coordinate_group": "",
        "source_dataset": "Zong official 5G coverage map LOCS array",
        "source_url": "https://www.zong.com.pk/5g-coverage-map",
        "retrieved_at": "2026-08-07",
        "accuracy_note": "Exact coordinate value published in the provider map source; not independently surveyed.",
        "altitude_m": null
      }
    },
    {
      "type": "Feature",
      "id": "zong-0200",
      "geometry": {
        "type": "Point",
        "coordinates": [
          67.06531,
          25.03444
        ]
      },
      "properties": {
        "site_uid": "zong-0200",
        "provider": "Zong",
        "source_index": 200,
        "site_name_source": "Karachi West",
        "display_name": "Karachi West",
        "city_source": "Karachi",
        "geometry_type": "Point",
        "record_kind": "provider_published_5g_site",
        "is_named": true,
        "duplicate_coordinate_group": "",
        "source_dataset": "Zong official 5G coverage map LOCS array",
        "source_url": "https://www.zong.com.pk/5g-coverage-map",
        "retrieved_at": "2026-08-07",
        "accuracy_note": "Exact coordinate value published in the provider map source; not independently surveyed.",
        "altitude_m": null
      }
    },
    {
      "type": "Feature",
      "id": "zong-0201",
      "geometry": {
        "type": "Point",
        "coordinates": [
          67.0723,
          25.00931
        ]
      },
      "properties": {
        "site_uid": "zong-0201",
        "provider": "Zong",
        "source_index": 201,
        "site_name_source": "Karachi West",
        "display_name": "Karachi West",
        "city_source": "Karachi",
        "geometry_type": "Point",
        "record_kind": "provider_published_5g_site",
        "is_named": true,
        "duplicate_coordinate_group": "",
        "source_dataset": "Zong official 5G coverage map LOCS array",
        "source_url": "https://www.zong.com.pk/5g-coverage-map",
        "retrieved_at": "2026-08-07",
        "accuracy_note": "Exact coordinate value published in the provider map source; not independently surveyed.",
        "altitude_m": null
      }
    },
    {
      "type": "Feature",
      "id": "zong-0202",
      "geometry": {
        "type": "Point",
        "coordinates": [
          67.10471,
          25.05759
        ]
      },
      "properties": {
        "site_uid": "zong-0202",
        "provider": "Zong",
        "source_index": 202,
        "site_name_source": "Karachi West",
        "display_name": "Karachi West",
        "city_source": "Karachi",
        "geometry_type": "Point",
        "record_kind": "provider_published_5g_site",
        "is_named": true,
        "duplicate_coordinate_group": "",
        "source_dataset": "Zong official 5G coverage map LOCS array",
        "source_url": "https://www.zong.com.pk/5g-coverage-map",
        "retrieved_at": "2026-08-07",
        "accuracy_note": "Exact coordinate value published in the provider map source; not independently surveyed.",
        "altitude_m": null
      }
    },
    {
      "type": "Feature",
      "id": "zong-0203",
      "geometry": {
        "type": "Point",
        "coordinates": [
          67.08693,
          25.0109
        ]
      },
      "properties": {
        "site_uid": "zong-0203",
        "provider": "Zong",
        "source_index": 203,
        "site_name_source": "Karachi West",
        "display_name": "Karachi West",
        "city_source": "Karachi",
        "geometry_type": "Point",
        "record_kind": "provider_published_5g_site",
        "is_named": true,
        "duplicate_coordinate_group": "",
        "source_dataset": "Zong official 5G coverage map LOCS array",
        "source_url": "https://www.zong.com.pk/5g-coverage-map",
        "retrieved_at": "2026-08-07",
        "accuracy_note": "Exact coordinate value published in the provider map source; not independently surveyed.",
        "altitude_m": null
      }
    },
    {
      "type": "Feature",
      "id": "zong-0204",
      "geometry": {
        "type": "Point",
        "coordinates": [
          67.070263,
          25.044406
        ]
      },
      "properties": {
        "site_uid": "zong-0204",
        "provider": "Zong",
        "source_index": 204,
        "site_name_source": "Karachi West",
        "display_name": "Karachi West",
        "city_source": "Karachi",
        "geometry_type": "Point",
        "record_kind": "provider_published_5g_site",
        "is_named": true,
        "duplicate_coordinate_group": "",
        "source_dataset": "Zong official 5G coverage map LOCS array",
        "source_url": "https://www.zong.com.pk/5g-coverage-map",
        "retrieved_at": "2026-08-07",
        "accuracy_note": "Exact coordinate value published in the provider map source; not independently surveyed.",
        "altitude_m": null
      }
    },
    {
      "type": "Feature",
      "id": "zong-0205",
      "geometry": {
        "type": "Point",
        "coordinates": [
          67.10482,
          25.06473
        ]
      },
      "properties": {
        "site_uid": "zong-0205",
        "provider": "Zong",
        "source_index": 205,
        "site_name_source": "Karachi West",
        "display_name": "Karachi West",
        "city_source": "Karachi",
        "geometry_type": "Point",
        "record_kind": "provider_published_5g_site",
        "is_named": true,
        "duplicate_coordinate_group": "",
        "source_dataset": "Zong official 5G coverage map LOCS array",
        "source_url": "https://www.zong.com.pk/5g-coverage-map",
        "retrieved_at": "2026-08-07",
        "accuracy_note": "Exact coordinate value published in the provider map source; not independently surveyed.",
        "altitude_m": null
      }
    },
    {
      "type": "Feature",
      "id": "zong-0206",
      "geometry": {
        "type": "Point",
        "coordinates": [
          67.09473,
          25.03843
        ]
      },
      "properties": {
        "site_uid": "zong-0206",
        "provider": "Zong",
        "source_index": 206,
        "site_name_source": "Karachi South",
        "display_name": "Karachi South",
        "city_source": "Karachi",
        "geometry_type": "Point",
        "record_kind": "provider_published_5g_site",
        "is_named": true,
        "duplicate_coordinate_group": "",
        "source_dataset": "Zong official 5G coverage map LOCS array",
        "source_url": "https://www.zong.com.pk/5g-coverage-map",
        "retrieved_at": "2026-08-07",
        "accuracy_note": "Exact coordinate value published in the provider map source; not independently surveyed.",
        "altitude_m": null
      }
    },
    {
      "type": "Feature",
      "id": "zong-0207",
      "geometry": {
        "type": "Point",
        "coordinates": [
          67.09389,
          25.03214
        ]
      },
      "properties": {
        "site_uid": "zong-0207",
        "provider": "Zong",
        "source_index": 207,
        "site_name_source": "Karachi West",
        "display_name": "Karachi West",
        "city_source": "Karachi",
        "geometry_type": "Point",
        "record_kind": "provider_published_5g_site",
        "is_named": true,
        "duplicate_coordinate_group": "",
        "source_dataset": "Zong official 5G coverage map LOCS array",
        "source_url": "https://www.zong.com.pk/5g-coverage-map",
        "retrieved_at": "2026-08-07",
        "accuracy_note": "Exact coordinate value published in the provider map source; not independently surveyed.",
        "altitude_m": null
      }
    },
    {
      "type": "Feature",
      "id": "zong-0208",
      "geometry": {
        "type": "Point",
        "coordinates": [
          67.11255,
          25.04984
        ]
      },
      "properties": {
        "site_uid": "zong-0208",
        "provider": "Zong",
        "source_index": 208,
        "site_name_source": "Malir",
        "display_name": "Malir",
        "city_source": "Karachi",
        "geometry_type": "Point",
        "record_kind": "provider_published_5g_site",
        "is_named": true,
        "duplicate_coordinate_group": "",
        "source_dataset": "Zong official 5G coverage map LOCS array",
        "source_url": "https://www.zong.com.pk/5g-coverage-map",
        "retrieved_at": "2026-08-07",
        "accuracy_note": "Exact coordinate value published in the provider map source; not independently surveyed.",
        "altitude_m": null
      }
    },
    {
      "type": "Feature",
      "id": "zong-0209",
      "geometry": {
        "type": "Point",
        "coordinates": [
          67.10251,
          25.05031
        ]
      },
      "properties": {
        "site_uid": "zong-0209",
        "provider": "Zong",
        "source_index": 209,
        "site_name_source": "Karachi West",
        "display_name": "Karachi West",
        "city_source": "Karachi",
        "geometry_type": "Point",
        "record_kind": "provider_published_5g_site",
        "is_named": true,
        "duplicate_coordinate_group": "",
        "source_dataset": "Zong official 5G coverage map LOCS array",
        "source_url": "https://www.zong.com.pk/5g-coverage-map",
        "retrieved_at": "2026-08-07",
        "accuracy_note": "Exact coordinate value published in the provider map source; not independently surveyed.",
        "altitude_m": null
      }
    },
    {
      "type": "Feature",
      "id": "zong-0210",
      "geometry": {
        "type": "Point",
        "coordinates": [
          74.2952,
          31.6159
        ]
      },
      "properties": {
        "site_uid": "zong-0210",
        "provider": "Zong",
        "source_index": 210,
        "site_name_source": "Lahore",
        "display_name": "Lahore",
        "city_source": "Shahdrah",
        "geometry_type": "Point",
        "record_kind": "provider_published_5g_site",
        "is_named": true,
        "duplicate_coordinate_group": "",
        "source_dataset": "Zong official 5G coverage map LOCS array",
        "source_url": "https://www.zong.com.pk/5g-coverage-map",
        "retrieved_at": "2026-08-07",
        "accuracy_note": "Exact coordinate value published in the provider map source; not independently surveyed.",
        "altitude_m": null
      }
    },
    {
      "type": "Feature",
      "id": "zong-0211",
      "geometry": {
        "type": "Point",
        "coordinates": [
          74.21843,
          31.62855
        ]
      },
      "properties": {
        "site_uid": "zong-0211",
        "provider": "Zong",
        "source_index": 211,
        "site_name_source": "Sheikhupura",
        "display_name": "Sheikhupura",
        "city_source": "Kot Abdul Malik",
        "geometry_type": "Point",
        "record_kind": "provider_published_5g_site",
        "is_named": true,
        "duplicate_coordinate_group": "",
        "source_dataset": "Zong official 5G coverage map LOCS array",
        "source_url": "https://www.zong.com.pk/5g-coverage-map",
        "retrieved_at": "2026-08-07",
        "accuracy_note": "Exact coordinate value published in the provider map source; not independently surveyed.",
        "altitude_m": null
      }
    },
    {
      "type": "Feature",
      "id": "zong-0212",
      "geometry": {
        "type": "Point",
        "coordinates": [
          74.26505,
          31.61727
        ]
      },
      "properties": {
        "site_uid": "zong-0212",
        "provider": "Zong",
        "source_index": 212,
        "site_name_source": "Lahore",
        "display_name": "Lahore",
        "city_source": "Lahore",
        "geometry_type": "Point",
        "record_kind": "provider_published_5g_site",
        "is_named": true,
        "duplicate_coordinate_group": "",
        "source_dataset": "Zong official 5G coverage map LOCS array",
        "source_url": "https://www.zong.com.pk/5g-coverage-map",
        "retrieved_at": "2026-08-07",
        "accuracy_note": "Exact coordinate value published in the provider map source; not independently surveyed.",
        "altitude_m": null
      }
    },
    {
      "type": "Feature",
      "id": "zong-0213",
      "geometry": {
        "type": "Point",
        "coordinates": [
          74.28832,
          31.65209
        ]
      },
      "properties": {
        "site_uid": "zong-0213",
        "provider": "Zong",
        "source_index": 213,
        "site_name_source": "",
        "display_name": "Zong unnamed site 213",
        "city_source": "Lahore",
        "geometry_type": "Point",
        "record_kind": "provider_published_5g_site",
        "is_named": false,
        "duplicate_coordinate_group": "",
        "source_dataset": "Zong official 5G coverage map LOCS array",
        "source_url": "https://www.zong.com.pk/5g-coverage-map",
        "retrieved_at": "2026-08-07",
        "accuracy_note": "Exact coordinate value published in the provider map source; not independently surveyed.",
        "altitude_m": null
      }
    },
    {
      "type": "Feature",
      "id": "zong-0214",
      "geometry": {
        "type": "Point",
        "coordinates": [
          67.09877,
          25.0336
        ]
      },
      "properties": {
        "site_uid": "zong-0214",
        "provider": "Zong",
        "source_index": 214,
        "site_name_source": "",
        "display_name": "Zong unnamed site 214",
        "city_source": "Karachi",
        "geometry_type": "Point",
        "record_kind": "provider_published_5g_site",
        "is_named": false,
        "duplicate_coordinate_group": "",
        "source_dataset": "Zong official 5G coverage map LOCS array",
        "source_url": "https://www.zong.com.pk/5g-coverage-map",
        "retrieved_at": "2026-08-07",
        "accuracy_note": "Exact coordinate value published in the provider map source; not independently surveyed.",
        "altitude_m": null
      }
    },
    {
      "type": "Feature",
      "id": "zong-0215",
      "geometry": {
        "type": "Point",
        "coordinates": [
          67.07648,
          25.01127
        ]
      },
      "properties": {
        "site_uid": "zong-0215",
        "provider": "Zong",
        "source_index": 215,
        "site_name_source": "",
        "display_name": "Zong unnamed site 215",
        "city_source": "Karachi",
        "geometry_type": "Point",
        "record_kind": "provider_published_5g_site",
        "is_named": false,
        "duplicate_coordinate_group": "",
        "source_dataset": "Zong official 5G coverage map LOCS array",
        "source_url": "https://www.zong.com.pk/5g-coverage-map",
        "retrieved_at": "2026-08-07",
        "accuracy_note": "Exact coordinate value published in the provider map source; not independently surveyed.",
        "altitude_m": null
      }
    },
    {
      "type": "Feature",
      "id": "zong-0216",
      "geometry": {
        "type": "Point",
        "coordinates": [
          72.98663,
          33.66406
        ]
      },
      "properties": {
        "site_uid": "zong-0216",
        "provider": "Zong",
        "source_index": 216,
        "site_name_source": "",
        "display_name": "Zong unnamed site 216",
        "city_source": "Islamabad",
        "geometry_type": "Point",
        "record_kind": "provider_published_5g_site",
        "is_named": false,
        "duplicate_coordinate_group": "",
        "source_dataset": "Zong official 5G coverage map LOCS array",
        "source_url": "https://www.zong.com.pk/5g-coverage-map",
        "retrieved_at": "2026-08-07",
        "accuracy_note": "Exact coordinate value published in the provider map source; not independently surveyed.",
        "altitude_m": null
      }
    },
    {
      "type": "Feature",
      "id": "zong-0217",
      "geometry": {
        "type": "Point",
        "coordinates": [
          72.94874,
          33.67444
        ]
      },
      "properties": {
        "site_uid": "zong-0217",
        "provider": "Zong",
        "source_index": 217,
        "site_name_source": "",
        "display_name": "Zong unnamed site 217",
        "city_source": "Islamabad",
        "geometry_type": "Point",
        "record_kind": "provider_published_5g_site",
        "is_named": false,
        "duplicate_coordinate_group": "",
        "source_dataset": "Zong official 5G coverage map LOCS array",
        "source_url": "https://www.zong.com.pk/5g-coverage-map",
        "retrieved_at": "2026-08-07",
        "accuracy_note": "Exact coordinate value published in the provider map source; not independently surveyed.",
        "altitude_m": null
      }
    },
    {
      "type": "Feature",
      "id": "zong-0218",
      "geometry": {
        "type": "Point",
        "coordinates": [
          72.97165,
          33.65064
        ]
      },
      "properties": {
        "site_uid": "zong-0218",
        "provider": "Zong",
        "source_index": 218,
        "site_name_source": "",
        "display_name": "Zong unnamed site 218",
        "city_source": "Islamabad",
        "geometry_type": "Point",
        "record_kind": "provider_published_5g_site",
        "is_named": false,
        "duplicate_coordinate_group": "",
        "source_dataset": "Zong official 5G coverage map LOCS array",
        "source_url": "https://www.zong.com.pk/5g-coverage-map",
        "retrieved_at": "2026-08-07",
        "accuracy_note": "Exact coordinate value published in the provider map source; not independently surveyed.",
        "altitude_m": null
      }
    },
    {
      "type": "Feature",
      "id": "zong-0219",
      "geometry": {
        "type": "Point",
        "coordinates": [
          72.97877,
          33.63009
        ]
      },
      "properties": {
        "site_uid": "zong-0219",
        "provider": "Zong",
        "source_index": 219,
        "site_name_source": "",
        "display_name": "Zong unnamed site 219",
        "city_source": "Islamabad",
        "geometry_type": "Point",
        "record_kind": "provider_published_5g_site",
        "is_named": false,
        "duplicate_coordinate_group": "",
        "source_dataset": "Zong official 5G coverage map LOCS array",
        "source_url": "https://www.zong.com.pk/5g-coverage-map",
        "retrieved_at": "2026-08-07",
        "accuracy_note": "Exact coordinate value published in the provider map source; not independently surveyed.",
        "altitude_m": null
      }
    },
    {
      "type": "Feature",
      "id": "zong-0220",
      "geometry": {
        "type": "Point",
        "coordinates": [
          74.29354,
          31.62706
        ]
      },
      "properties": {
        "site_uid": "zong-0220",
        "provider": "Zong",
        "source_index": 220,
        "site_name_source": "",
        "display_name": "Zong unnamed site 220",
        "city_source": "Shahdrah",
        "geometry_type": "Point",
        "record_kind": "provider_published_5g_site",
        "is_named": false,
        "duplicate_coordinate_group": "",
        "source_dataset": "Zong official 5G coverage map LOCS array",
        "source_url": "https://www.zong.com.pk/5g-coverage-map",
        "retrieved_at": "2026-08-07",
        "accuracy_note": "Exact coordinate value published in the provider map source; not independently surveyed.",
        "altitude_m": null
      }
    },
    {
      "type": "Feature",
      "id": "zong-0221",
      "geometry": {
        "type": "Point",
        "coordinates": [
          74.24293,
          31.597618
        ]
      },
      "properties": {
        "site_uid": "zong-0221",
        "provider": "Zong",
        "source_index": 221,
        "site_name_source": "",
        "display_name": "Zong unnamed site 221",
        "city_source": "Lahore",
        "geometry_type": "Point",
        "record_kind": "provider_published_5g_site",
        "is_named": false,
        "duplicate_coordinate_group": "",
        "source_dataset": "Zong official 5G coverage map LOCS array",
        "source_url": "https://www.zong.com.pk/5g-coverage-map",
        "retrieved_at": "2026-08-07",
        "accuracy_note": "Exact coordinate value published in the provider map source; not independently surveyed.",
        "altitude_m": null
      }
    },
    {
      "type": "Feature",
      "id": "zong-0222",
      "geometry": {
        "type": "Point",
        "coordinates": [
          74.2822,
          31.660795
        ]
      },
      "properties": {
        "site_uid": "zong-0222",
        "provider": "Zong",
        "source_index": 222,
        "site_name_source": "",
        "display_name": "Zong unnamed site 222",
        "city_source": "Lahore",
        "geometry_type": "Point",
        "record_kind": "provider_published_5g_site",
        "is_named": false,
        "duplicate_coordinate_group": "",
        "source_dataset": "Zong official 5G coverage map LOCS array",
        "source_url": "https://www.zong.com.pk/5g-coverage-map",
        "retrieved_at": "2026-08-07",
        "accuracy_note": "Exact coordinate value published in the provider map source; not independently surveyed.",
        "altitude_m": null
      }
    },
    {
      "type": "Feature",
      "id": "zong-0223",
      "geometry": {
        "type": "Point",
        "coordinates": [
          74.2735,
          31.6101
        ]
      },
      "properties": {
        "site_uid": "zong-0223",
        "provider": "Zong",
        "source_index": 223,
        "site_name_source": "",
        "display_name": "Zong unnamed site 223",
        "city_source": "Shahdrah",
        "geometry_type": "Point",
        "record_kind": "provider_published_5g_site",
        "is_named": false,
        "duplicate_coordinate_group": "",
        "source_dataset": "Zong official 5G coverage map LOCS array",
        "source_url": "https://www.zong.com.pk/5g-coverage-map",
        "retrieved_at": "2026-08-07",
        "accuracy_note": "Exact coordinate value published in the provider map source; not independently surveyed.",
        "altitude_m": null
      }
    },
    {
      "type": "Feature",
      "id": "zong-0224",
      "geometry": {
        "type": "Point",
        "coordinates": [
          74.272442,
          31.66775
        ]
      },
      "properties": {
        "site_uid": "zong-0224",
        "provider": "Zong",
        "source_index": 224,
        "site_name_source": "",
        "display_name": "Zong unnamed site 224",
        "city_source": "Sheikhupura",
        "geometry_type": "Point",
        "record_kind": "provider_published_5g_site",
        "is_named": false,
        "duplicate_coordinate_group": "",
        "source_dataset": "Zong official 5G coverage map LOCS array",
        "source_url": "https://www.zong.com.pk/5g-coverage-map",
        "retrieved_at": "2026-08-07",
        "accuracy_note": "Exact coordinate value published in the provider map source; not independently surveyed.",
        "altitude_m": null
      }
    },
    {
      "type": "Feature",
      "id": "zong-0225",
      "geometry": {
        "type": "Point",
        "coordinates": [
          74.271,
          31.673
        ]
      },
      "properties": {
        "site_uid": "zong-0225",
        "provider": "Zong",
        "source_index": 225,
        "site_name_source": "",
        "display_name": "Zong unnamed site 225",
        "city_source": "Shahdrah",
        "geometry_type": "Point",
        "record_kind": "provider_published_5g_site",
        "is_named": false,
        "duplicate_coordinate_group": "",
        "source_dataset": "Zong official 5G coverage map LOCS array",
        "source_url": "https://www.zong.com.pk/5g-coverage-map",
        "retrieved_at": "2026-08-07",
        "accuracy_note": "Exact coordinate value published in the provider map source; not independently surveyed.",
        "altitude_m": null
      }
    },
    {
      "type": "Feature",
      "id": "zong-0226",
      "geometry": {
        "type": "Point",
        "coordinates": [
          74.2881,
          31.6274
        ]
      },
      "properties": {
        "site_uid": "zong-0226",
        "provider": "Zong",
        "source_index": 226,
        "site_name_source": "",
        "display_name": "Zong unnamed site 226",
        "city_source": "Shahdrah",
        "geometry_type": "Point",
        "record_kind": "provider_published_5g_site",
        "is_named": false,
        "duplicate_coordinate_group": "",
        "source_dataset": "Zong official 5G coverage map LOCS array",
        "source_url": "https://www.zong.com.pk/5g-coverage-map",
        "retrieved_at": "2026-08-07",
        "accuracy_note": "Exact coordinate value published in the provider map source; not independently surveyed.",
        "altitude_m": null
      }
    },
    {
      "type": "Feature",
      "id": "zong-0227",
      "geometry": {
        "type": "Point",
        "coordinates": [
          66.95804,
          30.22398
        ]
      },
      "properties": {
        "site_uid": "zong-0227",
        "provider": "Zong",
        "source_index": 227,
        "site_name_source": "",
        "display_name": "Zong unnamed site 227",
        "city_source": "Quetta",
        "geometry_type": "Point",
        "record_kind": "provider_published_5g_site",
        "is_named": false,
        "duplicate_coordinate_group": "",
        "source_dataset": "Zong official 5G coverage map LOCS array",
        "source_url": "https://www.zong.com.pk/5g-coverage-map",
        "retrieved_at": "2026-08-07",
        "accuracy_note": "Exact coordinate value published in the provider map source; not independently surveyed.",
        "altitude_m": null
      }
    },
    {
      "type": "Feature",
      "id": "zong-0228",
      "geometry": {
        "type": "Point",
        "coordinates": [
          66.95968,
          30.2198
        ]
      },
      "properties": {
        "site_uid": "zong-0228",
        "provider": "Zong",
        "source_index": 228,
        "site_name_source": "",
        "display_name": "Zong unnamed site 228",
        "city_source": "Quetta",
        "geometry_type": "Point",
        "record_kind": "provider_published_5g_site",
        "is_named": false,
        "duplicate_coordinate_group": "",
        "source_dataset": "Zong official 5G coverage map LOCS array",
        "source_url": "https://www.zong.com.pk/5g-coverage-map",
        "retrieved_at": "2026-08-07",
        "accuracy_note": "Exact coordinate value published in the provider map source; not independently surveyed.",
        "altitude_m": null
      }
    },
    {
      "type": "Feature",
      "id": "zong-0229",
      "geometry": {
        "type": "Point",
        "coordinates": [
          66.96766,
          30.21358
        ]
      },
      "properties": {
        "site_uid": "zong-0229",
        "provider": "Zong",
        "source_index": 229,
        "site_name_source": "",
        "display_name": "Zong unnamed site 229",
        "city_source": "Quetta",
        "geometry_type": "Point",
        "record_kind": "provider_published_5g_site",
        "is_named": false,
        "duplicate_coordinate_group": "",
        "source_dataset": "Zong official 5G coverage map LOCS array",
        "source_url": "https://www.zong.com.pk/5g-coverage-map",
        "retrieved_at": "2026-08-07",
        "accuracy_note": "Exact coordinate value published in the provider map source; not independently surveyed.",
        "altitude_m": null
      }
    },
    {
      "type": "Feature",
      "id": "zong-0230",
      "geometry": {
        "type": "Point",
        "coordinates": [
          66.97013,
          30.24292
        ]
      },
      "properties": {
        "site_uid": "zong-0230",
        "provider": "Zong",
        "source_index": 230,
        "site_name_source": "",
        "display_name": "Zong unnamed site 230",
        "city_source": "Quetta",
        "geometry_type": "Point",
        "record_kind": "provider_published_5g_site",
        "is_named": false,
        "duplicate_coordinate_group": "",
        "source_dataset": "Zong official 5G coverage map LOCS array",
        "source_url": "https://www.zong.com.pk/5g-coverage-map",
        "retrieved_at": "2026-08-07",
        "accuracy_note": "Exact coordinate value published in the provider map source; not independently surveyed.",
        "altitude_m": null
      }
    },
    {
      "type": "Feature",
      "id": "zong-0231",
      "geometry": {
        "type": "Point",
        "coordinates": [
          66.96114,
          30.236
        ]
      },
      "properties": {
        "site_uid": "zong-0231",
        "provider": "Zong",
        "source_index": 231,
        "site_name_source": "",
        "display_name": "Zong unnamed site 231",
        "city_source": "Quetta",
        "geometry_type": "Point",
        "record_kind": "provider_published_5g_site",
        "is_named": false,
        "duplicate_coordinate_group": "",
        "source_dataset": "Zong official 5G coverage map LOCS array",
        "source_url": "https://www.zong.com.pk/5g-coverage-map",
        "retrieved_at": "2026-08-07",
        "accuracy_note": "Exact coordinate value published in the provider map source; not independently surveyed.",
        "altitude_m": null
      }
    },
    {
      "type": "Feature",
      "id": "zong-0232",
      "geometry": {
        "type": "Point",
        "coordinates": [
          67.0749,
          25.02927
        ]
      },
      "properties": {
        "site_uid": "zong-0232",
        "provider": "Zong",
        "source_index": 232,
        "site_name_source": "",
        "display_name": "Zong unnamed site 232",
        "city_source": "Karachi",
        "geometry_type": "Point",
        "record_kind": "provider_published_5g_site",
        "is_named": false,
        "duplicate_coordinate_group": "",
        "source_dataset": "Zong official 5G coverage map LOCS array",
        "source_url": "https://www.zong.com.pk/5g-coverage-map",
        "retrieved_at": "2026-08-07",
        "accuracy_note": "Exact coordinate value published in the provider map source; not independently surveyed.",
        "altitude_m": null
      }
    },
    {
      "type": "Feature",
      "id": "zong-0233",
      "geometry": {
        "type": "Point",
        "coordinates": [
          67.28332,
          24.86726
        ]
      },
      "properties": {
        "site_uid": "zong-0233",
        "provider": "Zong",
        "source_index": 233,
        "site_name_source": "",
        "display_name": "Zong unnamed site 233",
        "city_source": "Karachi",
        "geometry_type": "Point",
        "record_kind": "provider_published_5g_site",
        "is_named": false,
        "duplicate_coordinate_group": "",
        "source_dataset": "Zong official 5G coverage map LOCS array",
        "source_url": "https://www.zong.com.pk/5g-coverage-map",
        "retrieved_at": "2026-08-07",
        "accuracy_note": "Exact coordinate value published in the provider map source; not independently surveyed.",
        "altitude_m": null
      }
    },
    {
      "type": "Feature",
      "id": "zong-0234",
      "geometry": {
        "type": "Point",
        "coordinates": [
          74.275,
          31.6508
        ]
      },
      "properties": {
        "site_uid": "zong-0234",
        "provider": "Zong",
        "source_index": 234,
        "site_name_source": "",
        "display_name": "Zong unnamed site 234",
        "city_source": "Shahdrah",
        "geometry_type": "Point",
        "record_kind": "provider_published_5g_site",
        "is_named": false,
        "duplicate_coordinate_group": "",
        "source_dataset": "Zong official 5G coverage map LOCS array",
        "source_url": "https://www.zong.com.pk/5g-coverage-map",
        "retrieved_at": "2026-08-07",
        "accuracy_note": "Exact coordinate value published in the provider map source; not independently surveyed.",
        "altitude_m": null
      }
    },
    {
      "type": "Feature",
      "id": "zong-0235",
      "geometry": {
        "type": "Point",
        "coordinates": [
          67.01879,
          25.0452
        ]
      },
      "properties": {
        "site_uid": "zong-0235",
        "provider": "Zong",
        "source_index": 235,
        "site_name_source": "",
        "display_name": "Zong unnamed site 235",
        "city_source": "Karachi",
        "geometry_type": "Point",
        "record_kind": "provider_published_5g_site",
        "is_named": false,
        "duplicate_coordinate_group": "",
        "source_dataset": "Zong official 5G coverage map LOCS array",
        "source_url": "https://www.zong.com.pk/5g-coverage-map",
        "retrieved_at": "2026-08-07",
        "accuracy_note": "Exact coordinate value published in the provider map source; not independently surveyed.",
        "altitude_m": null
      }
    },
    {
      "type": "Feature",
      "id": "zong-0236",
      "geometry": {
        "type": "Point",
        "coordinates": [
          67.01506,
          25.05304
        ]
      },
      "properties": {
        "site_uid": "zong-0236",
        "provider": "Zong",
        "source_index": 236,
        "site_name_source": "",
        "display_name": "Zong unnamed site 236",
        "city_source": "Karachi",
        "geometry_type": "Point",
        "record_kind": "provider_published_5g_site",
        "is_named": false,
        "duplicate_coordinate_group": "",
        "source_dataset": "Zong official 5G coverage map LOCS array",
        "source_url": "https://www.zong.com.pk/5g-coverage-map",
        "retrieved_at": "2026-08-07",
        "accuracy_note": "Exact coordinate value published in the provider map source; not independently surveyed.",
        "altitude_m": null
      }
    },
    {
      "type": "Feature",
      "id": "zong-0237",
      "geometry": {
        "type": "Point",
        "coordinates": [
          66.96393,
          30.24673
        ]
      },
      "properties": {
        "site_uid": "zong-0237",
        "provider": "Zong",
        "source_index": 237,
        "site_name_source": "",
        "display_name": "Zong unnamed site 237",
        "city_source": "Quetta",
        "geometry_type": "Point",
        "record_kind": "provider_published_5g_site",
        "is_named": false,
        "duplicate_coordinate_group": "",
        "source_dataset": "Zong official 5G coverage map LOCS array",
        "source_url": "https://www.zong.com.pk/5g-coverage-map",
        "retrieved_at": "2026-08-07",
        "accuracy_note": "Exact coordinate value published in the provider map source; not independently surveyed.",
        "altitude_m": null
      }
    },
    {
      "type": "Feature",
      "id": "zong-0238",
      "geometry": {
        "type": "Point",
        "coordinates": [
          67.2674,
          24.86724
        ]
      },
      "properties": {
        "site_uid": "zong-0238",
        "provider": "Zong",
        "source_index": 238,
        "site_name_source": "",
        "display_name": "Zong unnamed site 238",
        "city_source": "Karachi",
        "geometry_type": "Point",
        "record_kind": "provider_published_5g_site",
        "is_named": false,
        "duplicate_coordinate_group": "",
        "source_dataset": "Zong official 5G coverage map LOCS array",
        "source_url": "https://www.zong.com.pk/5g-coverage-map",
        "retrieved_at": "2026-08-07",
        "accuracy_note": "Exact coordinate value published in the provider map source; not independently surveyed.",
        "altitude_m": null
      }
    },
    {
      "type": "Feature",
      "id": "zong-0239",
      "geometry": {
        "type": "Point",
        "coordinates": [
          67.28594,
          24.87608
        ]
      },
      "properties": {
        "site_uid": "zong-0239",
        "provider": "Zong",
        "source_index": 239,
        "site_name_source": "",
        "display_name": "Zong unnamed site 239",
        "city_source": "Karachi",
        "geometry_type": "Point",
        "record_kind": "provider_published_5g_site",
        "is_named": false,
        "duplicate_coordinate_group": "",
        "source_dataset": "Zong official 5G coverage map LOCS array",
        "source_url": "https://www.zong.com.pk/5g-coverage-map",
        "retrieved_at": "2026-08-07",
        "accuracy_note": "Exact coordinate value published in the provider map source; not independently surveyed.",
        "altitude_m": null
      }
    },
    {
      "type": "Feature",
      "id": "zong-0240",
      "geometry": {
        "type": "Point",
        "coordinates": [
          67.04167,
          25.00993
        ]
      },
      "properties": {
        "site_uid": "zong-0240",
        "provider": "Zong",
        "source_index": 240,
        "site_name_source": "",
        "display_name": "Zong unnamed site 240",
        "city_source": "Karachi",
        "geometry_type": "Point",
        "record_kind": "provider_published_5g_site",
        "is_named": false,
        "duplicate_coordinate_group": "",
        "source_dataset": "Zong official 5G coverage map LOCS array",
        "source_url": "https://www.zong.com.pk/5g-coverage-map",
        "retrieved_at": "2026-08-07",
        "accuracy_note": "Exact coordinate value published in the provider map source; not independently surveyed.",
        "altitude_m": null
      }
    },
    {
      "type": "Feature",
      "id": "zong-0241",
      "geometry": {
        "type": "Point",
        "coordinates": [
          74.233796,
          31.635729
        ]
      },
      "properties": {
        "site_uid": "zong-0241",
        "provider": "Zong",
        "source_index": 241,
        "site_name_source": "",
        "display_name": "Zong unnamed site 241",
        "city_source": "Sheikhupura",
        "geometry_type": "Point",
        "record_kind": "provider_published_5g_site",
        "is_named": false,
        "duplicate_coordinate_group": "",
        "source_dataset": "Zong official 5G coverage map LOCS array",
        "source_url": "https://www.zong.com.pk/5g-coverage-map",
        "retrieved_at": "2026-08-07",
        "accuracy_note": "Exact coordinate value published in the provider map source; not independently surveyed.",
        "altitude_m": null
      }
    },
    {
      "type": "Feature",
      "id": "zong-0242",
      "geometry": {
        "type": "Point",
        "coordinates": [
          74.22831,
          31.63931
        ]
      },
      "properties": {
        "site_uid": "zong-0242",
        "provider": "Zong",
        "source_index": 242,
        "site_name_source": "",
        "display_name": "Zong unnamed site 242",
        "city_source": "Lahore",
        "geometry_type": "Point",
        "record_kind": "provider_published_5g_site",
        "is_named": false,
        "duplicate_coordinate_group": "",
        "source_dataset": "Zong official 5G coverage map LOCS array",
        "source_url": "https://www.zong.com.pk/5g-coverage-map",
        "retrieved_at": "2026-08-07",
        "accuracy_note": "Exact coordinate value published in the provider map source; not independently surveyed.",
        "altitude_m": null
      }
    },
    {
      "type": "Feature",
      "id": "zong-0243",
      "geometry": {
        "type": "Point",
        "coordinates": [
          66.96229,
          30.25789
        ]
      },
      "properties": {
        "site_uid": "zong-0243",
        "provider": "Zong",
        "source_index": 243,
        "site_name_source": "",
        "display_name": "Zong unnamed site 243",
        "city_source": "Quetta",
        "geometry_type": "Point",
        "record_kind": "provider_published_5g_site",
        "is_named": false,
        "duplicate_coordinate_group": "",
        "source_dataset": "Zong official 5G coverage map LOCS array",
        "source_url": "https://www.zong.com.pk/5g-coverage-map",
        "retrieved_at": "2026-08-07",
        "accuracy_note": "Exact coordinate value published in the provider map source; not independently surveyed.",
        "altitude_m": null
      }
    },
    {
      "type": "Feature",
      "id": "zong-0244",
      "geometry": {
        "type": "Point",
        "coordinates": [
          74.3135,
          31.6059
        ]
      },
      "properties": {
        "site_uid": "zong-0244",
        "provider": "Zong",
        "source_index": 244,
        "site_name_source": "",
        "display_name": "Zong unnamed site 244",
        "city_source": "Lahore",
        "geometry_type": "Point",
        "record_kind": "provider_published_5g_site",
        "is_named": false,
        "duplicate_coordinate_group": "",
        "source_dataset": "Zong official 5G coverage map LOCS array",
        "source_url": "https://www.zong.com.pk/5g-coverage-map",
        "retrieved_at": "2026-08-07",
        "accuracy_note": "Exact coordinate value published in the provider map source; not independently surveyed.",
        "altitude_m": null
      }
    },
    {
      "type": "Feature",
      "id": "zong-0245",
      "geometry": {
        "type": "Point",
        "coordinates": [
          67.231732,
          24.854383
        ]
      },
      "properties": {
        "site_uid": "zong-0245",
        "provider": "Zong",
        "source_index": 245,
        "site_name_source": "",
        "display_name": "Zong unnamed site 245",
        "city_source": "Karachi",
        "geometry_type": "Point",
        "record_kind": "provider_published_5g_site",
        "is_named": false,
        "duplicate_coordinate_group": "",
        "source_dataset": "Zong official 5G coverage map LOCS array",
        "source_url": "https://www.zong.com.pk/5g-coverage-map",
        "retrieved_at": "2026-08-07",
        "accuracy_note": "Exact coordinate value published in the provider map source; not independently surveyed.",
        "altitude_m": null
      }
    },
    {
      "type": "Feature",
      "id": "zong-0246",
      "geometry": {
        "type": "Point",
        "coordinates": [
          67.26755,
          24.88519
        ]
      },
      "properties": {
        "site_uid": "zong-0246",
        "provider": "Zong",
        "source_index": 246,
        "site_name_source": "",
        "display_name": "Zong unnamed site 246",
        "city_source": "Karachi",
        "geometry_type": "Point",
        "record_kind": "provider_published_5g_site",
        "is_named": false,
        "duplicate_coordinate_group": "",
        "source_dataset": "Zong official 5G coverage map LOCS array",
        "source_url": "https://www.zong.com.pk/5g-coverage-map",
        "retrieved_at": "2026-08-07",
        "accuracy_note": "Exact coordinate value published in the provider map source; not independently surveyed.",
        "altitude_m": null
      }
    },
    {
      "type": "Feature",
      "id": "zong-0247",
      "geometry": {
        "type": "Point",
        "coordinates": [
          67.05787,
          25.03225
        ]
      },
      "properties": {
        "site_uid": "zong-0247",
        "provider": "Zong",
        "source_index": 247,
        "site_name_source": "",
        "display_name": "Zong unnamed site 247",
        "city_source": "Karachi",
        "geometry_type": "Point",
        "record_kind": "provider_published_5g_site",
        "is_named": false,
        "duplicate_coordinate_group": "",
        "source_dataset": "Zong official 5G coverage map LOCS array",
        "source_url": "https://www.zong.com.pk/5g-coverage-map",
        "retrieved_at": "2026-08-07",
        "accuracy_note": "Exact coordinate value published in the provider map source; not independently surveyed.",
        "altitude_m": null
      }
    },
    {
      "type": "Feature",
      "id": "zong-0248",
      "geometry": {
        "type": "Point",
        "coordinates": [
          67.298,
          24.891567
        ]
      },
      "properties": {
        "site_uid": "zong-0248",
        "provider": "Zong",
        "source_index": 248,
        "site_name_source": "",
        "display_name": "Zong unnamed site 248",
        "city_source": "Karachi",
        "geometry_type": "Point",
        "record_kind": "provider_published_5g_site",
        "is_named": false,
        "duplicate_coordinate_group": "",
        "source_dataset": "Zong official 5G coverage map LOCS array",
        "source_url": "https://www.zong.com.pk/5g-coverage-map",
        "retrieved_at": "2026-08-07",
        "accuracy_note": "Exact coordinate value published in the provider map source; not independently surveyed.",
        "altitude_m": null
      }
    },
    {
      "type": "Feature",
      "id": "zong-0249",
      "geometry": {
        "type": "Point",
        "coordinates": [
          74.3237,
          31.6069
        ]
      },
      "properties": {
        "site_uid": "zong-0249",
        "provider": "Zong",
        "source_index": 249,
        "site_name_source": "",
        "display_name": "Zong unnamed site 249",
        "city_source": "Lahore",
        "geometry_type": "Point",
        "record_kind": "provider_published_5g_site",
        "is_named": false,
        "duplicate_coordinate_group": "",
        "source_dataset": "Zong official 5G coverage map LOCS array",
        "source_url": "https://www.zong.com.pk/5g-coverage-map",
        "retrieved_at": "2026-08-07",
        "accuracy_note": "Exact coordinate value published in the provider map source; not independently surveyed.",
        "altitude_m": null
      }
    },
    {
      "type": "Feature",
      "id": "zong-0250",
      "geometry": {
        "type": "Point",
        "coordinates": [
          66.95056,
          30.21413
        ]
      },
      "properties": {
        "site_uid": "zong-0250",
        "provider": "Zong",
        "source_index": 250,
        "site_name_source": "",
        "display_name": "Zong unnamed site 250",
        "city_source": "Quetta",
        "geometry_type": "Point",
        "record_kind": "provider_published_5g_site",
        "is_named": false,
        "duplicate_coordinate_group": "",
        "source_dataset": "Zong official 5G coverage map LOCS array",
        "source_url": "https://www.zong.com.pk/5g-coverage-map",
        "retrieved_at": "2026-08-07",
        "accuracy_note": "Exact coordinate value published in the provider map source; not independently surveyed.",
        "altitude_m": null
      }
    },
    {
      "type": "Feature",
      "id": "zong-0251",
      "geometry": {
        "type": "Point",
        "coordinates": [
          66.96213,
          30.21511
        ]
      },
      "properties": {
        "site_uid": "zong-0251",
        "provider": "Zong",
        "source_index": 251,
        "site_name_source": "",
        "display_name": "Zong unnamed site 251",
        "city_source": "Quetta",
        "geometry_type": "Point",
        "record_kind": "provider_published_5g_site",
        "is_named": false,
        "duplicate_coordinate_group": "",
        "source_dataset": "Zong official 5G coverage map LOCS array",
        "source_url": "https://www.zong.com.pk/5g-coverage-map",
        "retrieved_at": "2026-08-07",
        "accuracy_note": "Exact coordinate value published in the provider map source; not independently surveyed.",
        "altitude_m": null
      }
    },
    {
      "type": "Feature",
      "id": "zong-0252",
      "geometry": {
        "type": "Point",
        "coordinates": [
          67.262892,
          24.859503
        ]
      },
      "properties": {
        "site_uid": "zong-0252",
        "provider": "Zong",
        "source_index": 252,
        "site_name_source": "",
        "display_name": "Zong unnamed site 252",
        "city_source": "Karachi",
        "geometry_type": "Point",
        "record_kind": "provider_published_5g_site",
        "is_named": false,
        "duplicate_coordinate_group": "",
        "source_dataset": "Zong official 5G coverage map LOCS array",
        "source_url": "https://www.zong.com.pk/5g-coverage-map",
        "retrieved_at": "2026-08-07",
        "accuracy_note": "Exact coordinate value published in the provider map source; not independently surveyed.",
        "altitude_m": null
      }
    },
    {
      "type": "Feature",
      "id": "zong-0253",
      "geometry": {
        "type": "Point",
        "coordinates": [
          67.0998419999999,
          25.037837
        ]
      },
      "properties": {
        "site_uid": "zong-0253",
        "provider": "Zong",
        "source_index": 253,
        "site_name_source": "",
        "display_name": "Zong unnamed site 253",
        "city_source": "Karachi",
        "geometry_type": "Point",
        "record_kind": "provider_published_5g_site",
        "is_named": false,
        "duplicate_coordinate_group": "",
        "source_dataset": "Zong official 5G coverage map LOCS array",
        "source_url": "https://www.zong.com.pk/5g-coverage-map",
        "retrieved_at": "2026-08-07",
        "accuracy_note": "Exact coordinate value published in the provider map source; not independently surveyed.",
        "altitude_m": null
      }
    },
    {
      "type": "Feature",
      "id": "zong-0254",
      "geometry": {
        "type": "Point",
        "coordinates": [
          74.22898,
          31.5984
        ]
      },
      "properties": {
        "site_uid": "zong-0254",
        "provider": "Zong",
        "source_index": 254,
        "site_name_source": "",
        "display_name": "Zong unnamed site 254",
        "city_source": "Shahdra",
        "geometry_type": "Point",
        "record_kind": "provider_published_5g_site",
        "is_named": false,
        "duplicate_coordinate_group": "",
        "source_dataset": "Zong official 5G coverage map LOCS array",
        "source_url": "https://www.zong.com.pk/5g-coverage-map",
        "retrieved_at": "2026-08-07",
        "accuracy_note": "Exact coordinate value published in the provider map source; not independently surveyed.",
        "altitude_m": null
      }
    },
    {
      "type": "Feature",
      "id": "zong-0255",
      "geometry": {
        "type": "Point",
        "coordinates": [
          66.96859,
          30.26291
        ]
      },
      "properties": {
        "site_uid": "zong-0255",
        "provider": "Zong",
        "source_index": 255,
        "site_name_source": "",
        "display_name": "Zong unnamed site 255",
        "city_source": "Quetta",
        "geometry_type": "Point",
        "record_kind": "provider_published_5g_site",
        "is_named": false,
        "duplicate_coordinate_group": "",
        "source_dataset": "Zong official 5G coverage map LOCS array",
        "source_url": "https://www.zong.com.pk/5g-coverage-map",
        "retrieved_at": "2026-08-07",
        "accuracy_note": "Exact coordinate value published in the provider map source; not independently surveyed.",
        "altitude_m": null
      }
    },
    {
      "type": "Feature",
      "id": "zong-0256",
      "geometry": {
        "type": "Point",
        "coordinates": [
          66.97509,
          30.21153
        ]
      },
      "properties": {
        "site_uid": "zong-0256",
        "provider": "Zong",
        "source_index": 256,
        "site_name_source": "",
        "display_name": "Zong unnamed site 256",
        "city_source": "Quetta",
        "geometry_type": "Point",
        "record_kind": "provider_published_5g_site",
        "is_named": false,
        "duplicate_coordinate_group": "",
        "source_dataset": "Zong official 5G coverage map LOCS array",
        "source_url": "https://www.zong.com.pk/5g-coverage-map",
        "retrieved_at": "2026-08-07",
        "accuracy_note": "Exact coordinate value published in the provider map source; not independently surveyed.",
        "altitude_m": null
      }
    },
    {
      "type": "Feature",
      "id": "zong-0257",
      "geometry": {
        "type": "Point",
        "coordinates": [
          74.30453,
          31.60198
        ]
      },
      "properties": {
        "site_uid": "zong-0257",
        "provider": "Zong",
        "source_index": 257,
        "site_name_source": "",
        "display_name": "Zong unnamed site 257",
        "city_source": "Lahore",
        "geometry_type": "Point",
        "record_kind": "provider_published_5g_site",
        "is_named": false,
        "duplicate_coordinate_group": "",
        "source_dataset": "Zong official 5G coverage map LOCS array",
        "source_url": "https://www.zong.com.pk/5g-coverage-map",
        "retrieved_at": "2026-08-07",
        "accuracy_note": "Exact coordinate value published in the provider map source; not independently surveyed.",
        "altitude_m": null
      }
    },
    {
      "type": "Feature",
      "id": "zong-0258",
      "geometry": {
        "type": "Point",
        "coordinates": [
          67.2851,
          24.85836
        ]
      },
      "properties": {
        "site_uid": "zong-0258",
        "provider": "Zong",
        "source_index": 258,
        "site_name_source": "",
        "display_name": "Zong unnamed site 258",
        "city_source": "Karachi",
        "geometry_type": "Point",
        "record_kind": "provider_published_5g_site",
        "is_named": false,
        "duplicate_coordinate_group": "",
        "source_dataset": "Zong official 5G coverage map LOCS array",
        "source_url": "https://www.zong.com.pk/5g-coverage-map",
        "retrieved_at": "2026-08-07",
        "accuracy_note": "Exact coordinate value published in the provider map source; not independently surveyed.",
        "altitude_m": null
      }
    },
    {
      "type": "Feature",
      "id": "zong-0259",
      "geometry": {
        "type": "Point",
        "coordinates": [
          67.09029,
          25.03573
        ]
      },
      "properties": {
        "site_uid": "zong-0259",
        "provider": "Zong",
        "source_index": 259,
        "site_name_source": "",
        "display_name": "Zong unnamed site 259",
        "city_source": "Karachi",
        "geometry_type": "Point",
        "record_kind": "provider_published_5g_site",
        "is_named": false,
        "duplicate_coordinate_group": "",
        "source_dataset": "Zong official 5G coverage map LOCS array",
        "source_url": "https://www.zong.com.pk/5g-coverage-map",
        "retrieved_at": "2026-08-07",
        "accuracy_note": "Exact coordinate value published in the provider map source; not independently surveyed.",
        "altitude_m": null
      }
    },
    {
      "type": "Feature",
      "id": "zong-0260",
      "geometry": {
        "type": "Point",
        "coordinates": [
          66.9841,
          30.22954
        ]
      },
      "properties": {
        "site_uid": "zong-0260",
        "provider": "Zong",
        "source_index": 260,
        "site_name_source": "",
        "display_name": "Zong unnamed site 260",
        "city_source": "Quetta",
        "geometry_type": "Point",
        "record_kind": "provider_published_5g_site",
        "is_named": false,
        "duplicate_coordinate_group": "",
        "source_dataset": "Zong official 5G coverage map LOCS array",
        "source_url": "https://www.zong.com.pk/5g-coverage-map",
        "retrieved_at": "2026-08-07",
        "accuracy_note": "Exact coordinate value published in the provider map source; not independently surveyed.",
        "altitude_m": null
      }
    },
    {
      "type": "Feature",
      "id": "zong-0261",
      "geometry": {
        "type": "Point",
        "coordinates": [
          74.228639,
          31.593142
        ]
      },
      "properties": {
        "site_uid": "zong-0261",
        "provider": "Zong",
        "source_index": 261,
        "site_name_source": "",
        "display_name": "Zong unnamed site 261",
        "city_source": "Sheikhupura",
        "geometry_type": "Point",
        "record_kind": "provider_published_5g_site",
        "is_named": false,
        "duplicate_coordinate_group": "",
        "source_dataset": "Zong official 5G coverage map LOCS array",
        "source_url": "https://www.zong.com.pk/5g-coverage-map",
        "retrieved_at": "2026-08-07",
        "accuracy_note": "Exact coordinate value published in the provider map source; not independently surveyed.",
        "altitude_m": null
      }
    },
    {
      "type": "Feature",
      "id": "zong-0262",
      "geometry": {
        "type": "Point",
        "coordinates": [
          73.1115,
          31.40589
        ]
      },
      "properties": {
        "site_uid": "zong-0262",
        "provider": "Zong",
        "source_index": 262,
        "site_name_source": "",
        "display_name": "Zong unnamed site 262",
        "city_source": "Faisalabad",
        "geometry_type": "Point",
        "record_kind": "provider_published_5g_site",
        "is_named": false,
        "duplicate_coordinate_group": "",
        "source_dataset": "Zong official 5G coverage map LOCS array",
        "source_url": "https://www.zong.com.pk/5g-coverage-map",
        "retrieved_at": "2026-08-07",
        "accuracy_note": "Exact coordinate value published in the provider map source; not independently surveyed.",
        "altitude_m": null
      }
    },
    {
      "type": "Feature",
      "id": "zong-0263",
      "geometry": {
        "type": "Point",
        "coordinates": [
          71.42516,
          33.99888
        ]
      },
      "properties": {
        "site_uid": "zong-0263",
        "provider": "Zong",
        "source_index": 263,
        "site_name_source": "",
        "display_name": "Zong unnamed site 263",
        "city_source": "Peshawar",
        "geometry_type": "Point",
        "record_kind": "provider_published_5g_site",
        "is_named": false,
        "duplicate_coordinate_group": "",
        "source_dataset": "Zong official 5G coverage map LOCS array",
        "source_url": "https://www.zong.com.pk/5g-coverage-map",
        "retrieved_at": "2026-08-07",
        "accuracy_note": "Exact coordinate value published in the provider map source; not independently surveyed.",
        "altitude_m": null
      }
    },
    {
      "type": "Feature",
      "id": "zong-0264",
      "geometry": {
        "type": "Point",
        "coordinates": [
          71.5631,
          34.0087
        ]
      },
      "properties": {
        "site_uid": "zong-0264",
        "provider": "Zong",
        "source_index": 264,
        "site_name_source": "",
        "display_name": "Zong unnamed site 264",
        "city_source": "Peshawar",
        "geometry_type": "Point",
        "record_kind": "provider_published_5g_site",
        "is_named": false,
        "duplicate_coordinate_group": "",
        "source_dataset": "Zong official 5G coverage map LOCS array",
        "source_url": "https://www.zong.com.pk/5g-coverage-map",
        "retrieved_at": "2026-08-07",
        "accuracy_note": "Exact coordinate value published in the provider map source; not independently surveyed.",
        "altitude_m": null
      }
    },
    {
      "type": "Feature",
      "id": "zong-0265",
      "geometry": {
        "type": "Point",
        "coordinates": [
          71.4973,
          34.0002
        ]
      },
      "properties": {
        "site_uid": "zong-0265",
        "provider": "Zong",
        "source_index": 265,
        "site_name_source": "",
        "display_name": "Zong unnamed site 265",
        "city_source": "Peshawar",
        "geometry_type": "Point",
        "record_kind": "provider_published_5g_site",
        "is_named": false,
        "duplicate_coordinate_group": "",
        "source_dataset": "Zong official 5G coverage map LOCS array",
        "source_url": "https://www.zong.com.pk/5g-coverage-map",
        "retrieved_at": "2026-08-07",
        "accuracy_note": "Exact coordinate value published in the provider map source; not independently surveyed.",
        "altitude_m": null
      }
    },
    {
      "type": "Feature",
      "id": "zong-0266",
      "geometry": {
        "type": "Point",
        "coordinates": [
          74.2001,
          32.1126
        ]
      },
      "properties": {
        "site_uid": "zong-0266",
        "provider": "Zong",
        "source_index": 266,
        "site_name_source": "",
        "display_name": "Zong unnamed site 266",
        "city_source": "Gujranwala",
        "geometry_type": "Point",
        "record_kind": "provider_published_5g_site",
        "is_named": false,
        "duplicate_coordinate_group": "",
        "source_dataset": "Zong official 5G coverage map LOCS array",
        "source_url": "https://www.zong.com.pk/5g-coverage-map",
        "retrieved_at": "2026-08-07",
        "accuracy_note": "Exact coordinate value published in the provider map source; not independently surveyed.",
        "altitude_m": null
      }
    },
    {
      "type": "Feature",
      "id": "zong-0267",
      "geometry": {
        "type": "Point",
        "coordinates": [
          74.19604,
          32.17613
        ]
      },
      "properties": {
        "site_uid": "zong-0267",
        "provider": "Zong",
        "source_index": 267,
        "site_name_source": "",
        "display_name": "Zong unnamed site 267",
        "city_source": "Gujranwala",
        "geometry_type": "Point",
        "record_kind": "provider_published_5g_site",
        "is_named": false,
        "duplicate_coordinate_group": "",
        "source_dataset": "Zong official 5G coverage map LOCS array",
        "source_url": "https://www.zong.com.pk/5g-coverage-map",
        "retrieved_at": "2026-08-07",
        "accuracy_note": "Exact coordinate value published in the provider map source; not independently surveyed.",
        "altitude_m": null
      }
    },
    {
      "type": "Feature",
      "id": "zong-0268",
      "geometry": {
        "type": "Point",
        "coordinates": [
          71.54028,
          33.99675
        ]
      },
      "properties": {
        "site_uid": "zong-0268",
        "provider": "Zong",
        "source_index": 268,
        "site_name_source": "",
        "display_name": "Zong unnamed site 268",
        "city_source": "Peshawar",
        "geometry_type": "Point",
        "record_kind": "provider_published_5g_site",
        "is_named": false,
        "duplicate_coordinate_group": "",
        "source_dataset": "Zong official 5G coverage map LOCS array",
        "source_url": "https://www.zong.com.pk/5g-coverage-map",
        "retrieved_at": "2026-08-07",
        "accuracy_note": "Exact coordinate value published in the provider map source; not independently surveyed.",
        "altitude_m": null
      }
    },
    {
      "type": "Feature",
      "id": "zong-0269",
      "geometry": {
        "type": "Point",
        "coordinates": [
          71.50951,
          34.0078
        ]
      },
      "properties": {
        "site_uid": "zong-0269",
        "provider": "Zong",
        "source_index": 269,
        "site_name_source": "",
        "display_name": "Zong unnamed site 269",
        "city_source": "Peshawar",
        "geometry_type": "Point",
        "record_kind": "provider_published_5g_site",
        "is_named": false,
        "duplicate_coordinate_group": "",
        "source_dataset": "Zong official 5G coverage map LOCS array",
        "source_url": "https://www.zong.com.pk/5g-coverage-map",
        "retrieved_at": "2026-08-07",
        "accuracy_note": "Exact coordinate value published in the provider map source; not independently surveyed.",
        "altitude_m": null
      }
    },
    {
      "type": "Feature",
      "id": "zong-0270",
      "geometry": {
        "type": "Point",
        "coordinates": [
          71.44401,
          33.99529
        ]
      },
      "properties": {
        "site_uid": "zong-0270",
        "provider": "Zong",
        "source_index": 270,
        "site_name_source": "",
        "display_name": "Zong unnamed site 270",
        "city_source": "Peshawar",
        "geometry_type": "Point",
        "record_kind": "provider_published_5g_site",
        "is_named": false,
        "duplicate_coordinate_group": "",
        "source_dataset": "Zong official 5G coverage map LOCS array",
        "source_url": "https://www.zong.com.pk/5g-coverage-map",
        "retrieved_at": "2026-08-07",
        "accuracy_note": "Exact coordinate value published in the provider map source; not independently surveyed.",
        "altitude_m": null
      }
    },
    {
      "type": "Feature",
      "id": "zong-0271",
      "geometry": {
        "type": "Point",
        "coordinates": [
          73.11183,
          31.41559
        ]
      },
      "properties": {
        "site_uid": "zong-0271",
        "provider": "Zong",
        "source_index": 271,
        "site_name_source": "",
        "display_name": "Zong unnamed site 271",
        "city_source": "Faisalabad",
        "geometry_type": "Point",
        "record_kind": "provider_published_5g_site",
        "is_named": false,
        "duplicate_coordinate_group": "",
        "source_dataset": "Zong official 5G coverage map LOCS array",
        "source_url": "https://www.zong.com.pk/5g-coverage-map",
        "retrieved_at": "2026-08-07",
        "accuracy_note": "Exact coordinate value published in the provider map source; not independently surveyed.",
        "altitude_m": null
      }
    },
    {
      "type": "Feature",
      "id": "zong-0272",
      "geometry": {
        "type": "Point",
        "coordinates": [
          73.08139,
          31.42043
        ]
      },
      "properties": {
        "site_uid": "zong-0272",
        "provider": "Zong",
        "source_index": 272,
        "site_name_source": "",
        "display_name": "Zong unnamed site 272",
        "city_source": "Faisalabad",
        "geometry_type": "Point",
        "record_kind": "provider_published_5g_site",
        "is_named": false,
        "duplicate_coordinate_group": "",
        "source_dataset": "Zong official 5G coverage map LOCS array",
        "source_url": "https://www.zong.com.pk/5g-coverage-map",
        "retrieved_at": "2026-08-07",
        "accuracy_note": "Exact coordinate value published in the provider map source; not independently surveyed.",
        "altitude_m": null
      }
    },
    {
      "type": "Feature",
      "id": "zong-0273",
      "geometry": {
        "type": "Point",
        "coordinates": [
          71.48023,
          34.00461
        ]
      },
      "properties": {
        "site_uid": "zong-0273",
        "provider": "Zong",
        "source_index": 273,
        "site_name_source": "",
        "display_name": "Zong unnamed site 273",
        "city_source": "Peshawar",
        "geometry_type": "Point",
        "record_kind": "provider_published_5g_site",
        "is_named": false,
        "duplicate_coordinate_group": "",
        "source_dataset": "Zong official 5G coverage map LOCS array",
        "source_url": "https://www.zong.com.pk/5g-coverage-map",
        "retrieved_at": "2026-08-07",
        "accuracy_note": "Exact coordinate value published in the provider map source; not independently surveyed.",
        "altitude_m": null
      }
    },
    {
      "type": "Feature",
      "id": "zong-0274",
      "geometry": {
        "type": "Point",
        "coordinates": [
          72.65572,
          34.07275
        ]
      },
      "properties": {
        "site_uid": "zong-0274",
        "provider": "Zong",
        "source_index": 274,
        "site_name_source": "",
        "display_name": "Zong unnamed site 274",
        "city_source": "Swabi",
        "geometry_type": "Point",
        "record_kind": "provider_published_5g_site",
        "is_named": false,
        "duplicate_coordinate_group": "",
        "source_dataset": "Zong official 5G coverage map LOCS array",
        "source_url": "https://www.zong.com.pk/5g-coverage-map",
        "retrieved_at": "2026-08-07",
        "accuracy_note": "Exact coordinate value published in the provider map source; not independently surveyed.",
        "altitude_m": null
      }
    },
    {
      "type": "Feature",
      "id": "zong-0275",
      "geometry": {
        "type": "Point",
        "coordinates": [
          74.1824,
          32.1744
        ]
      },
      "properties": {
        "site_uid": "zong-0275",
        "provider": "Zong",
        "source_index": 275,
        "site_name_source": "",
        "display_name": "Zong unnamed site 275",
        "city_source": "Gujranwala",
        "geometry_type": "Point",
        "record_kind": "provider_published_5g_site",
        "is_named": false,
        "duplicate_coordinate_group": "",
        "source_dataset": "Zong official 5G coverage map LOCS array",
        "source_url": "https://www.zong.com.pk/5g-coverage-map",
        "retrieved_at": "2026-08-07",
        "accuracy_note": "Exact coordinate value published in the provider map source; not independently surveyed.",
        "altitude_m": null
      }
    },
    {
      "type": "Feature",
      "id": "zong-0276",
      "geometry": {
        "type": "Point",
        "coordinates": [
          71.5369,
          33.9963
        ]
      },
      "properties": {
        "site_uid": "zong-0276",
        "provider": "Zong",
        "source_index": 276,
        "site_name_source": "",
        "display_name": "Zong unnamed site 276",
        "city_source": "Peshawar",
        "geometry_type": "Point",
        "record_kind": "provider_published_5g_site",
        "is_named": false,
        "duplicate_coordinate_group": "",
        "source_dataset": "Zong official 5G coverage map LOCS array",
        "source_url": "https://www.zong.com.pk/5g-coverage-map",
        "retrieved_at": "2026-08-07",
        "accuracy_note": "Exact coordinate value published in the provider map source; not independently surveyed.",
        "altitude_m": null
      }
    },
    {
      "type": "Feature",
      "id": "zong-0277",
      "geometry": {
        "type": "Point",
        "coordinates": [
          71.46012,
          33.60308
        ]
      },
      "properties": {
        "site_uid": "zong-0277",
        "provider": "Zong",
        "source_index": 277,
        "site_name_source": "",
        "display_name": "Zong unnamed site 277",
        "city_source": "Kohat",
        "geometry_type": "Point",
        "record_kind": "provider_published_5g_site",
        "is_named": false,
        "duplicate_coordinate_group": "",
        "source_dataset": "Zong official 5G coverage map LOCS array",
        "source_url": "https://www.zong.com.pk/5g-coverage-map",
        "retrieved_at": "2026-08-07",
        "accuracy_note": "Exact coordinate value published in the provider map source; not independently surveyed.",
        "altitude_m": null
      }
    },
    {
      "type": "Feature",
      "id": "zong-0278",
      "geometry": {
        "type": "Point",
        "coordinates": [
          71.44103,
          33.58691
        ]
      },
      "properties": {
        "site_uid": "zong-0278",
        "provider": "Zong",
        "source_index": 278,
        "site_name_source": "",
        "display_name": "Zong unnamed site 278",
        "city_source": "Kohat",
        "geometry_type": "Point",
        "record_kind": "provider_published_5g_site",
        "is_named": false,
        "duplicate_coordinate_group": "",
        "source_dataset": "Zong official 5G coverage map LOCS array",
        "source_url": "https://www.zong.com.pk/5g-coverage-map",
        "retrieved_at": "2026-08-07",
        "accuracy_note": "Exact coordinate value published in the provider map source; not independently surveyed.",
        "altitude_m": null
      }
    },
    {
      "type": "Feature",
      "id": "zong-0279",
      "geometry": {
        "type": "Point",
        "coordinates": [
          73.07913,
          31.41664
        ]
      },
      "properties": {
        "site_uid": "zong-0279",
        "provider": "Zong",
        "source_index": 279,
        "site_name_source": "",
        "display_name": "Zong unnamed site 279",
        "city_source": "Faisalabad",
        "geometry_type": "Point",
        "record_kind": "provider_published_5g_site",
        "is_named": false,
        "duplicate_coordinate_group": "",
        "source_dataset": "Zong official 5G coverage map LOCS array",
        "source_url": "https://www.zong.com.pk/5g-coverage-map",
        "retrieved_at": "2026-08-07",
        "accuracy_note": "Exact coordinate value published in the provider map source; not independently surveyed.",
        "altitude_m": null
      }
    },
    {
      "type": "Feature",
      "id": "zong-0280",
      "geometry": {
        "type": "Point",
        "coordinates": [
          72.04266,
          34.19511
        ]
      },
      "properties": {
        "site_uid": "zong-0280",
        "provider": "Zong",
        "source_index": 280,
        "site_name_source": "",
        "display_name": "Zong unnamed site 280",
        "city_source": "Mardan",
        "geometry_type": "Point",
        "record_kind": "provider_published_5g_site",
        "is_named": false,
        "duplicate_coordinate_group": "",
        "source_dataset": "Zong official 5G coverage map LOCS array",
        "source_url": "https://www.zong.com.pk/5g-coverage-map",
        "retrieved_at": "2026-08-07",
        "accuracy_note": "Exact coordinate value published in the provider map source; not independently surveyed.",
        "altitude_m": null
      }
    },
    {
      "type": "Feature",
      "id": "zong-0281",
      "geometry": {
        "type": "Point",
        "coordinates": [
          71.56246,
          34.01357
        ]
      },
      "properties": {
        "site_uid": "zong-0281",
        "provider": "Zong",
        "source_index": 281,
        "site_name_source": "",
        "display_name": "Zong unnamed site 281",
        "city_source": "Peshawar",
        "geometry_type": "Point",
        "record_kind": "provider_published_5g_site",
        "is_named": false,
        "duplicate_coordinate_group": "",
        "source_dataset": "Zong official 5G coverage map LOCS array",
        "source_url": "https://www.zong.com.pk/5g-coverage-map",
        "retrieved_at": "2026-08-07",
        "accuracy_note": "Exact coordinate value published in the provider map source; not independently surveyed.",
        "altitude_m": null
      }
    },
    {
      "type": "Feature",
      "id": "zong-0282",
      "geometry": {
        "type": "Point",
        "coordinates": [
          71.49087,
          34.00365
        ]
      },
      "properties": {
        "site_uid": "zong-0282",
        "provider": "Zong",
        "source_index": 282,
        "site_name_source": "",
        "display_name": "Zong unnamed site 282",
        "city_source": "Peshawar",
        "geometry_type": "Point",
        "record_kind": "provider_published_5g_site",
        "is_named": false,
        "duplicate_coordinate_group": "",
        "source_dataset": "Zong official 5G coverage map LOCS array",
        "source_url": "https://www.zong.com.pk/5g-coverage-map",
        "retrieved_at": "2026-08-07",
        "accuracy_note": "Exact coordinate value published in the provider map source; not independently surveyed.",
        "altitude_m": null
      }
    },
    {
      "type": "Feature",
      "id": "zong-0283",
      "geometry": {
        "type": "Point",
        "coordinates": [
          71.43095,
          33.96404
        ]
      },
      "properties": {
        "site_uid": "zong-0283",
        "provider": "Zong",
        "source_index": 283,
        "site_name_source": "",
        "display_name": "Zong unnamed site 283",
        "city_source": "Peshawar",
        "geometry_type": "Point",
        "record_kind": "provider_published_5g_site",
        "is_named": false,
        "duplicate_coordinate_group": "",
        "source_dataset": "Zong official 5G coverage map LOCS array",
        "source_url": "https://www.zong.com.pk/5g-coverage-map",
        "retrieved_at": "2026-08-07",
        "accuracy_note": "Exact coordinate value published in the provider map source; not independently surveyed.",
        "altitude_m": null
      }
    },
    {
      "type": "Feature",
      "id": "zong-0284",
      "geometry": {
        "type": "Point",
        "coordinates": [
          74.1779,
          32.175
        ]
      },
      "properties": {
        "site_uid": "zong-0284",
        "provider": "Zong",
        "source_index": 284,
        "site_name_source": "",
        "display_name": "Zong unnamed site 284",
        "city_source": "Gujranwala",
        "geometry_type": "Point",
        "record_kind": "provider_published_5g_site",
        "is_named": false,
        "duplicate_coordinate_group": "",
        "source_dataset": "Zong official 5G coverage map LOCS array",
        "source_url": "https://www.zong.com.pk/5g-coverage-map",
        "retrieved_at": "2026-08-07",
        "accuracy_note": "Exact coordinate value published in the provider map source; not independently surveyed.",
        "altitude_m": null
      }
    },
    {
      "type": "Feature",
      "id": "zong-0285",
      "geometry": {
        "type": "Point",
        "coordinates": [
          74.3764,
          32.5279
        ]
      },
      "properties": {
        "site_uid": "zong-0285",
        "provider": "Zong",
        "source_index": 285,
        "site_name_source": "",
        "display_name": "Zong unnamed site 285",
        "city_source": "Sialkot",
        "geometry_type": "Point",
        "record_kind": "provider_published_5g_site",
        "is_named": false,
        "duplicate_coordinate_group": "",
        "source_dataset": "Zong official 5G coverage map LOCS array",
        "source_url": "https://www.zong.com.pk/5g-coverage-map",
        "retrieved_at": "2026-08-07",
        "accuracy_note": "Exact coordinate value published in the provider map source; not independently surveyed.",
        "altitude_m": null
      }
    },
    {
      "type": "Feature",
      "id": "zong-0286",
      "geometry": {
        "type": "Point",
        "coordinates": [
          74.20249,
          32.16378
        ]
      },
      "properties": {
        "site_uid": "zong-0286",
        "provider": "Zong",
        "source_index": 286,
        "site_name_source": "",
        "display_name": "Zong unnamed site 286",
        "city_source": "Gujranwala",
        "geometry_type": "Point",
        "record_kind": "provider_published_5g_site",
        "is_named": false,
        "duplicate_coordinate_group": "",
        "source_dataset": "Zong official 5G coverage map LOCS array",
        "source_url": "https://www.zong.com.pk/5g-coverage-map",
        "retrieved_at": "2026-08-07",
        "accuracy_note": "Exact coordinate value published in the provider map source; not independently surveyed.",
        "altitude_m": null
      }
    },
    {
      "type": "Feature",
      "id": "zong-0287",
      "geometry": {
        "type": "Point",
        "coordinates": [
          73.12686,
          31.43894
        ]
      },
      "properties": {
        "site_uid": "zong-0287",
        "provider": "Zong",
        "source_index": 287,
        "site_name_source": "",
        "display_name": "Zong unnamed site 287",
        "city_source": "Faisalabad",
        "geometry_type": "Point",
        "record_kind": "provider_published_5g_site",
        "is_named": false,
        "duplicate_coordinate_group": "",
        "source_dataset": "Zong official 5G coverage map LOCS array",
        "source_url": "https://www.zong.com.pk/5g-coverage-map",
        "retrieved_at": "2026-08-07",
        "accuracy_note": "Exact coordinate value published in the provider map source; not independently surveyed.",
        "altitude_m": null
      }
    },
    {
      "type": "Feature",
      "id": "zong-0288",
      "geometry": {
        "type": "Point",
        "coordinates": [
          72.03886,
          34.19445
        ]
      },
      "properties": {
        "site_uid": "zong-0288",
        "provider": "Zong",
        "source_index": 288,
        "site_name_source": "",
        "display_name": "Zong unnamed site 288",
        "city_source": "Mardan",
        "geometry_type": "Point",
        "record_kind": "provider_published_5g_site",
        "is_named": false,
        "duplicate_coordinate_group": "",
        "source_dataset": "Zong official 5G coverage map LOCS array",
        "source_url": "https://www.zong.com.pk/5g-coverage-map",
        "retrieved_at": "2026-08-07",
        "accuracy_note": "Exact coordinate value published in the provider map source; not independently surveyed.",
        "altitude_m": null
      }
    },
    {
      "type": "Feature",
      "id": "zong-0289",
      "geometry": {
        "type": "Point",
        "coordinates": [
          71.5634,
          33.99993
        ]
      },
      "properties": {
        "site_uid": "zong-0289",
        "provider": "Zong",
        "source_index": 289,
        "site_name_source": "",
        "display_name": "Zong unnamed site 289",
        "city_source": "Peshawar",
        "geometry_type": "Point",
        "record_kind": "provider_published_5g_site",
        "is_named": false,
        "duplicate_coordinate_group": "",
        "source_dataset": "Zong official 5G coverage map LOCS array",
        "source_url": "https://www.zong.com.pk/5g-coverage-map",
        "retrieved_at": "2026-08-07",
        "accuracy_note": "Exact coordinate value published in the provider map source; not independently surveyed.",
        "altitude_m": null
      }
    },
    {
      "type": "Feature",
      "id": "zong-0290",
      "geometry": {
        "type": "Point",
        "coordinates": [
          72.62149,
          34.06929
        ]
      },
      "properties": {
        "site_uid": "zong-0290",
        "provider": "Zong",
        "source_index": 290,
        "site_name_source": "",
        "display_name": "Zong unnamed site 290",
        "city_source": "Swabi",
        "geometry_type": "Point",
        "record_kind": "provider_published_5g_site",
        "is_named": false,
        "duplicate_coordinate_group": "",
        "source_dataset": "Zong official 5G coverage map LOCS array",
        "source_url": "https://www.zong.com.pk/5g-coverage-map",
        "retrieved_at": "2026-08-07",
        "accuracy_note": "Exact coordinate value published in the provider map source; not independently surveyed.",
        "altitude_m": null
      }
    },
    {
      "type": "Feature",
      "id": "zong-0291",
      "geometry": {
        "type": "Point",
        "coordinates": [
          74.2083,
          32.1381
        ]
      },
      "properties": {
        "site_uid": "zong-0291",
        "provider": "Zong",
        "source_index": 291,
        "site_name_source": "",
        "display_name": "Zong unnamed site 291",
        "city_source": "Gujranwala",
        "geometry_type": "Point",
        "record_kind": "provider_published_5g_site",
        "is_named": false,
        "duplicate_coordinate_group": "",
        "source_dataset": "Zong official 5G coverage map LOCS array",
        "source_url": "https://www.zong.com.pk/5g-coverage-map",
        "retrieved_at": "2026-08-07",
        "accuracy_note": "Exact coordinate value published in the provider map source; not independently surveyed.",
        "altitude_m": null
      }
    },
    {
      "type": "Feature",
      "id": "zong-0292",
      "geometry": {
        "type": "Point",
        "coordinates": [
          74.5355,
          32.5052
        ]
      },
      "properties": {
        "site_uid": "zong-0292",
        "provider": "Zong",
        "source_index": 292,
        "site_name_source": "",
        "display_name": "Zong unnamed site 292",
        "city_source": "Sialkot",
        "geometry_type": "Point",
        "record_kind": "provider_published_5g_site",
        "is_named": false,
        "duplicate_coordinate_group": "",
        "source_dataset": "Zong official 5G coverage map LOCS array",
        "source_url": "https://www.zong.com.pk/5g-coverage-map",
        "retrieved_at": "2026-08-07",
        "accuracy_note": "Exact coordinate value published in the provider map source; not independently surveyed.",
        "altitude_m": null
      }
    },
    {
      "type": "Feature",
      "id": "zong-0293",
      "geometry": {
        "type": "Point",
        "coordinates": [
          71.55008,
          34.00379
        ]
      },
      "properties": {
        "site_uid": "zong-0293",
        "provider": "Zong",
        "source_index": 293,
        "site_name_source": "",
        "display_name": "Zong unnamed site 293",
        "city_source": "Peshawar",
        "geometry_type": "Point",
        "record_kind": "provider_published_5g_site",
        "is_named": false,
        "duplicate_coordinate_group": "",
        "source_dataset": "Zong official 5G coverage map LOCS array",
        "source_url": "https://www.zong.com.pk/5g-coverage-map",
        "retrieved_at": "2026-08-07",
        "accuracy_note": "Exact coordinate value published in the provider map source; not independently surveyed.",
        "altitude_m": null
      }
    },
    {
      "type": "Feature",
      "id": "zong-0294",
      "geometry": {
        "type": "Point",
        "coordinates": [
          71.54404,
          33.99829
        ]
      },
      "properties": {
        "site_uid": "zong-0294",
        "provider": "Zong",
        "source_index": 294,
        "site_name_source": "",
        "display_name": "Zong unnamed site 294",
        "city_source": "Peshawar",
        "geometry_type": "Point",
        "record_kind": "provider_published_5g_site",
        "is_named": false,
        "duplicate_coordinate_group": "",
        "source_dataset": "Zong official 5G coverage map LOCS array",
        "source_url": "https://www.zong.com.pk/5g-coverage-map",
        "retrieved_at": "2026-08-07",
        "accuracy_note": "Exact coordinate value published in the provider map source; not independently surveyed.",
        "altitude_m": null
      }
    },
    {
      "type": "Feature",
      "id": "zong-0295",
      "geometry": {
        "type": "Point",
        "coordinates": [
          71.58587,
          34.01881
        ]
      },
      "properties": {
        "site_uid": "zong-0295",
        "provider": "Zong",
        "source_index": 295,
        "site_name_source": "",
        "display_name": "Zong unnamed site 295",
        "city_source": "Peshawar",
        "geometry_type": "Point",
        "record_kind": "provider_published_5g_site",
        "is_named": false,
        "duplicate_coordinate_group": "",
        "source_dataset": "Zong official 5G coverage map LOCS array",
        "source_url": "https://www.zong.com.pk/5g-coverage-map",
        "retrieved_at": "2026-08-07",
        "accuracy_note": "Exact coordinate value published in the provider map source; not independently surveyed.",
        "altitude_m": null
      }
    },
    {
      "type": "Feature",
      "id": "zong-0296",
      "geometry": {
        "type": "Point",
        "coordinates": [
          71.52715,
          34.00512
        ]
      },
      "properties": {
        "site_uid": "zong-0296",
        "provider": "Zong",
        "source_index": 296,
        "site_name_source": "",
        "display_name": "Zong unnamed site 296",
        "city_source": "Peshawar",
        "geometry_type": "Point",
        "record_kind": "provider_published_5g_site",
        "is_named": false,
        "duplicate_coordinate_group": "",
        "source_dataset": "Zong official 5G coverage map LOCS array",
        "source_url": "https://www.zong.com.pk/5g-coverage-map",
        "retrieved_at": "2026-08-07",
        "accuracy_note": "Exact coordinate value published in the provider map source; not independently surveyed.",
        "altitude_m": null
      }
    },
    {
      "type": "Feature",
      "id": "zong-0297",
      "geometry": {
        "type": "Point",
        "coordinates": [
          73.08025,
          31.43234
        ]
      },
      "properties": {
        "site_uid": "zong-0297",
        "provider": "Zong",
        "source_index": 297,
        "site_name_source": "",
        "display_name": "Zong unnamed site 297",
        "city_source": "Faisalabad",
        "geometry_type": "Point",
        "record_kind": "provider_published_5g_site",
        "is_named": false,
        "duplicate_coordinate_group": "",
        "source_dataset": "Zong official 5G coverage map LOCS array",
        "source_url": "https://www.zong.com.pk/5g-coverage-map",
        "retrieved_at": "2026-08-07",
        "accuracy_note": "Exact coordinate value published in the provider map source; not independently surveyed.",
        "altitude_m": null
      }
    },
    {
      "type": "Feature",
      "id": "zong-0298",
      "geometry": {
        "type": "Point",
        "coordinates": [
          74.5613,
          32.5163
        ]
      },
      "properties": {
        "site_uid": "zong-0298",
        "provider": "Zong",
        "source_index": 298,
        "site_name_source": "",
        "display_name": "Zong unnamed site 298",
        "city_source": "Sialkot",
        "geometry_type": "Point",
        "record_kind": "provider_published_5g_site",
        "is_named": false,
        "duplicate_coordinate_group": "",
        "source_dataset": "Zong official 5G coverage map LOCS array",
        "source_url": "https://www.zong.com.pk/5g-coverage-map",
        "retrieved_at": "2026-08-07",
        "accuracy_note": "Exact coordinate value published in the provider map source; not independently surveyed.",
        "altitude_m": null
      }
    },
    {
      "type": "Feature",
      "id": "zong-0299",
      "geometry": {
        "type": "Point",
        "coordinates": [
          71.51917,
          33.989594
        ]
      },
      "properties": {
        "site_uid": "zong-0299",
        "provider": "Zong",
        "source_index": 299,
        "site_name_source": "",
        "display_name": "Zong unnamed site 299",
        "city_source": "Peshawar",
        "geometry_type": "Point",
        "record_kind": "provider_published_5g_site",
        "is_named": false,
        "duplicate_coordinate_group": "",
        "source_dataset": "Zong official 5G coverage map LOCS array",
        "source_url": "https://www.zong.com.pk/5g-coverage-map",
        "retrieved_at": "2026-08-07",
        "accuracy_note": "Exact coordinate value published in the provider map source; not independently surveyed.",
        "altitude_m": null
      }
    },
    {
      "type": "Feature",
      "id": "zong-0300",
      "geometry": {
        "type": "Point",
        "coordinates": [
          71.5533,
          34.017028
        ]
      },
      "properties": {
        "site_uid": "zong-0300",
        "provider": "Zong",
        "source_index": 300,
        "site_name_source": "",
        "display_name": "Zong unnamed site 300",
        "city_source": "Peshawar",
        "geometry_type": "Point",
        "record_kind": "provider_published_5g_site",
        "is_named": false,
        "duplicate_coordinate_group": "",
        "source_dataset": "Zong official 5G coverage map LOCS array",
        "source_url": "https://www.zong.com.pk/5g-coverage-map",
        "retrieved_at": "2026-08-07",
        "accuracy_note": "Exact coordinate value published in the provider map source; not independently surveyed.",
        "altitude_m": null
      }
    },
    {
      "type": "Feature",
      "id": "pk-5g-isb-01-ptcl-exchange-f-11-markaz",
      "geometry": {
        "type": "Point",
        "coordinates": [
          72.98866,
          33.68447
        ]
      },
      "properties": {
        "site_uid": "pk-5g-isb-01-ptcl-exchange-f-11-markaz",
        "provider": "Ufone / Onic",
        "source_index": 1,
        "site_name_source": "PTCL Exchange F-11 Markaz",
        "display_name": "F-11 Markaz, Islamabad",
        "city_source": "Islamabad",
        "geometry_type": "Point",
        "record_kind": "provider_published_5g_site",
        "is_named": true,
        "duplicate_coordinate_group": "",
        "source_dataset": "Ufone(Onic) Official Sites",
        "source_url": "https://www.ufone.com/5g/",
        "retrieved_at": "2026-08-07",
        "accuracy_note": "Geocoded from provider data",
        "altitude_m": null
      }
    },
    {
      "type": "Feature",
      "id": "pk-5g-isb-02-blue-star-g-8-4",
      "geometry": {
        "type": "Point",
        "coordinates": [
          73.05012,
          33.69675
        ]
      },
      "properties": {
        "site_uid": "pk-5g-isb-02-blue-star-g-8-4",
        "provider": "Ufone / Onic",
        "source_index": 2,
        "site_name_source": "Blue Star G-8/4",
        "display_name": "Blue Star / G-8 Markaz area, G-8/4, Islamabad",
        "city_source": "Islamabad",
        "geometry_type": "Point",
        "record_kind": "provider_published_5g_site",
        "is_named": true,
        "duplicate_coordinate_group": "",
        "source_dataset": "Ufone(Onic) Official Sites",
        "source_url": "https://www.ufone.com/5g/",
        "retrieved_at": "2026-08-07",
        "accuracy_note": "Geocoded from provider data",
        "altitude_m": null
      }
    },
    {
      "type": "Feature",
      "id": "pk-5g-isb-03-capital-plaza-f-10-markaz",
      "geometry": {
        "type": "Point",
        "coordinates": [
          73.013973,
          33.692897
        ]
      },
      "properties": {
        "site_uid": "pk-5g-isb-03-capital-plaza-f-10-markaz",
        "provider": "Ufone / Onic",
        "source_index": 3,
        "site_name_source": "Capital Plaza, F-10 Markaz",
        "display_name": "Capital Business Plaza, M2V7+5H5, F-10 Markaz F 10/4 F-10, Islamabad, Pakistan",
        "city_source": "Islamabad",
        "geometry_type": "Point",
        "record_kind": "provider_published_5g_site",
        "is_named": true,
        "duplicate_coordinate_group": "",
        "source_dataset": "Ufone(Onic) Official Sites",
        "source_url": "https://www.ufone.com/5g/",
        "retrieved_at": "2026-08-07",
        "accuracy_note": "Geocoded from provider data",
        "altitude_m": null
      }
    },
    {
      "type": "Feature",
      "id": "pk-5g-isb-04-yousaf-arcade-5-d-super-market-f-6",
      "geometry": {
        "type": "Point",
        "coordinates": [
          73.075845,
          33.729556
        ]
      },
      "properties": {
        "site_uid": "pk-5g-isb-04-yousaf-arcade-5-d-super-market-f-6",
        "provider": "Ufone / Onic",
        "source_index": 4,
        "site_name_source": "Yousaf Arcade, 5-D, Super Market, F-6",
        "display_name": "Super Market F-6, F-6 Markaz F 6 Markaz F-6, Islamabad, Pakistan",
        "city_source": "Islamabad",
        "geometry_type": "Point",
        "record_kind": "provider_published_5g_site",
        "is_named": true,
        "duplicate_coordinate_group": "",
        "source_dataset": "Ufone(Onic) Official Sites",
        "source_url": "https://www.ufone.com/5g/",
        "retrieved_at": "2026-08-07",
        "accuracy_note": "Geocoded from provider data",
        "altitude_m": null
      }
    },
    {
      "type": "Feature",
      "id": "pk-5g-isb-05-i-8-markaz",
      "geometry": {
        "type": "Point",
        "coordinates": [
          73.075207,
          33.667697
        ]
      },
      "properties": {
        "site_uid": "pk-5g-isb-05-i-8-markaz",
        "provider": "Ufone / Onic",
        "source_index": 5,
        "site_name_source": "I-8 Markaz",
        "display_name": "I-8 Markaz, I 8 Markaz I-8, Islamabad, Pakistan",
        "city_source": "Islamabad",
        "geometry_type": "Point",
        "record_kind": "provider_published_5g_site",
        "is_named": true,
        "duplicate_coordinate_group": "",
        "source_dataset": "Ufone(Onic) Official Sites",
        "source_url": "https://www.ufone.com/5g/",
        "retrieved_at": "2026-08-07",
        "accuracy_note": "Geocoded from provider data",
        "altitude_m": null
      }
    },
    {
      "type": "Feature",
      "id": "pk-5g-isb-06-building-13-p-empire-center-aptech-center-f-7-ma",
      "geometry": {
        "type": "Point",
        "coordinates": [
          73.053535,
          33.719548
        ]
      },
      "properties": {
        "site_uid": "pk-5g-isb-06-building-13-p-empire-center-aptech-center-f-7-ma",
        "provider": "Ufone / Onic",
        "source_index": 6,
        "site_name_source": "Building 13-P Empire Center (Aptech Center), F-7 Markaz",
        "display_name": "Empire Hotel, 13P Empire Center, Jinnah Market, F-7 Markaz F 7 Markaz F-7, Islamabad, 44000, Pakistan",
        "city_source": "Islamabad",
        "geometry_type": "Point",
        "record_kind": "provider_published_5g_site",
        "is_named": true,
        "duplicate_coordinate_group": "",
        "source_dataset": "Ufone(Onic) Official Sites",
        "source_url": "https://www.ufone.com/5g/",
        "retrieved_at": "2026-08-07",
        "accuracy_note": "Geocoded from provider data",
        "altitude_m": null
      }
    },
    {
      "type": "Feature",
      "id": "pk-5g-isb-07-e-cell-ptcl-headquarters-g-8-4",
      "geometry": {
        "type": "Point",
        "coordinates": [
          73.057717,
          33.69153
        ]
      },
      "properties": {
        "site_uid": "pk-5g-isb-07-e-cell-ptcl-headquarters-g-8-4",
        "provider": "Ufone / Onic",
        "source_index": 7,
        "site_name_source": "E-Cell PTCL Headquarters, G-8/4",
        "display_name": "PTCL Headquarter, M3R5+J38, Aiwan-e-Sanat-o-Tijarat Rd, G-8 Mauve Area Block-E G-8, Islamabad, Pakistan",
        "city_source": "Islamabad",
        "geometry_type": "Point",
        "record_kind": "provider_published_5g_site",
        "is_named": true,
        "duplicate_coordinate_group": "",
        "source_dataset": "Ufone(Onic) Official Sites",
        "source_url": "https://www.ufone.com/5g/",
        "retrieved_at": "2026-08-07",
        "accuracy_note": "Geocoded from provider data",
        "altitude_m": null
      }
    },
    {
      "type": "Feature",
      "id": "pk-5g-isb-08-islamabad-club",
      "geometry": {
        "type": "Point",
        "coordinates": [
          73.103979,
          33.700919
        ]
      },
      "properties": {
        "site_uid": "pk-5g-isb-08-islamabad-club",
        "provider": "Ufone / Onic",
        "source_index": 8,
        "site_name_source": "Islamabad Club",
        "display_name": "Islamabad Club, Islamabad, Pakistan",
        "city_source": "Islamabad",
        "geometry_type": "Point",
        "record_kind": "provider_published_5g_site",
        "is_named": true,
        "duplicate_coordinate_group": "",
        "source_dataset": "Ufone(Onic) Official Sites",
        "source_url": "https://www.ufone.com/5g/",
        "retrieved_at": "2026-08-07",
        "accuracy_note": "Geocoded from provider data",
        "altitude_m": null
      }
    },
    {
      "type": "Feature",
      "id": "pk-5g-isb-09-marriott-hotel-islamabad",
      "geometry": {
        "type": "Point",
        "coordinates": [
          73.087989,
          33.732885
        ]
      },
      "properties": {
        "site_uid": "pk-5g-isb-09-marriott-hotel-islamabad",
        "provider": "Ufone / Onic",
        "source_index": 9,
        "site_name_source": "Marriott Hotel Islamabad",
        "display_name": "Islamabad Marriott Hotel, 44000 Agha Khan Rd, F-5/1 F-5, Islamabad, 44000, Pakistan",
        "city_source": "Islamabad",
        "geometry_type": "Point",
        "record_kind": "provider_published_5g_site",
        "is_named": true,
        "duplicate_coordinate_group": "",
        "source_dataset": "Ufone(Onic) Official Sites",
        "source_url": "https://www.ufone.com/5g/",
        "retrieved_at": "2026-08-07",
        "accuracy_note": "Geocoded from provider data",
        "altitude_m": null
      }
    },
    {
      "type": "Feature",
      "id": "pk-5g-isb-10-new-islamabad-airport",
      "geometry": {
        "type": "Point",
        "coordinates": [
          72.851613,
          33.560713
        ]
      },
      "properties": {
        "site_uid": "pk-5g-isb-10-new-islamabad-airport",
        "provider": "Ufone / Onic",
        "source_index": 10,
        "site_name_source": "New Islamabad Airport",
        "display_name": "Islamabad International Airport (ISB), Pakistan",
        "city_source": "Islamabad",
        "geometry_type": "Point",
        "record_kind": "provider_published_5g_site",
        "is_named": true,
        "duplicate_coordinate_group": "",
        "source_dataset": "Ufone(Onic) Official Sites",
        "source_url": "https://www.ufone.com/5g/",
        "retrieved_at": "2026-08-07",
        "accuracy_note": "Geocoded from provider data",
        "altitude_m": null
      }
    },
    {
      "type": "Feature",
      "id": "pk-5g-isb-11-serena-hotel-khayaban-e-suhrwardy-road",
      "geometry": {
        "type": "Point",
        "coordinates": [
          73.101882,
          33.715434
        ]
      },
      "properties": {
        "site_uid": "pk-5g-isb-11-serena-hotel-khayaban-e-suhrwardy-road",
        "provider": "Ufone / Onic",
        "source_index": 11,
        "site_name_source": "Serena Hotel, Khayaban-e-Suhrwardy Road",
        "display_name": "Serena Hotel, Khayaban-e-Suhrwardy Rd, opposite Convention Centre, G-5/1 G-5, Islamabad, 44000, Pakistan",
        "city_source": "Islamabad",
        "geometry_type": "Point",
        "record_kind": "provider_published_5g_site",
        "is_named": true,
        "duplicate_coordinate_group": "",
        "source_dataset": "Ufone(Onic) Official Sites",
        "source_url": "https://www.ufone.com/5g/",
        "retrieved_at": "2026-08-07",
        "accuracy_note": "Geocoded from provider data",
        "altitude_m": null
      }
    },
    {
      "type": "Feature",
      "id": "pk-5g-isb-12-ise-building-blue-area",
      "geometry": {
        "type": "Point",
        "coordinates": [
          73.0578,
          33.7119
        ]
      },
      "properties": {
        "site_uid": "pk-5g-isb-12-ise-building-blue-area",
        "provider": "Ufone / Onic",
        "source_index": 12,
        "site_name_source": "ISE Building, Blue Area",
        "display_name": "Islamabad Stock Exchange Tower, Block J F 7/1 Blue Area, Islamabad, Pakistan",
        "city_source": "Islamabad",
        "geometry_type": "Point",
        "record_kind": "provider_published_5g_site",
        "is_named": true,
        "duplicate_coordinate_group": "",
        "source_dataset": "Ufone(Onic) Official Sites",
        "source_url": "https://www.ufone.com/5g/",
        "retrieved_at": "2026-08-07",
        "accuracy_note": "Geocoded from provider data",
        "altitude_m": null
      }
    },
    {
      "type": "Feature",
      "id": "pk-5g-isb-13-shalimar-plaza-f-10-markaz",
      "geometry": {
        "type": "Point",
        "coordinates": [
          73.016,
          33.6935
        ]
      },
      "properties": {
        "site_uid": "pk-5g-isb-13-shalimar-plaza-f-10-markaz",
        "provider": "Ufone / Onic",
        "source_index": 13,
        "site_name_source": "Shalimar Plaza, F-10 Markaz",
        "display_name": "Shalimar Plaza area, F-10 Markaz, Islamabad",
        "city_source": "Islamabad",
        "geometry_type": "Point",
        "record_kind": "provider_published_5g_site",
        "is_named": true,
        "duplicate_coordinate_group": "",
        "source_dataset": "Ufone(Onic) Official Sites",
        "source_url": "https://www.ufone.com/5g/",
        "retrieved_at": "2026-08-07",
        "accuracy_note": "Geocoded from provider data",
        "altitude_m": null
      }
    },
    {
      "type": "Feature",
      "id": "pk-5g-isb-14-sardar-arcade-f-11-markaz",
      "geometry": {
        "type": "Point",
        "coordinates": [
          72.988,
          33.6845
        ]
      },
      "properties": {
        "site_uid": "pk-5g-isb-14-sardar-arcade-f-11-markaz",
        "provider": "Ufone / Onic",
        "source_index": 14,
        "site_name_source": "Sardar Arcade, F-11 Markaz",
        "display_name": "Sardar Arcade area, F-11 Markaz, Islamabad",
        "city_source": "Islamabad",
        "geometry_type": "Point",
        "record_kind": "provider_published_5g_site",
        "is_named": true,
        "duplicate_coordinate_group": "",
        "source_dataset": "Ufone(Onic) Official Sites",
        "source_url": "https://www.ufone.com/5g/",
        "retrieved_at": "2026-08-07",
        "accuracy_note": "Geocoded from provider data",
        "altitude_m": null
      }
    },
    {
      "type": "Feature",
      "id": "pk-5g-isb-15-sama-plaza-jinnah-avenue-blue-area",
      "geometry": {
        "type": "Point",
        "coordinates": [
          73.0618,
          33.712381
        ]
      },
      "properties": {
        "site_uid": "pk-5g-isb-15-sama-plaza-jinnah-avenue-blue-area",
        "provider": "Ufone / Onic",
        "source_index": 15,
        "site_name_source": "Sama Plaza, Jinnah Avenue, Blue Area",
        "display_name": "Sama Plaza, Blue Area, P366+XP9, 44000, 109 Jinnah Ave, G 7/2 Blue Area, Islamabad, 44000, Pakistan",
        "city_source": "Islamabad",
        "geometry_type": "Point",
        "record_kind": "provider_published_5g_site",
        "is_named": true,
        "duplicate_coordinate_group": "",
        "source_dataset": "Ufone(Onic) Official Sites",
        "source_url": "https://www.ufone.com/5g/",
        "retrieved_at": "2026-08-07",
        "accuracy_note": "Geocoded from provider data",
        "altitude_m": null
      }
    },
    {
      "type": "Feature",
      "id": "pk-5g-isb-16-abbas-plaza-fazal-e-haq-road-blue-area",
      "geometry": {
        "type": "Point",
        "coordinates": [
          73.06549,
          33.713763
        ]
      },
      "properties": {
        "site_uid": "pk-5g-isb-16-abbas-plaza-fazal-e-haq-road-blue-area",
        "provider": "Ufone / Onic",
        "source_index": 16,
        "site_name_source": "Abbas Plaza, Fazal-e-Haq Road, Blue Area",
        "display_name": "Abbas Mobile and Gadgets, SHOP NO. 2, G.F, EAGLE PLAZA, FAZAL E HAQ ROAD, Block G G 7/3 Blue Area, Islamabad, 44000, Pakistan",
        "city_source": "Islamabad",
        "geometry_type": "Point",
        "record_kind": "provider_published_5g_site",
        "is_named": true,
        "duplicate_coordinate_group": "",
        "source_dataset": "Ufone(Onic) Official Sites",
        "source_url": "https://www.ufone.com/5g/",
        "retrieved_at": "2026-08-07",
        "accuracy_note": "Geocoded from provider data",
        "altitude_m": null
      }
    },
    {
      "type": "Feature",
      "id": "pk-5g-isb-17-rizwan-plaza-fazal-e-haq-road-blue-area",
      "geometry": {
        "type": "Point",
        "coordinates": [
          73.077044,
          33.720357
        ]
      },
      "properties": {
        "site_uid": "pk-5g-isb-17-rizwan-plaza-fazal-e-haq-road-blue-area",
        "provider": "Ufone / Onic",
        "source_index": 17,
        "site_name_source": "Rizwan Plaza, Fazal-e-Haq Road, Blue Area",
        "display_name": "Rizwan Plaza, 11D Jinnah Ave, Block D G 6/2 Blue Area, Islamabad, Pakistan",
        "city_source": "Islamabad",
        "geometry_type": "Point",
        "record_kind": "provider_published_5g_site",
        "is_named": true,
        "duplicate_coordinate_group": "",
        "source_dataset": "Ufone(Onic) Official Sites",
        "source_url": "https://www.ufone.com/5g/",
        "retrieved_at": "2026-08-07",
        "accuracy_note": "Geocoded from provider data",
        "altitude_m": null
      }
    },
    {
      "type": "Feature",
      "id": "pk-5g-isb-18-citi-bank-chowk-fazal-e-haq-road-blue-area",
      "geometry": {
        "type": "Point",
        "coordinates": [
          73.055395,
          33.709037
        ]
      },
      "properties": {
        "site_uid": "pk-5g-isb-18-citi-bank-chowk-fazal-e-haq-road-blue-area",
        "provider": "Ufone / Onic",
        "source_index": 18,
        "site_name_source": "Citi Bank Chowk, Fazal-e-Haq Road, Blue Area",
        "display_name": "Aamir Plaza, P354+J56 Jinnah, Faisal Avenue Chowk, Block I G 7/2 Blue Area, Islamabad, 44000, Pakistan",
        "city_source": "Islamabad",
        "geometry_type": "Point",
        "record_kind": "provider_published_5g_site",
        "is_named": true,
        "duplicate_coordinate_group": "",
        "source_dataset": "Ufone(Onic) Official Sites",
        "source_url": "https://www.ufone.com/5g/",
        "retrieved_at": "2026-08-07",
        "accuracy_note": "Geocoded from provider data",
        "altitude_m": null
      }
    },
    {
      "type": "Feature",
      "id": "pk-5g-isb-19-ptcl-exchange-f-8",
      "geometry": {
        "type": "Point",
        "coordinates": [
          73.036746,
          33.700887
        ]
      },
      "properties": {
        "site_uid": "pk-5g-isb-19-ptcl-exchange-f-8",
        "provider": "Ufone / Onic",
        "source_index": 19,
        "site_name_source": "PTCL Exchange F-8",
        "display_name": "PTCL Exchange, 1, P22M+34, 1 Nazim-ud-din Rd, F-8/1 F 8/1 F-8, Islamabad, Pakistan",
        "city_source": "Islamabad",
        "geometry_type": "Point",
        "record_kind": "provider_published_5g_site",
        "is_named": true,
        "duplicate_coordinate_group": "",
        "source_dataset": "Ufone(Onic) Official Sites",
        "source_url": "https://www.ufone.com/5g/",
        "retrieved_at": "2026-08-07",
        "accuracy_note": "Geocoded from provider data",
        "altitude_m": null
      }
    },
    {
      "type": "Feature",
      "id": "pk-5g-isb-20-jahangir-market-g-9-2",
      "geometry": {
        "type": "Point",
        "coordinates": [
          73.030082,
          33.692446
        ]
      },
      "properties": {
        "site_uid": "pk-5g-isb-20-jahangir-market-g-9-2",
        "provider": "Ufone / Onic",
        "source_index": 20,
        "site_name_source": "Jahangir Market, G-9/2",
        "display_name": "Jahangir Market, Flat#58, 4-B, G-9/2 G 9/2 G-9, Islamabad, 44000, Pakistan",
        "city_source": "Islamabad",
        "geometry_type": "Point",
        "record_kind": "provider_published_5g_site",
        "is_named": true,
        "duplicate_coordinate_group": "",
        "source_dataset": "Ufone(Onic) Official Sites",
        "source_url": "https://www.ufone.com/5g/",
        "retrieved_at": "2026-08-07",
        "accuracy_note": "Geocoded from provider data",
        "altitude_m": null
      }
    },
    {
      "type": "Feature",
      "id": "pk-5g-isb-21-ufone-tower-jinnah-avenue",
      "geometry": {
        "type": "Point",
        "coordinates": [
          73.057154,
          33.711559
        ]
      },
      "properties": {
        "site_uid": "pk-5g-isb-21-ufone-tower-jinnah-avenue",
        "provider": "Ufone / Onic",
        "source_index": 21,
        "site_name_source": "Ufone Tower, Jinnah Avenue",
        "display_name": "Ufone Tower, Jinnah Ave, Block J F 7/1 Blue Area, Islamabad, Pakistan",
        "city_source": "Islamabad",
        "geometry_type": "Point",
        "record_kind": "provider_published_5g_site",
        "is_named": true,
        "duplicate_coordinate_group": "",
        "source_dataset": "Ufone(Onic) Official Sites",
        "source_url": "https://www.ufone.com/5g/",
        "retrieved_at": "2026-08-07",
        "accuracy_note": "Geocoded from provider data",
        "altitude_m": null
      }
    },
    {
      "type": "Feature",
      "id": "pk-5g-isb-22-potohar-avenue-sector-f-dha-phase-ii",
      "geometry": {
        "type": "Point",
        "coordinates": [
          73.165575,
          33.519434
        ]
      },
      "properties": {
        "site_uid": "pk-5g-isb-22-potohar-avenue-sector-f-dha-phase-ii",
        "provider": "Ufone / Onic",
        "source_index": 22,
        "site_name_source": "Potohar Avenue, Sector F, DHA Phase II",
        "display_name": "Potohar Avenue, DHA Phase 2, ڈی ایچ اے فیز II, روات, زون ۵, وفاقی دارالحکومت اسلام آباد, 45900, پاکستان",
        "city_source": "Islamabad",
        "geometry_type": "Point",
        "record_kind": "provider_published_5g_site",
        "is_named": true,
        "duplicate_coordinate_group": "",
        "source_dataset": "Ufone(Onic) Official Sites",
        "source_url": "https://www.ufone.com/5g/",
        "retrieved_at": "2026-08-07",
        "accuracy_note": "Geocoded from provider data",
        "altitude_m": null
      }
    },
    {
      "type": "Feature",
      "id": "pk-5g-isb-23-power-avenue-sector-e-dha-phase-ii",
      "geometry": {
        "type": "Point",
        "coordinates": [
          73.171025,
          33.52572
        ]
      },
      "properties": {
        "site_uid": "pk-5g-isb-23-power-avenue-sector-e-dha-phase-ii",
        "provider": "Ufone / Onic",
        "source_index": 23,
        "site_name_source": "Power Avenue, Sector E, DHA Phase II",
        "display_name": "Power Avenue, DHA Phase 2, ڈی ایچ اے فیز II, روات, زون ۵, وفاقی دارالحکومت اسلام آباد, 45900, پاکستان",
        "city_source": "Islamabad",
        "geometry_type": "Point",
        "record_kind": "provider_published_5g_site",
        "is_named": true,
        "duplicate_coordinate_group": "",
        "source_dataset": "Ufone(Onic) Official Sites",
        "source_url": "https://www.ufone.com/5g/",
        "retrieved_at": "2026-08-07",
        "accuracy_note": "Geocoded from provider data",
        "altitude_m": null
      }
    },
    {
      "type": "Feature",
      "id": "pk-5g-isb-24-aabpara",
      "geometry": {
        "type": "Point",
        "coordinates": [
          73.089392,
          33.708304
        ]
      },
      "properties": {
        "site_uid": "pk-5g-isb-24-aabpara",
        "provider": "Ufone / Onic",
        "source_index": 24,
        "site_name_source": "Aabpara",
        "display_name": "Aabpara Market, Block No. 5, Galyat Hotel, Aabpara Chowk, Office No. 1, 1st Floor, G 6 G-6, Islamabad, 44000, Pakistan",
        "city_source": "Islamabad",
        "geometry_type": "Point",
        "record_kind": "provider_published_5g_site",
        "is_named": true,
        "duplicate_coordinate_group": "",
        "source_dataset": "Ufone(Onic) Official Sites",
        "source_url": "https://www.ufone.com/5g/",
        "retrieved_at": "2026-08-07",
        "accuracy_note": "Geocoded from provider data",
        "altitude_m": null
      }
    },
    {
      "type": "Feature",
      "id": "pk-5g-isb-25-i-10-markaz",
      "geometry": {
        "type": "Point",
        "coordinates": [
          73.03899,
          33.64771
        ]
      },
      "properties": {
        "site_uid": "pk-5g-isb-25-i-10-markaz",
        "provider": "Ufone / Onic",
        "source_index": 25,
        "site_name_source": "I-10 Markaz",
        "display_name": "I-10 Markaz, Islamabad",
        "city_source": "Islamabad",
        "geometry_type": "Point",
        "record_kind": "provider_published_5g_site",
        "is_named": true,
        "duplicate_coordinate_group": "",
        "source_dataset": "Ufone(Onic) Official Sites",
        "source_url": "https://www.ufone.com/5g/",
        "retrieved_at": "2026-08-07",
        "accuracy_note": "Geocoded from provider data",
        "altitude_m": null
      }
    },
    {
      "type": "Feature",
      "id": "pk-5g-isb-26-tariq-market-f-10-2",
      "geometry": {
        "type": "Point",
        "coordinates": [
          72.99884,
          33.69053
        ]
      },
      "properties": {
        "site_uid": "pk-5g-isb-26-tariq-market-f-10-2",
        "provider": "Ufone / Onic",
        "source_index": 26,
        "site_name_source": "Tariq Market, F-10/2",
        "display_name": "Tariq Market, F-10/2, Islamabad",
        "city_source": "Islamabad",
        "geometry_type": "Point",
        "record_kind": "provider_published_5g_site",
        "is_named": true,
        "duplicate_coordinate_group": "",
        "source_dataset": "Ufone(Onic) Official Sites",
        "source_url": "https://www.ufone.com/5g/",
        "retrieved_at": "2026-08-07",
        "accuracy_note": "Geocoded from provider data",
        "altitude_m": null
      }
    },
    {
      "type": "Feature",
      "id": "pk-5g-isb-27-abbasi-market-f-8-3",
      "geometry": {
        "type": "Point",
        "coordinates": [
          73.042907,
          33.716318
        ]
      },
      "properties": {
        "site_uid": "pk-5g-isb-27-abbasi-market-f-8-3",
        "provider": "Ufone / Onic",
        "source_index": 27,
        "site_name_source": "Abbasi Market, F-8/3",
        "display_name": "Abbasi Market, P28V+G5F, Street No. 1, F-8/3 F 8/3 F-8, Islamabad, Pakistan",
        "city_source": "Islamabad",
        "geometry_type": "Point",
        "record_kind": "provider_published_5g_site",
        "is_named": true,
        "duplicate_coordinate_group": "",
        "source_dataset": "Ufone(Onic) Official Sites",
        "source_url": "https://www.ufone.com/5g/",
        "retrieved_at": "2026-08-07",
        "accuracy_note": "Geocoded from provider data",
        "altitude_m": null
      }
    },
    {
      "type": "Feature",
      "id": "pk-5g-isb-28-f-5-iba",
      "geometry": {
        "type": "Point",
        "coordinates": [
          73.09,
          33.729
        ]
      },
      "properties": {
        "site_uid": "pk-5g-isb-28-f-5-iba",
        "provider": "Ufone / Onic",
        "source_index": 28,
        "site_name_source": "F-5 IBA",
        "display_name": "F-5 sector (IBA listing), Islamabad",
        "city_source": "Islamabad",
        "geometry_type": "Point",
        "record_kind": "provider_published_5g_site",
        "is_named": true,
        "duplicate_coordinate_group": "",
        "source_dataset": "Ufone(Onic) Official Sites",
        "source_url": "https://www.ufone.com/5g/",
        "retrieved_at": "2026-08-07",
        "accuracy_note": "Geocoded from provider data",
        "altitude_m": null
      }
    },
    {
      "type": "Feature",
      "id": "pk-5g-isb-29-g-8-markaz",
      "geometry": {
        "type": "Point",
        "coordinates": [
          73.05012,
          33.696748
        ]
      },
      "properties": {
        "site_uid": "pk-5g-isb-29-g-8-markaz",
        "provider": "Ufone / Onic",
        "source_index": 29,
        "site_name_source": "G-8 Markaz",
        "display_name": "G-8 Markaz, G-8, Islamabad, Pakistan",
        "city_source": "Islamabad",
        "geometry_type": "Point",
        "record_kind": "provider_published_5g_site",
        "is_named": true,
        "duplicate_coordinate_group": "",
        "source_dataset": "Ufone(Onic) Official Sites",
        "source_url": "https://www.ufone.com/5g/",
        "retrieved_at": "2026-08-07",
        "accuracy_note": "Geocoded from provider data",
        "altitude_m": null
      }
    },
    {
      "type": "Feature",
      "id": "pk-5g-isb-30-khadda-market-g-7",
      "geometry": {
        "type": "Point",
        "coordinates": [
          73.07165,
          33.704487
        ]
      },
      "properties": {
        "site_uid": "pk-5g-isb-30-khadda-market-g-7",
        "provider": "Ufone / Onic",
        "source_index": 30,
        "site_name_source": "Khadda Market, G-7",
        "display_name": "Khadda Market, P33C+QMR, G-7 Markaz G 7 Markaz G-7, Islamabad, Pakistan",
        "city_source": "Islamabad",
        "geometry_type": "Point",
        "record_kind": "provider_published_5g_site",
        "is_named": true,
        "duplicate_coordinate_group": "",
        "source_dataset": "Ufone(Onic) Official Sites",
        "source_url": "https://www.ufone.com/5g/",
        "retrieved_at": "2026-08-07",
        "accuracy_note": "Geocoded from provider data",
        "altitude_m": null
      }
    },
    {
      "type": "Feature",
      "id": "pk-5g-isb-31-g-11-markaz",
      "geometry": {
        "type": "Point",
        "coordinates": [
          72.99891,
          33.66877
        ]
      },
      "properties": {
        "site_uid": "pk-5g-isb-31-g-11-markaz",
        "provider": "Ufone / Onic",
        "source_index": 31,
        "site_name_source": "G-11 Markaz",
        "display_name": "G-11 Markaz, Islamabad",
        "city_source": "Islamabad",
        "geometry_type": "Point",
        "record_kind": "provider_published_5g_site",
        "is_named": true,
        "duplicate_coordinate_group": "",
        "source_dataset": "Ufone(Onic) Official Sites",
        "source_url": "https://www.ufone.com/5g/",
        "retrieved_at": "2026-08-07",
        "accuracy_note": "Geocoded from provider data",
        "altitude_m": null
      }
    },
    {
      "type": "Feature",
      "id": "pk-5g-khi-01-marriot-hotel-karachi",
      "geometry": {
        "type": "Point",
        "coordinates": [
          67.031584,
          24.845464
        ]
      },
      "properties": {
        "site_uid": "pk-5g-khi-01-marriot-hotel-karachi",
        "provider": "Ufone / Onic",
        "source_index": 1,
        "site_name_source": "Marriot Hotel Karachi",
        "display_name": "Karachi Marriott Hotel, 9 Abdullah Haroon Rd, Civil Lines Karachi, 75530, Pakistan",
        "city_source": "Karachi",
        "geometry_type": "Point",
        "record_kind": "provider_published_5g_site",
        "is_named": true,
        "duplicate_coordinate_group": "",
        "source_dataset": "Ufone(Onic) Official Sites",
        "source_url": "https://www.ufone.com/5g/",
        "retrieved_at": "2026-08-07",
        "accuracy_note": "Geocoded from provider data",
        "altitude_m": null
      }
    },
    {
      "type": "Feature",
      "id": "pk-5g-khi-02-pc-karachi",
      "geometry": {
        "type": "Point",
        "coordinates": [
          67.0258,
          24.8469
        ]
      },
      "properties": {
        "site_uid": "pk-5g-khi-02-pc-karachi",
        "provider": "Ufone / Onic",
        "source_index": 2,
        "site_name_source": "PC Karachi",
        "display_name": "Pearl Continental Hotel Karachi, Club Road, Karachi",
        "city_source": "Karachi",
        "geometry_type": "Point",
        "record_kind": "provider_published_5g_site",
        "is_named": true,
        "duplicate_coordinate_group": "",
        "source_dataset": "Ufone(Onic) Official Sites",
        "source_url": "https://www.ufone.com/5g/",
        "retrieved_at": "2026-08-07",
        "accuracy_note": "Geocoded from provider data",
        "altitude_m": null
      }
    },
    {
      "type": "Feature",
      "id": "pk-5g-khi-03-cc-shaheed-e-millat-office",
      "geometry": {
        "type": "Point",
        "coordinates": [
          67.085471,
          24.864211
        ]
      },
      "properties": {
        "site_uid": "pk-5g-khi-03-cc-shaheed-e-millat-office",
        "provider": "Ufone / Onic",
        "source_index": 3,
        "site_name_source": "CC Shaheed-e-Millat Office",
        "display_name": "Shaheed-e-Millat Rd, Karachi, Pakistan",
        "city_source": "Karachi",
        "geometry_type": "Point",
        "record_kind": "provider_published_5g_site",
        "is_named": true,
        "duplicate_coordinate_group": "",
        "source_dataset": "Ufone(Onic) Official Sites",
        "source_url": "https://www.ufone.com/5g/",
        "retrieved_at": "2026-08-07",
        "accuracy_note": "Geocoded from provider data",
        "altitude_m": null
      }
    },
    {
      "type": "Feature",
      "id": "pk-5g-khi-04-cantt-telephone-exchange-southern-telecom-region",
      "geometry": {
        "type": "Point",
        "coordinates": [
          67.030192,
          24.844275
        ]
      },
      "properties": {
        "site_uid": "pk-5g-khi-04-cantt-telephone-exchange-southern-telecom-region",
        "provider": "Ufone / Onic",
        "source_index": 4,
        "site_name_source": "Cantt Telephone Exchange, Southern Telecom Region IV",
        "display_name": "PTCL Cantt Exchange, R2VJ+P34, Khaliq-uz-Zaman Rd, Civil Lines Karachi, Pakistan",
        "city_source": "Karachi",
        "geometry_type": "Point",
        "record_kind": "provider_published_5g_site",
        "is_named": true,
        "duplicate_coordinate_group": "",
        "source_dataset": "Ufone(Onic) Official Sites",
        "source_url": "https://www.ufone.com/5g/",
        "retrieved_at": "2026-08-07",
        "accuracy_note": "Geocoded from provider data",
        "altitude_m": null
      }
    },
    {
      "type": "Feature",
      "id": "pk-5g-khi-05-ptcl-exchange-building-hakeem-alvi-road-near-par",
      "geometry": {
        "type": "Point",
        "coordinates": [
          67.027128,
          24.814558
        ]
      },
      "properties": {
        "site_uid": "pk-5g-khi-05-ptcl-exchange-building-hakeem-alvi-road-near-par",
        "provider": "Ufone / Onic",
        "source_index": 5,
        "site_name_source": "PTCL Exchange Building, Hakeem Alvi Road, Near Park Tower, Clifton",
        "display_name": "Park Towers, Block 5 Clifton, Karachi, 75600, Pakistan",
        "city_source": "Karachi",
        "geometry_type": "Point",
        "record_kind": "provider_published_5g_site",
        "is_named": true,
        "duplicate_coordinate_group": "",
        "source_dataset": "Ufone(Onic) Official Sites",
        "source_url": "https://www.ufone.com/5g/",
        "retrieved_at": "2026-08-07",
        "accuracy_note": "Geocoded from provider data",
        "altitude_m": null
      }
    },
    {
      "type": "Feature",
      "id": "pk-5g-khi-06-sumia-apartments-mansfield-street-saddar",
      "geometry": {
        "type": "Point",
        "coordinates": [
          67.029429,
          24.864779
        ]
      },
      "properties": {
        "site_uid": "pk-5g-khi-06-sumia-apartments-mansfield-street-saddar",
        "provider": "Ufone / Onic",
        "source_index": 6,
        "site_name_source": "Sumia Apartments, Mansfield Street, Saddar",
        "display_name": "Mansfield St, Saddar Karachi, Pakistan",
        "city_source": "Karachi",
        "geometry_type": "Point",
        "record_kind": "provider_published_5g_site",
        "is_named": true,
        "duplicate_coordinate_group": "",
        "source_dataset": "Ufone(Onic) Official Sites",
        "source_url": "https://www.ufone.com/5g/",
        "retrieved_at": "2026-08-07",
        "accuracy_note": "Geocoded from provider data",
        "altitude_m": null
      }
    },
    {
      "type": "Feature",
      "id": "pk-5g-khi-07-ptcl-exchange-defence-phase-ii",
      "geometry": {
        "type": "Point",
        "coordinates": [
          67.060003,
          24.836955
        ]
      },
      "properties": {
        "site_uid": "pk-5g-khi-07-ptcl-exchange-defence-phase-ii",
        "provider": "Ufone / Onic",
        "source_index": 7,
        "site_name_source": "PTCL Exchange Defence Phase-II",
        "display_name": "PTCL Exchange Phase II, R3P6+V3, Link Ave, D.H.A. Phase 2 Phase 2 Defence Housing Authority, Karachi, 75500, Pakistan",
        "city_source": "Karachi",
        "geometry_type": "Point",
        "record_kind": "provider_published_5g_site",
        "is_named": true,
        "duplicate_coordinate_group": "",
        "source_dataset": "Ufone(Onic) Official Sites",
        "source_url": "https://www.ufone.com/5g/",
        "retrieved_at": "2026-08-07",
        "accuracy_note": "Geocoded from provider data",
        "altitude_m": null
      }
    },
    {
      "type": "Feature",
      "id": "pk-5g-khi-08-gul-centre-zaibunissa-street-saddar",
      "geometry": {
        "type": "Point",
        "coordinates": [
          67.012414,
          24.854327
        ]
      },
      "properties": {
        "site_uid": "pk-5g-khi-08-gul-centre-zaibunissa-street-saddar",
        "provider": "Ufone / Onic",
        "source_index": 8,
        "site_name_source": "Gul Centre, Zaibunissa Street, Saddar",
        "display_name": "Gul Plaza Shopping center, V236+PXM, Pakistan Chowk, Saddar New Chali, Karachi, Pakistan",
        "city_source": "Karachi",
        "geometry_type": "Point",
        "record_kind": "provider_published_5g_site",
        "is_named": true,
        "duplicate_coordinate_group": "",
        "source_dataset": "Ufone(Onic) Official Sites",
        "source_url": "https://www.ufone.com/5g/",
        "retrieved_at": "2026-08-07",
        "accuracy_note": "Geocoded from provider data",
        "altitude_m": null
      }
    },
    {
      "type": "Feature",
      "id": "pk-5g-khi-09-ghafoor-chambers-abdullah-haroon-road-behind-mob",
      "geometry": {
        "type": "Point",
        "coordinates": [
          67.024677,
          24.862876
        ]
      },
      "properties": {
        "site_uid": "pk-5g-khi-09-ghafoor-chambers-abdullah-haroon-road-behind-mob",
        "provider": "Ufone / Onic",
        "source_index": 9,
        "site_name_source": "Ghafoor Chambers, Abdullah Haroon Road, Behind Mobile Market",
        "display_name": "Ghafoor chamber, Ground Floor, Ghafoor Chambers, Abdullah Haroon Rd, Preedy Quarters Karachi, Pakistan",
        "city_source": "Karachi",
        "geometry_type": "Point",
        "record_kind": "provider_published_5g_site",
        "is_named": true,
        "duplicate_coordinate_group": "",
        "source_dataset": "Ufone(Onic) Official Sites",
        "source_url": "https://www.ufone.com/5g/",
        "retrieved_at": "2026-08-07",
        "accuracy_note": "Geocoded from provider data",
        "altitude_m": null
      }
    },
    {
      "type": "Feature",
      "id": "pk-5g-khi-10-airport-cargo-complex",
      "geometry": {
        "type": "Point",
        "coordinates": [
          67.161762,
          24.896886
        ]
      },
      "properties": {
        "site_uid": "pk-5g-khi-10-airport-cargo-complex",
        "provider": "Ufone / Onic",
        "source_index": 10,
        "site_name_source": "Airport Cargo Complex",
        "display_name": "Airport Cargo Complex, V5W6+QP2, Airport Road, Faisal Cantonment, Karachi, Pakistan",
        "city_source": "Karachi",
        "geometry_type": "Point",
        "record_kind": "provider_published_5g_site",
        "is_named": true,
        "duplicate_coordinate_group": "",
        "source_dataset": "Ufone(Onic) Official Sites",
        "source_url": "https://www.ufone.com/5g/",
        "retrieved_at": "2026-08-07",
        "accuracy_note": "Geocoded from provider data",
        "altitude_m": null
      }
    },
    {
      "type": "Feature",
      "id": "pk-5g-khi-11-centrum-plaza-shopping-mall-gulshan-e-mustafa-fb",
      "geometry": {
        "type": "Point",
        "coordinates": [
          67.086879,
          24.93106
        ]
      },
      "properties": {
        "site_uid": "pk-5g-khi-11-centrum-plaza-shopping-mall-gulshan-e-mustafa-fb",
        "provider": "Ufone / Onic",
        "source_index": 11,
        "site_name_source": "Centrum Plaza Shopping Mall, Gulshan-e-Mustafa, FB Area",
        "display_name": "Centrum Apartments & Shopping mall, W3JP+CQC, Federal B Area Block 21 Gulberg Town, Karachi, Pakistan",
        "city_source": "Karachi",
        "geometry_type": "Point",
        "record_kind": "provider_published_5g_site",
        "is_named": true,
        "duplicate_coordinate_group": "",
        "source_dataset": "Ufone(Onic) Official Sites",
        "source_url": "https://www.ufone.com/5g/",
        "retrieved_at": "2026-08-07",
        "accuracy_note": "Geocoded from provider data",
        "altitude_m": null
      }
    },
    {
      "type": "Feature",
      "id": "pk-5g-khi-12-rimpa-plaza-m-a-jinnah-road",
      "geometry": {
        "type": "Point",
        "coordinates": [
          67.022909,
          24.864429
        ]
      },
      "properties": {
        "site_uid": "pk-5g-khi-12-rimpa-plaza-m-a-jinnah-road",
        "provider": "Ufone / Onic",
        "source_index": 12,
        "site_name_source": "Rimpa Plaza, M.A. Jinnah Road",
        "display_name": "Rimpa Plaza, Muhammad Ali Jinnah Rd, Preedy Quarters Karachi, Pakistan",
        "city_source": "Karachi",
        "geometry_type": "Point",
        "record_kind": "provider_published_5g_site",
        "is_named": true,
        "duplicate_coordinate_group": "",
        "source_dataset": "Ufone(Onic) Official Sites",
        "source_url": "https://www.ufone.com/5g/",
        "retrieved_at": "2026-08-07",
        "accuracy_note": "Geocoded from provider data",
        "altitude_m": null
      }
    },
    {
      "type": "Feature",
      "id": "pk-5g-khi-13-karim-plaza-block-14-near-civic-centre-gulshan-e",
      "geometry": {
        "type": "Point",
        "coordinates": [
          67.08,
          24.912
        ]
      },
      "properties": {
        "site_uid": "pk-5g-khi-13-karim-plaza-block-14-near-civic-centre-gulshan-e",
        "provider": "Ufone / Onic",
        "source_index": 13,
        "site_name_source": "Karim Plaza, Block 14, Near Civic Centre, Gulshan-e-Iqbal",
        "display_name": "Karim Plaza, Block 14 near Civic Centre, Gulshan-e-Iqbal, Karachi",
        "city_source": "Karachi",
        "geometry_type": "Point",
        "record_kind": "provider_published_5g_site",
        "is_named": true,
        "duplicate_coordinate_group": "",
        "source_dataset": "Ufone(Onic) Official Sites",
        "source_url": "https://www.ufone.com/5g/",
        "retrieved_at": "2026-08-07",
        "accuracy_note": "Geocoded from provider data",
        "altitude_m": null
      }
    },
    {
      "type": "Feature",
      "id": "pk-5g-khi-14-lucky-star-mansfield-street-saddar",
      "geometry": {
        "type": "Point",
        "coordinates": [
          67.033417,
          24.856986
        ]
      },
      "properties": {
        "site_uid": "pk-5g-khi-14-lucky-star-mansfield-street-saddar",
        "provider": "Ufone / Onic",
        "source_index": 14,
        "site_name_source": "Lucky Star, Mansfield Street, Saddar",
        "display_name": "Lucky star, V238+7MF, Saddar Fowler Lines, Karachi, Pakistan",
        "city_source": "Karachi",
        "geometry_type": "Point",
        "record_kind": "provider_published_5g_site",
        "is_named": true,
        "duplicate_coordinate_group": "",
        "source_dataset": "Ufone(Onic) Official Sites",
        "source_url": "https://www.ufone.com/5g/",
        "retrieved_at": "2026-08-07",
        "accuracy_note": "Geocoded from provider data",
        "altitude_m": null
      }
    },
    {
      "type": "Feature",
      "id": "pk-5g-khi-15-state-life-building-2-main-ii-chundrigar-road",
      "geometry": {
        "type": "Point",
        "coordinates": [
          67.003455,
          24.849093
        ]
      },
      "properties": {
        "site_uid": "pk-5g-khi-15-state-life-building-2-main-ii-chundrigar-road",
        "provider": "Ufone / Onic",
        "source_index": 15,
        "site_name_source": "State Life Building 2, Main II Chundrigar Road",
        "display_name": "State Life Building, No. 1-A I.I Chundrigar Rd, City Railway Colony, Karachi, Pakistan",
        "city_source": "Karachi",
        "geometry_type": "Point",
        "record_kind": "provider_published_5g_site",
        "is_named": true,
        "duplicate_coordinate_group": "",
        "source_dataset": "Ufone(Onic) Official Sites",
        "source_url": "https://www.ufone.com/5g/",
        "retrieved_at": "2026-08-07",
        "accuracy_note": "Geocoded from provider data",
        "altitude_m": null
      }
    },
    {
      "type": "Feature",
      "id": "pk-5g-khi-16-khayaban-e-ghazi-dha-phase-vi",
      "geometry": {
        "type": "Point",
        "coordinates": [
          67.061774,
          24.809917
        ]
      },
      "properties": {
        "site_uid": "pk-5g-khi-16-khayaban-e-ghazi-dha-phase-vi",
        "provider": "Ufone / Onic",
        "source_index": 16,
        "site_name_source": "Khayaban-e-Ghazi, DHA Phase-VI",
        "display_name": "Khayaban-e-Ghazi, Defence Housing Authority, Karachi, 75500, Pakistan",
        "city_source": "Karachi",
        "geometry_type": "Point",
        "record_kind": "provider_published_5g_site",
        "is_named": true,
        "duplicate_coordinate_group": "",
        "source_dataset": "Ufone(Onic) Official Sites",
        "source_url": "https://www.ufone.com/5g/",
        "retrieved_at": "2026-08-07",
        "accuracy_note": "Geocoded from provider data",
        "altitude_m": null
      }
    },
    {
      "type": "Feature",
      "id": "pk-5g-khi-17-pak-tameer-plaza-block-14-gulshan-e-iqbal",
      "geometry": {
        "type": "Point",
        "coordinates": [
          67.071735,
          24.895181
        ]
      },
      "properties": {
        "site_uid": "pk-5g-khi-17-pak-tameer-plaza-block-14-gulshan-e-iqbal",
        "provider": "Ufone / Onic",
        "source_index": 17,
        "site_name_source": "Pak Tameer Plaza, Block-14, Gulshan-e-Iqbal",
        "display_name": "Pak Tameer Plaza, Block 14 Gulshan-e-Iqbal, Karachi, Pakistan",
        "city_source": "Karachi",
        "geometry_type": "Point",
        "record_kind": "provider_published_5g_site",
        "is_named": true,
        "duplicate_coordinate_group": "",
        "source_dataset": "Ufone(Onic) Official Sites",
        "source_url": "https://www.ufone.com/5g/",
        "retrieved_at": "2026-08-07",
        "accuracy_note": "Geocoded from provider data",
        "altitude_m": null
      }
    },
    {
      "type": "Feature",
      "id": "pk-5g-khi-18-khyaban-e-ameer-khusro-phase-vi-dha",
      "geometry": {
        "type": "Point",
        "coordinates": [
          67.067922,
          24.790753
        ]
      },
      "properties": {
        "site_uid": "pk-5g-khi-18-khyaban-e-ameer-khusro-phase-vi-dha",
        "provider": "Ufone / Onic",
        "source_index": 18,
        "site_name_source": "Khyaban-e-Ameer Khusro, Phase-VI, DHA",
        "display_name": "Khayaban-e-Ameer Khusro, D.H.A. Phase 8 Phase 6 Defence Housing Authority, Karachi, 75500, Pakistan",
        "city_source": "Karachi",
        "geometry_type": "Point",
        "record_kind": "provider_published_5g_site",
        "is_named": true,
        "duplicate_coordinate_group": "",
        "source_dataset": "Ufone(Onic) Official Sites",
        "source_url": "https://www.ufone.com/5g/",
        "retrieved_at": "2026-08-07",
        "accuracy_note": "Geocoded from provider data",
        "altitude_m": null
      }
    },
    {
      "type": "Feature",
      "id": "pk-5g-khi-19-ptcl-exchange-i-i-chundrigar-road",
      "geometry": {
        "type": "Point",
        "coordinates": [
          67.01414,
          24.85085
        ]
      },
      "properties": {
        "site_uid": "pk-5g-khi-19-ptcl-exchange-i-i-chundrigar-road",
        "provider": "Ufone / Onic",
        "source_index": 19,
        "site_name_source": "PTCL Exchange I.I. Chundrigar Road",
        "display_name": "PTCL / I.I. Chundrigar Road exchange area, Karachi",
        "city_source": "Karachi",
        "geometry_type": "Point",
        "record_kind": "provider_published_5g_site",
        "is_named": true,
        "duplicate_coordinate_group": "",
        "source_dataset": "Ufone(Onic) Official Sites",
        "source_url": "https://www.ufone.com/5g/",
        "retrieved_at": "2026-08-07",
        "accuracy_note": "Geocoded from provider data",
        "altitude_m": null
      }
    },
    {
      "type": "Feature",
      "id": "pk-5g-khi-20-saima-trade-towers-opposite-jang-press-ii-chundr",
      "geometry": {
        "type": "Point",
        "coordinates": [
          67.01685,
          24.851206
        ]
      },
      "properties": {
        "site_uid": "pk-5g-khi-20-saima-trade-towers-opposite-jang-press-ii-chundr",
        "provider": "Ufone / Onic",
        "source_index": 20,
        "site_name_source": "Saima Trade Towers, Opposite Jang Press, II Chundrigar Road",
        "display_name": "Saima Trade Tower, V228+FPQ, I.I Chundrigar Rd &, Dr Ziauddin Ahmed Rd, Saddar Karachi, Pakistan",
        "city_source": "Karachi",
        "geometry_type": "Point",
        "record_kind": "provider_published_5g_site",
        "is_named": true,
        "duplicate_coordinate_group": "",
        "source_dataset": "Ufone(Onic) Official Sites",
        "source_url": "https://www.ufone.com/5g/",
        "retrieved_at": "2026-08-07",
        "accuracy_note": "Geocoded from provider data",
        "altitude_m": null
      }
    },
    {
      "type": "Feature",
      "id": "pk-5g-khi-21-saima-spring-field",
      "geometry": {
        "type": "Point",
        "coordinates": [
          67.03558,
          24.836221
        ]
      },
      "properties": {
        "site_uid": "pk-5g-khi-21-saima-spring-field",
        "provider": "Ufone / Onic",
        "source_index": 21,
        "site_name_source": "Saima Spring Field",
        "display_name": "Saima Spring Field, R2PP+F6P, Block 8 Clifton, Karachi, 75600, Pakistan",
        "city_source": "Karachi",
        "geometry_type": "Point",
        "record_kind": "provider_published_5g_site",
        "is_named": true,
        "duplicate_coordinate_group": "",
        "source_dataset": "Ufone(Onic) Official Sites",
        "source_url": "https://www.ufone.com/5g/",
        "retrieved_at": "2026-08-07",
        "accuracy_note": "Geocoded from provider data",
        "altitude_m": null
      }
    },
    {
      "type": "Feature",
      "id": "pk-5g-khi-22-generalabad",
      "geometry": {
        "type": "Point",
        "coordinates": [
          67.009598,
          24.818614
        ]
      },
      "properties": {
        "site_uid": "pk-5g-khi-22-generalabad",
        "provider": "Ufone / Onic",
        "source_index": 22,
        "site_name_source": "Generalabad",
        "display_name": "Generalabad Rd, Karachi, Pakistan",
        "city_source": "Karachi",
        "geometry_type": "Point",
        "record_kind": "provider_published_5g_site",
        "is_named": true,
        "duplicate_coordinate_group": "",
        "source_dataset": "Ufone(Onic) Official Sites",
        "source_url": "https://www.ufone.com/5g/",
        "retrieved_at": "2026-08-07",
        "accuracy_note": "Geocoded from provider data",
        "altitude_m": null
      }
    },
    {
      "type": "Feature",
      "id": "pk-5g-khi-23-tariq-bin-ziyad-society",
      "geometry": {
        "type": "Point",
        "coordinates": [
          67.173808,
          24.891821
        ]
      },
      "properties": {
        "site_uid": "pk-5g-khi-23-tariq-bin-ziyad-society",
        "provider": "Ufone / Onic",
        "source_index": 23,
        "site_name_source": "Tariq Bin Ziyad Society",
        "display_name": "Tariq Bin Ziyad Housing Society, Karachi, Pakistan",
        "city_source": "Karachi",
        "geometry_type": "Point",
        "record_kind": "provider_published_5g_site",
        "is_named": true,
        "duplicate_coordinate_group": "",
        "source_dataset": "Ufone(Onic) Official Sites",
        "source_url": "https://www.ufone.com/5g/",
        "retrieved_at": "2026-08-07",
        "accuracy_note": "Geocoded from provider data",
        "altitude_m": null
      }
    },
    {
      "type": "Feature",
      "id": "pk-5g-khi-24-ahmad-arcade-bc-3-block-5-clifton",
      "geometry": {
        "type": "Point",
        "coordinates": [
          67.0285,
          24.8135
        ]
      },
      "properties": {
        "site_uid": "pk-5g-khi-24-ahmad-arcade-bc-3-block-5-clifton",
        "provider": "Ufone / Onic",
        "source_index": 24,
        "site_name_source": "Ahmad Arcade, BC-3, Block-5, Clifton",
        "display_name": "Ahmad Arcade, BC-3 Block 5, Clifton, Karachi",
        "city_source": "Karachi",
        "geometry_type": "Point",
        "record_kind": "provider_published_5g_site",
        "is_named": true,
        "duplicate_coordinate_group": "",
        "source_dataset": "Ufone(Onic) Official Sites",
        "source_url": "https://www.ufone.com/5g/",
        "retrieved_at": "2026-08-07",
        "accuracy_note": "Geocoded from provider data",
        "altitude_m": null
      }
    },
    {
      "type": "Feature",
      "id": "pk-5g-khi-25-sareena-mobile-market-sakhi-hassan",
      "geometry": {
        "type": "Point",
        "coordinates": [
          67.058661,
          24.954114
        ]
      },
      "properties": {
        "site_uid": "pk-5g-khi-25-sareena-mobile-market-sakhi-hassan",
        "provider": "Ufone / Onic",
        "source_index": 25,
        "site_name_source": "Sareena Mobile Market Sakhi Hassan",
        "display_name": "sareenamobile market sakhi hassan, sareena mobile mall, Sector 15-A/1 Sector 15 A 1 Buffer Zone, Karachi, Pakistan",
        "city_source": "Karachi",
        "geometry_type": "Point",
        "record_kind": "provider_published_5g_site",
        "is_named": true,
        "duplicate_coordinate_group": "",
        "source_dataset": "Ufone(Onic) Official Sites",
        "source_url": "https://www.ufone.com/5g/",
        "retrieved_at": "2026-08-07",
        "accuracy_note": "Geocoded from provider data",
        "altitude_m": null
      }
    },
    {
      "type": "Feature",
      "id": "pk-5g-khi-26-lalazar-mt-khan-road",
      "geometry": {
        "type": "Point",
        "coordinates": [
          67.00091,
          24.84098
        ]
      },
      "properties": {
        "site_uid": "pk-5g-khi-26-lalazar-mt-khan-road",
        "provider": "Ufone / Onic",
        "source_index": 26,
        "site_name_source": "Lalazar, MT Khan Road",
        "display_name": "Lalazar, M.T. Khan Road, Karachi",
        "city_source": "Karachi",
        "geometry_type": "Point",
        "record_kind": "provider_published_5g_site",
        "is_named": true,
        "duplicate_coordinate_group": "",
        "source_dataset": "Ufone(Onic) Official Sites",
        "source_url": "https://www.ufone.com/5g/",
        "retrieved_at": "2026-08-07",
        "accuracy_note": "Geocoded from provider data",
        "altitude_m": null
      }
    },
    {
      "type": "Feature",
      "id": "pk-5g-khi-27-jilani-centre-kharadar",
      "geometry": {
        "type": "Point",
        "coordinates": [
          66.996622,
          24.849443
        ]
      },
      "properties": {
        "site_uid": "pk-5g-khi-27-jilani-centre-kharadar",
        "provider": "Ufone / Onic",
        "source_index": 27,
        "site_name_source": "Jilani Centre, Kharadar",
        "display_name": "Jilani Center, Bagh-e-Zehra St, Kharadar Ghulam Hussain Kasim Quarters, Karachi, Pakistan",
        "city_source": "Karachi",
        "geometry_type": "Point",
        "record_kind": "provider_published_5g_site",
        "is_named": true,
        "duplicate_coordinate_group": "",
        "source_dataset": "Ufone(Onic) Official Sites",
        "source_url": "https://www.ufone.com/5g/",
        "retrieved_at": "2026-08-07",
        "accuracy_note": "Geocoded from provider data",
        "altitude_m": null
      }
    },
    {
      "type": "Feature",
      "id": "pk-5g-lhe-01-pc-hotel",
      "geometry": {
        "type": "Point",
        "coordinates": [
          74.338696,
          31.552882
        ]
      },
      "properties": {
        "site_uid": "pk-5g-lhe-01-pc-hotel",
        "provider": "Ufone / Onic",
        "source_index": 1,
        "site_name_source": "PC Hotel",
        "display_name": "Pearl Continental Hotel, Lahore, Shahrah-e-Quaid-e-Azam, Garhi Shahu, Lahore, Pakistan",
        "city_source": "Lahore",
        "geometry_type": "Point",
        "record_kind": "provider_published_5g_site",
        "is_named": true,
        "duplicate_coordinate_group": "",
        "source_dataset": "Ufone(Onic) Official Sites",
        "source_url": "https://www.ufone.com/5g/",
        "retrieved_at": "2026-08-07",
        "accuracy_note": "Geocoded from provider data",
        "altitude_m": null
      }
    },
    {
      "type": "Feature",
      "id": "pk-5g-lhe-02-main-roundabout-dha-phase-5",
      "geometry": {
        "type": "Point",
        "coordinates": [
          74.4055,
          31.4705
        ]
      },
      "properties": {
        "site_uid": "pk-5g-lhe-02-main-roundabout-dha-phase-5",
        "provider": "Ufone / Onic",
        "source_index": 2,
        "site_name_source": "Main Roundabout, DHA Phase 5",
        "display_name": "Main Roundabout, DHA Phase 5, Lahore",
        "city_source": "Lahore",
        "geometry_type": "Point",
        "record_kind": "provider_published_5g_site",
        "is_named": true,
        "duplicate_coordinate_group": "",
        "source_dataset": "Ufone(Onic) Official Sites",
        "source_url": "https://www.ufone.com/5g/",
        "retrieved_at": "2026-08-07",
        "accuracy_note": "Geocoded from provider data",
        "altitude_m": null
      }
    },
    {
      "type": "Feature",
      "id": "pk-5g-lhe-03-bridge-colony",
      "geometry": {
        "type": "Point",
        "coordinates": [
          74.3755,
          31.5055
        ]
      },
      "properties": {
        "site_uid": "pk-5g-lhe-03-bridge-colony",
        "provider": "Ufone / Onic",
        "source_index": 3,
        "site_name_source": "Bridge Colony",
        "display_name": "Bridge Colony, Lahore Cantt",
        "city_source": "Lahore",
        "geometry_type": "Point",
        "record_kind": "provider_published_5g_site",
        "is_named": true,
        "duplicate_coordinate_group": "",
        "source_dataset": "Ufone(Onic) Official Sites",
        "source_url": "https://www.ufone.com/5g/",
        "retrieved_at": "2026-08-07",
        "accuracy_note": "Geocoded from provider data",
        "altitude_m": null
      }
    },
    {
      "type": "Feature",
      "id": "pk-5g-lhe-04-kareem-block-allama-iqbal-town",
      "geometry": {
        "type": "Point",
        "coordinates": [
          74.2855,
          31.5105
        ]
      },
      "properties": {
        "site_uid": "pk-5g-lhe-04-kareem-block-allama-iqbal-town",
        "provider": "Ufone / Onic",
        "source_index": 4,
        "site_name_source": "Kareem Block, Allama Iqbal Town",
        "display_name": "Karim Block, Allama Iqbal Town, Lahore",
        "city_source": "Lahore",
        "geometry_type": "Point",
        "record_kind": "provider_published_5g_site",
        "is_named": true,
        "duplicate_coordinate_group": "",
        "source_dataset": "Ufone(Onic) Official Sites",
        "source_url": "https://www.ufone.com/5g/",
        "retrieved_at": "2026-08-07",
        "accuracy_note": "Geocoded from provider data",
        "altitude_m": null
      }
    },
    {
      "type": "Feature",
      "id": "pk-5g-lhe-05-k-block-dha",
      "geometry": {
        "type": "Point",
        "coordinates": [
          74.3955,
          31.4755
        ]
      },
      "properties": {
        "site_uid": "pk-5g-lhe-05-k-block-dha",
        "provider": "Ufone / Onic",
        "source_index": 5,
        "site_name_source": "K-Block, DHA",
        "display_name": "K Block, DHA, Lahore",
        "city_source": "Lahore",
        "geometry_type": "Point",
        "record_kind": "provider_published_5g_site",
        "is_named": true,
        "duplicate_coordinate_group": "",
        "source_dataset": "Ufone(Onic) Official Sites",
        "source_url": "https://www.ufone.com/5g/",
        "retrieved_at": "2026-08-07",
        "accuracy_note": "Geocoded from provider data",
        "altitude_m": null
      }
    },
    {
      "type": "Feature",
      "id": "pk-5g-lhe-06-egerton-road-exchange",
      "geometry": {
        "type": "Point",
        "coordinates": [
          74.33016,
          31.56122
        ]
      },
      "properties": {
        "site_uid": "pk-5g-lhe-06-egerton-road-exchange",
        "provider": "Ufone / Onic",
        "source_index": 6,
        "site_name_source": "Egerton Road Exchange",
        "display_name": "Egerton Road, Lahore",
        "city_source": "Lahore",
        "geometry_type": "Point",
        "record_kind": "provider_published_5g_site",
        "is_named": true,
        "duplicate_coordinate_group": "",
        "source_dataset": "Ufone(Onic) Official Sites",
        "source_url": "https://www.ufone.com/5g/",
        "retrieved_at": "2026-08-07",
        "accuracy_note": "Geocoded from provider data",
        "altitude_m": null
      }
    },
    {
      "type": "Feature",
      "id": "pk-5g-lhe-07-garden-nursery-club-road-gor-1",
      "geometry": {
        "type": "Point",
        "coordinates": [
          74.3405,
          31.5555
        ]
      },
      "properties": {
        "site_uid": "pk-5g-lhe-07-garden-nursery-club-road-gor-1",
        "provider": "Ufone / Onic",
        "source_index": 7,
        "site_name_source": "Garden Nursery, Club Road, GOR 1",
        "display_name": "Garden Nursery / Club Road, GOR-I, Lahore",
        "city_source": "Lahore",
        "geometry_type": "Point",
        "record_kind": "provider_published_5g_site",
        "is_named": true,
        "duplicate_coordinate_group": "",
        "source_dataset": "Ufone(Onic) Official Sites",
        "source_url": "https://www.ufone.com/5g/",
        "retrieved_at": "2026-08-07",
        "accuracy_note": "Geocoded from provider data",
        "altitude_m": null
      }
    },
    {
      "type": "Feature",
      "id": "pk-5g-lhe-08-cooper-road",
      "geometry": {
        "type": "Point",
        "coordinates": [
          74.3255,
          31.5585
        ]
      },
      "properties": {
        "site_uid": "pk-5g-lhe-08-cooper-road",
        "provider": "Ufone / Onic",
        "source_index": 8,
        "site_name_source": "Cooper Road",
        "display_name": "Cooper Road, Lahore",
        "city_source": "Lahore",
        "geometry_type": "Point",
        "record_kind": "provider_published_5g_site",
        "is_named": true,
        "duplicate_coordinate_group": "",
        "source_dataset": "Ufone(Onic) Official Sites",
        "source_url": "https://www.ufone.com/5g/",
        "retrieved_at": "2026-08-07",
        "accuracy_note": "Geocoded from provider data",
        "altitude_m": null
      }
    },
    {
      "type": "Feature",
      "id": "pk-5g-lhe-09-barkat-market",
      "geometry": {
        "type": "Point",
        "coordinates": [
          74.3455,
          31.5055
        ]
      },
      "properties": {
        "site_uid": "pk-5g-lhe-09-barkat-market",
        "provider": "Ufone / Onic",
        "source_index": 9,
        "site_name_source": "Barkat Market",
        "display_name": "Barkat Market, Garden Town, Lahore",
        "city_source": "Lahore",
        "geometry_type": "Point",
        "record_kind": "provider_published_5g_site",
        "is_named": true,
        "duplicate_coordinate_group": "",
        "source_dataset": "Ufone(Onic) Official Sites",
        "source_url": "https://www.ufone.com/5g/",
        "retrieved_at": "2026-08-07",
        "accuracy_note": "Geocoded from provider data",
        "altitude_m": null
      }
    },
    {
      "type": "Feature",
      "id": "pk-5g-lhe-10-fortress-stadium-lahore-cantt",
      "geometry": {
        "type": "Point",
        "coordinates": [
          74.310376,
          31.547154
        ]
      },
      "properties": {
        "site_uid": "pk-5g-lhe-10-fortress-stadium-lahore-cantt",
        "provider": "Ufone / Onic",
        "source_index": 10,
        "site_name_source": "Fortress Stadium, Lahore Cantt",
        "display_name": "MMeSTORE Forttress Cantt (electronics store), block, LG shop, fortress stadium Street 10a, Bagh Gul Begum Gor 2, Lahore, 54000, Pakistan",
        "city_source": "Lahore",
        "geometry_type": "Point",
        "record_kind": "provider_published_5g_site",
        "is_named": true,
        "duplicate_coordinate_group": "",
        "source_dataset": "Ufone(Onic) Official Sites",
        "source_url": "https://www.ufone.com/5g/",
        "retrieved_at": "2026-08-07",
        "accuracy_note": "Geocoded from provider data",
        "altitude_m": null
      }
    },
    {
      "type": "Feature",
      "id": "pk-5g-lhe-11-railway-station-behind-qila-gujjar-singh-tehsil-",
      "geometry": {
        "type": "Point",
        "coordinates": [
          74.336104,
          31.576979
        ]
      },
      "properties": {
        "site_uid": "pk-5g-lhe-11-railway-station-behind-qila-gujjar-singh-tehsil-",
        "provider": "Ufone / Onic",
        "source_index": 11,
        "site_name_source": "Railway Station, Behind Qila Gujjar Singh, Tehsil Cantt",
        "display_name": "Railway Station Lahore, H8HP+3CM Lahore Junction, Swami Nagar, Lahore, Pakistan",
        "city_source": "Lahore",
        "geometry_type": "Point",
        "record_kind": "provider_published_5g_site",
        "is_named": true,
        "duplicate_coordinate_group": "",
        "source_dataset": "Ufone(Onic) Official Sites",
        "source_url": "https://www.ufone.com/5g/",
        "retrieved_at": "2026-08-07",
        "accuracy_note": "Geocoded from provider data",
        "altitude_m": null
      }
    },
    {
      "type": "Feature",
      "id": "pk-5g-lhe-12-lahore-airport",
      "geometry": {
        "type": "Point",
        "coordinates": [
          74.4036,
          31.5216
        ]
      },
      "properties": {
        "site_uid": "pk-5g-lhe-12-lahore-airport",
        "provider": "Ufone / Onic",
        "source_index": 12,
        "site_name_source": "Lahore Airport",
        "display_name": "Allama Iqbal International Airport, Lahore",
        "city_source": "Lahore",
        "geometry_type": "Point",
        "record_kind": "provider_published_5g_site",
        "is_named": true,
        "duplicate_coordinate_group": "",
        "source_dataset": "Ufone(Onic) Official Sites",
        "source_url": "https://www.ufone.com/5g/",
        "retrieved_at": "2026-08-07",
        "accuracy_note": "Geocoded from provider data",
        "altitude_m": null
      }
    },
    {
      "type": "Feature",
      "id": "pk-5g-lhe-13-commercial-market-y-block-phase-3-dha",
      "geometry": {
        "type": "Point",
        "coordinates": [
          74.3855,
          31.4755
        ]
      },
      "properties": {
        "site_uid": "pk-5g-lhe-13-commercial-market-y-block-phase-3-dha",
        "provider": "Ufone / Onic",
        "source_index": 13,
        "site_name_source": "Commercial Market, Y Block, Phase 3, DHA",
        "display_name": "Y Block Commercial Market, DHA Phase 3, Lahore",
        "city_source": "Lahore",
        "geometry_type": "Point",
        "record_kind": "provider_published_5g_site",
        "is_named": true,
        "duplicate_coordinate_group": "",
        "source_dataset": "Ufone(Onic) Official Sites",
        "source_url": "https://www.ufone.com/5g/",
        "retrieved_at": "2026-08-07",
        "accuracy_note": "Geocoded from provider data",
        "altitude_m": null
      }
    },
    {
      "type": "Feature",
      "id": "pk-5g-lhe-14-badami-bagh",
      "geometry": {
        "type": "Point",
        "coordinates": [
          74.320621,
          31.601849
        ]
      },
      "properties": {
        "site_uid": "pk-5g-lhe-14-badami-bagh",
        "provider": "Ufone / Onic",
        "source_index": 14,
        "site_name_source": "Badami Bagh",
        "display_name": "Badami Bagh, Lahore, Pakistan",
        "city_source": "Lahore",
        "geometry_type": "Point",
        "record_kind": "provider_published_5g_site",
        "is_named": true,
        "duplicate_coordinate_group": "",
        "source_dataset": "Ufone(Onic) Official Sites",
        "source_url": "https://www.ufone.com/5g/",
        "retrieved_at": "2026-08-07",
        "accuracy_note": "Geocoded from provider data",
        "altitude_m": null
      }
    },
    {
      "type": "Feature",
      "id": "pk-5g-lhe-15-iqbal-park-near-badami-bagh",
      "geometry": {
        "type": "Point",
        "coordinates": [
          74.313677,
          31.597047
        ]
      },
      "properties": {
        "site_uid": "pk-5g-lhe-15-iqbal-park-near-badami-bagh",
        "provider": "Ufone / Onic",
        "source_index": 15,
        "site_name_source": "Iqbal Park, Near Badami Bagh",
        "display_name": "H8W7+RF7 iqbal park sports complex, H8W7+RF7, Badami Bagh, Lahore, Pakistan",
        "city_source": "Lahore",
        "geometry_type": "Point",
        "record_kind": "provider_published_5g_site",
        "is_named": true,
        "duplicate_coordinate_group": "",
        "source_dataset": "Ufone(Onic) Official Sites",
        "source_url": "https://www.ufone.com/5g/",
        "retrieved_at": "2026-08-07",
        "accuracy_note": "Geocoded from provider data",
        "altitude_m": null
      }
    },
    {
      "type": "Feature",
      "id": "pk-5g-lhe-16-lawrance-garden-lawrence-road",
      "geometry": {
        "type": "Point",
        "coordinates": [
          74.33323,
          31.555131
        ]
      },
      "properties": {
        "site_uid": "pk-5g-lhe-16-lawrance-garden-lawrence-road",
        "provider": "Ufone / Onic",
        "source_index": 16,
        "site_name_source": "Lawrance Garden, Lawrence Road",
        "display_name": "Lawrence garden, H84M+375, Shahrah-e-Quaid-e-Azam, Garhi Shahu, Lahore, 54000, Pakistan",
        "city_source": "Lahore",
        "geometry_type": "Point",
        "record_kind": "provider_published_5g_site",
        "is_named": true,
        "duplicate_coordinate_group": "",
        "source_dataset": "Ufone(Onic) Official Sites",
        "source_url": "https://www.ufone.com/5g/",
        "retrieved_at": "2026-08-07",
        "accuracy_note": "Geocoded from provider data",
        "altitude_m": null
      }
    },
    {
      "type": "Feature",
      "id": "pk-5g-lhe-17-texali-gate-near-shahi-qila-road-near-food-stree",
      "geometry": {
        "type": "Point",
        "coordinates": [
          74.309825,
          31.585882
        ]
      },
      "properties": {
        "site_uid": "pk-5g-lhe-17-texali-gate-near-shahi-qila-road-near-food-stree",
        "provider": "Ufone / Onic",
        "source_index": 17,
        "site_name_source": "Texali Gate, Near Shahi Qila Road, Near Food Street",
        "display_name": "AJMAIR CHAPPAL STORE, SHOP#A/6, AJMAIR CHAPPAL STORE, inside Taxali Gate Road, Tibbi Mohalla Shahi Mohallah Punjab, Lahore, 54000, Pakistan",
        "city_source": "Lahore",
        "geometry_type": "Point",
        "record_kind": "provider_published_5g_site",
        "is_named": true,
        "duplicate_coordinate_group": "",
        "source_dataset": "Ufone(Onic) Official Sites",
        "source_url": "https://www.ufone.com/5g/",
        "retrieved_at": "2026-08-07",
        "accuracy_note": "Geocoded from provider data",
        "altitude_m": null
      }
    },
    {
      "type": "Feature",
      "id": "pk-5g-lhe-18-sector-z1-dha-phase-7",
      "geometry": {
        "type": "Point",
        "coordinates": [
          74.4255,
          31.4555
        ]
      },
      "properties": {
        "site_uid": "pk-5g-lhe-18-sector-z1-dha-phase-7",
        "provider": "Ufone / Onic",
        "source_index": 18,
        "site_name_source": "Sector Z1, DHA Phase 7",
        "display_name": "Sector Z1, DHA Phase 7, Lahore",
        "city_source": "Lahore",
        "geometry_type": "Point",
        "record_kind": "provider_published_5g_site",
        "is_named": true,
        "duplicate_coordinate_group": "",
        "source_dataset": "Ufone(Onic) Official Sites",
        "source_url": "https://www.ufone.com/5g/",
        "retrieved_at": "2026-08-07",
        "accuracy_note": "Geocoded from provider data",
        "altitude_m": null
      }
    },
    {
      "type": "Feature",
      "id": "pk-5g-lhe-19-sector-g-dha-phase-6",
      "geometry": {
        "type": "Point",
        "coordinates": [
          74.4155,
          31.4655
        ]
      },
      "properties": {
        "site_uid": "pk-5g-lhe-19-sector-g-dha-phase-6",
        "provider": "Ufone / Onic",
        "source_index": 19,
        "site_name_source": "Sector-G, DHA Phase-6",
        "display_name": "Sector G, DHA Phase 6, Lahore",
        "city_source": "Lahore",
        "geometry_type": "Point",
        "record_kind": "provider_published_5g_site",
        "is_named": true,
        "duplicate_coordinate_group": "",
        "source_dataset": "Ufone(Onic) Official Sites",
        "source_url": "https://www.ufone.com/5g/",
        "retrieved_at": "2026-08-07",
        "accuracy_note": "Geocoded from provider data",
        "altitude_m": null
      }
    },
    {
      "type": "Feature",
      "id": "pk-5g-lhe-20-sector-l-dha-phase-6",
      "geometry": {
        "type": "Point",
        "coordinates": [
          74.4205,
          31.4625
        ]
      },
      "properties": {
        "site_uid": "pk-5g-lhe-20-sector-l-dha-phase-6",
        "provider": "Ufone / Onic",
        "source_index": 20,
        "site_name_source": "Sector-L, DHA Phase-6",
        "display_name": "Sector L, DHA Phase 6, Lahore",
        "city_source": "Lahore",
        "geometry_type": "Point",
        "record_kind": "provider_published_5g_site",
        "is_named": true,
        "duplicate_coordinate_group": "",
        "source_dataset": "Ufone(Onic) Official Sites",
        "source_url": "https://www.ufone.com/5g/",
        "retrieved_at": "2026-08-07",
        "accuracy_note": "Geocoded from provider data",
        "altitude_m": null
      }
    },
    {
      "type": "Feature",
      "id": "pk-5g-lhe-21-ejaz-center-opposite-hafeez-center-khayabaan-roa",
      "geometry": {
        "type": "Point",
        "coordinates": [
          74.297601,
          31.530167
        ]
      },
      "properties": {
        "site_uid": "pk-5g-lhe-21-ejaz-center-opposite-hafeez-center-khayabaan-roa",
        "provider": "Ufone / Onic",
        "source_index": 21,
        "site_name_source": "Ejaz Center, Opposite Hafeez Center, Khayabaan Road, Gulberg III",
        "display_name": "Ejaz Shopping Centre Islam road Pakki Thathi Samanabad Lahore., Ejaz shopping centre, Islam Road, Samanabad Town, Lahore, 54000, Pakistan",
        "city_source": "Lahore",
        "geometry_type": "Point",
        "record_kind": "provider_published_5g_site",
        "is_named": true,
        "duplicate_coordinate_group": "",
        "source_dataset": "Ufone(Onic) Official Sites",
        "source_url": "https://www.ufone.com/5g/",
        "retrieved_at": "2026-08-07",
        "accuracy_note": "Geocoded from provider data",
        "altitude_m": null
      }
    },
    {
      "type": "Feature",
      "id": "pk-5g-lhe-22-hussain-chowk-liberty",
      "geometry": {
        "type": "Point",
        "coordinates": [
          74.3455,
          31.5205
        ]
      },
      "properties": {
        "site_uid": "pk-5g-lhe-22-hussain-chowk-liberty",
        "provider": "Ufone / Onic",
        "source_index": 22,
        "site_name_source": "Hussain Chowk, Liberty",
        "display_name": "Hussain Chowk, Liberty Market, Gulberg, Lahore",
        "city_source": "Lahore",
        "geometry_type": "Point",
        "record_kind": "provider_published_5g_site",
        "is_named": true,
        "duplicate_coordinate_group": "",
        "source_dataset": "Ufone(Onic) Official Sites",
        "source_url": "https://www.ufone.com/5g/",
        "retrieved_at": "2026-08-07",
        "accuracy_note": "Geocoded from provider data",
        "altitude_m": null
      }
    },
    {
      "type": "Feature",
      "id": "pk-5g-lhe-23-bagh-munshi-ladha-kacha-ravi-road",
      "geometry": {
        "type": "Point",
        "coordinates": [
          74.304474,
          31.58805
        ]
      },
      "properties": {
        "site_uid": "pk-5g-lhe-23-bagh-munshi-ladha-kacha-ravi-road",
        "provider": "Ufone / Onic",
        "source_index": 23,
        "site_name_source": "Bagh Munshi Ladha, Kacha Ravi Road",
        "display_name": "GGHS Bagh Munshi Ladha, H8Q3+6Q9, Data Gunj Buksh Town, Lahore, Pakistan",
        "city_source": "Lahore",
        "geometry_type": "Point",
        "record_kind": "provider_published_5g_site",
        "is_named": true,
        "duplicate_coordinate_group": "",
        "source_dataset": "Ufone(Onic) Official Sites",
        "source_url": "https://www.ufone.com/5g/",
        "retrieved_at": "2026-08-07",
        "accuracy_note": "Geocoded from provider data",
        "altitude_m": null
      }
    },
    {
      "type": "Feature",
      "id": "pk-5g-lhe-24-block-h-phase-1-dha",
      "geometry": {
        "type": "Point",
        "coordinates": [
          74.354821,
          31.544352
        ]
      },
      "properties": {
        "site_uid": "pk-5g-lhe-24-block-h-phase-1-dha",
        "provider": "Ufone / Onic",
        "source_index": 24,
        "site_name_source": "Block H, Phase 1, DHA",
        "display_name": "H Block Market, 153-H Block, 152 Street N, Comercial Zone Phase 1 Dha, Lahore, Pakistan",
        "city_source": "Lahore",
        "geometry_type": "Point",
        "record_kind": "provider_published_5g_site",
        "is_named": true,
        "duplicate_coordinate_group": "",
        "source_dataset": "Ufone(Onic) Official Sites",
        "source_url": "https://www.ufone.com/5g/",
        "retrieved_at": "2026-08-07",
        "accuracy_note": "Geocoded from provider data",
        "altitude_m": null
      }
    },
    {
      "type": "Feature",
      "id": "pk-5g-lhe-25-qurban-lines-near-cantt-railway-station",
      "geometry": {
        "type": "Point",
        "coordinates": [
          74.3705,
          31.5205
        ]
      },
      "properties": {
        "site_uid": "pk-5g-lhe-25-qurban-lines-near-cantt-railway-station",
        "provider": "Ufone / Onic",
        "source_index": 25,
        "site_name_source": "Qurban Lines, Near Cantt Railway Station",
        "display_name": "Qurban Lines near Cantt Railway Station, Lahore",
        "city_source": "Lahore",
        "geometry_type": "Point",
        "record_kind": "provider_published_5g_site",
        "is_named": true,
        "duplicate_coordinate_group": "",
        "source_dataset": "Ufone(Onic) Official Sites",
        "source_url": "https://www.ufone.com/5g/",
        "retrieved_at": "2026-08-07",
        "accuracy_note": "Geocoded from provider data",
        "altitude_m": null
      }
    },
    {
      "type": "Feature",
      "id": "pk-5g-lhe-26-anarkali-chowk",
      "geometry": {
        "type": "Point",
        "coordinates": [
          74.311226,
          31.570211
        ]
      },
      "properties": {
        "site_uid": "pk-5g-lhe-26-anarkali-chowk",
        "provider": "Ufone / Onic",
        "source_index": 26,
        "site_name_source": "Anarkali Chowk",
        "display_name": "Anarkali Chowk, H8C6+3FQ, New Anarkali Road, Anarkali Bazaar Lahore, 54000, Pakistan",
        "city_source": "Lahore",
        "geometry_type": "Point",
        "record_kind": "provider_published_5g_site",
        "is_named": true,
        "duplicate_coordinate_group": "",
        "source_dataset": "Ufone(Onic) Official Sites",
        "source_url": "https://www.ufone.com/5g/",
        "retrieved_at": "2026-08-07",
        "accuracy_note": "Geocoded from provider data",
        "altitude_m": null
      }
    },
    {
      "type": "Feature",
      "id": "pk-5g-lhe-27-commercial-area-dha-phase-v",
      "geometry": {
        "type": "Point",
        "coordinates": [
          74.439099,
          31.468784
        ]
      },
      "properties": {
        "site_uid": "pk-5g-lhe-27-commercial-area-dha-phase-v",
        "provider": "Ufone / Onic",
        "source_index": 27,
        "site_name_source": "Commercial Area, DHA Phase V",
        "display_name": "Daneen Estate, 7-A Commercial Area 3rd Floor, Sector A, Phase 6 DHA, Avenue 4, DHA phase 6, Lahore, لاہور, تحصیل لاہور کنٹونمنٹ, ضلع لاہور, لاہور ڈویژن, پنجاب, 54000, پاکستان",
        "city_source": "Lahore",
        "geometry_type": "Point",
        "record_kind": "provider_published_5g_site",
        "is_named": true,
        "duplicate_coordinate_group": "",
        "source_dataset": "Ufone(Onic) Official Sites",
        "source_url": "https://www.ufone.com/5g/",
        "retrieved_at": "2026-08-07",
        "accuracy_note": "Geocoded from provider data",
        "altitude_m": null
      }
    },
    {
      "type": "Feature",
      "id": "pk-5g-rwp-01-main-commercial-market-chaklala-scheme-iii",
      "geometry": {
        "type": "Point",
        "coordinates": [
          73.070498,
          33.635706
        ]
      },
      "properties": {
        "site_uid": "pk-5g-rwp-01-main-commercial-market-chaklala-scheme-iii",
        "provider": "Ufone / Onic",
        "source_index": 1,
        "site_name_source": "Main Commercial Market, Chaklala Scheme-III",
        "display_name": "Commercial Market Rd, Satellite Town, Rawalpindi, Pakistan",
        "city_source": "Rawalpindi",
        "geometry_type": "Point",
        "record_kind": "provider_published_5g_site",
        "is_named": true,
        "duplicate_coordinate_group": "",
        "source_dataset": "Ufone(Onic) Official Sites",
        "source_url": "https://www.ufone.com/5g/",
        "retrieved_at": "2026-08-07",
        "accuracy_note": "Geocoded from provider data",
        "altitude_m": null
      }
    },
    {
      "type": "Feature",
      "id": "pk-5g-rwp-02-saeed-plaza-commercial-market",
      "geometry": {
        "type": "Point",
        "coordinates": [
          73.055083,
          33.596999
        ]
      },
      "properties": {
        "site_uid": "pk-5g-rwp-02-saeed-plaza-commercial-market",
        "provider": "Ufone / Onic",
        "source_index": 2,
        "site_name_source": "Saeed Plaza, Commercial Market",
        "display_name": "Saeed Plaza, Saeed Plaza, Saadi Rd, Saddar, Saadi Rd, Saddar, Rawalpindi, 46000, Pakistan",
        "city_source": "Rawalpindi",
        "geometry_type": "Point",
        "record_kind": "provider_published_5g_site",
        "is_named": true,
        "duplicate_coordinate_group": "",
        "source_dataset": "Ufone(Onic) Official Sites",
        "source_url": "https://www.ufone.com/5g/",
        "retrieved_at": "2026-08-07",
        "accuracy_note": "Geocoded from provider data",
        "altitude_m": null
      }
    },
    {
      "type": "Feature",
      "id": "pk-5g-rwp-03-rizwan-arcade-adam-jee-road-saddar-rawalpindi-ca",
      "geometry": {
        "type": "Point",
        "coordinates": [
          73.055907,
          33.59532
        ]
      },
      "properties": {
        "site_uid": "pk-5g-rwp-03-rizwan-arcade-adam-jee-road-saddar-rawalpindi-ca",
        "provider": "Ufone / Onic",
        "source_index": 3,
        "site_name_source": "Rizwan Arcade, Adam Jee Road, Saddar, Rawalpindi Cantt",
        "display_name": "Rizwan Arcade, Office no 7, 1st Floor, Rizwan Arcade, Adam Jee Rd, Saddar, Rawalpindi, 46000, Pakistan",
        "city_source": "Rawalpindi",
        "geometry_type": "Point",
        "record_kind": "provider_published_5g_site",
        "is_named": true,
        "duplicate_coordinate_group": "",
        "source_dataset": "Ufone(Onic) Official Sites",
        "source_url": "https://www.ufone.com/5g/",
        "retrieved_at": "2026-08-07",
        "accuracy_note": "Geocoded from provider data",
        "altitude_m": null
      }
    },
    {
      "type": "Feature",
      "id": "pk-5g-rwp-04-cantt-exchange",
      "geometry": {
        "type": "Point",
        "coordinates": [
          73.0485,
          33.5925
        ]
      },
      "properties": {
        "site_uid": "pk-5g-rwp-04-cantt-exchange",
        "provider": "Ufone / Onic",
        "source_index": 4,
        "site_name_source": "Cantt Exchange",
        "display_name": "Cantt Telephone Exchange, Rawalpindi",
        "city_source": "Rawalpindi",
        "geometry_type": "Point",
        "record_kind": "provider_published_5g_site",
        "is_named": true,
        "duplicate_coordinate_group": "",
        "source_dataset": "Ufone(Onic) Official Sites",
        "source_url": "https://www.ufone.com/5g/",
        "retrieved_at": "2026-08-07",
        "accuracy_note": "Geocoded from provider data",
        "altitude_m": null
      }
    },
    {
      "type": "Feature",
      "id": "pk-5g-rwp-05-baharia-town-exchange",
      "geometry": {
        "type": "Point",
        "coordinates": [
          73.1255,
          33.5405
        ]
      },
      "properties": {
        "site_uid": "pk-5g-rwp-05-baharia-town-exchange",
        "provider": "Ufone / Onic",
        "source_index": 5,
        "site_name_source": "Baharia Town Exchange",
        "display_name": "Bahria Town / Bahria Town Exchange area, Rawalpindi",
        "city_source": "Rawalpindi",
        "geometry_type": "Point",
        "record_kind": "provider_published_5g_site",
        "is_named": true,
        "duplicate_coordinate_group": "",
        "source_dataset": "Ufone(Onic) Official Sites",
        "source_url": "https://www.ufone.com/5g/",
        "retrieved_at": "2026-08-07",
        "accuracy_note": "Geocoded from provider data",
        "altitude_m": null
      }
    },
    {
      "type": "Feature",
      "id": "pk-5g-rwp-06-chandni-chowk",
      "geometry": {
        "type": "Point",
        "coordinates": [
          73.073604,
          33.632396
        ]
      },
      "properties": {
        "site_uid": "pk-5g-rwp-06-chandni-chowk",
        "provider": "Ufone / Onic",
        "source_index": 6,
        "site_name_source": "Chandni Chowk",
        "display_name": "Chandni Chowk Rawalpindi, Chandni chowk Murree Rd, C Block Block C Satellite Town, Rawalpindi, Pakistan",
        "city_source": "Rawalpindi",
        "geometry_type": "Point",
        "record_kind": "provider_published_5g_site",
        "is_named": true,
        "duplicate_coordinate_group": "",
        "source_dataset": "Ufone(Onic) Official Sites",
        "source_url": "https://www.ufone.com/5g/",
        "retrieved_at": "2026-08-07",
        "accuracy_note": "Geocoded from provider data",
        "altitude_m": null
      }
    },
    {
      "type": "Feature",
      "id": "pk-5g-rwp-07-gulshan-daden-kahan",
      "geometry": {
        "type": "Point",
        "coordinates": [
          73.0655,
          33.6155
        ]
      },
      "properties": {
        "site_uid": "pk-5g-rwp-07-gulshan-daden-kahan",
        "provider": "Ufone / Onic",
        "source_index": 7,
        "site_name_source": "Gulshan Daden Kahan",
        "display_name": "Gulshan Dadan Khan, Rawalpindi",
        "city_source": "Rawalpindi",
        "geometry_type": "Point",
        "record_kind": "provider_published_5g_site",
        "is_named": true,
        "duplicate_coordinate_group": "",
        "source_dataset": "Ufone(Onic) Official Sites",
        "source_url": "https://www.ufone.com/5g/",
        "retrieved_at": "2026-08-07",
        "accuracy_note": "Geocoded from provider data",
        "altitude_m": null
      }
    },
    {
      "type": "Feature",
      "id": "pk-5g-rwp-08-faizabad",
      "geometry": {
        "type": "Point",
        "coordinates": [
          73.0755,
          33.6605
        ]
      },
      "properties": {
        "site_uid": "pk-5g-rwp-08-faizabad",
        "provider": "Ufone / Onic",
        "source_index": 8,
        "site_name_source": "Faizabad",
        "display_name": "Faizabad Interchange, Rawalpindi/Islamabad",
        "city_source": "Rawalpindi",
        "geometry_type": "Point",
        "record_kind": "provider_published_5g_site",
        "is_named": true,
        "duplicate_coordinate_group": "",
        "source_dataset": "Ufone(Onic) Official Sites",
        "source_url": "https://www.ufone.com/5g/",
        "retrieved_at": "2026-08-07",
        "accuracy_note": "Geocoded from provider data",
        "altitude_m": null
      }
    }
  ]
}